container_id,trade,cargo_category,cargo_type,terminal,month,day_of_week,is_weekend,is_holiday,is_monsoon,customs_exam,vessel_queue,dwell_hours
TUTU8557733,Import,Machinery,ODC,DBGT,6,6,1,0,0,1,0.826,115.8
TUTU6794785,Export,Machinery,ODC,PSA_SICAL,6,5,1,0,0,0,0.838,63.4
TUTU5919124,Import,Chemicals,Hazardous,DBGT,9,2,0,0,0,0,0.802,79.9
TUTU9707586,Import,Chemicals,Hazardous,PSA_SICAL,2,2,0,0,0,0,0.876,89.2
TUTU9082787,Export,Sugar,Dry,PSA_SICAL,12,3,0,0,1,0,0.787,47.4
TUTU2799173,Import,Coal,Dry,DBGT,4,5,1,1,0,0,0.747,97.5
TUTU1815097,Import,Coal,Dry,PSA_SICAL,3,0,0,0,0,0,0.803,73.0
TUTU4930456,Export,Seafood,Reefer,DBGT,7,2,0,0,0,0,0.763,22.0
TUTU1955283,Export,Sugar,Dry,PSA_SICAL,2,3,0,0,0,0,0.843,44.5
TUTU2451445,Import,Machinery,ODC,DBGT,2,5,1,0,0,1,0.853,115.6
TUTU3371723,Import,Timber,Dry,DBGT,12,0,0,0,1,0,0.775,89.8
TUTU3450173,Import,Machinery,ODC,PSA_SICAL,10,5,1,0,1,0,0.734,98.3
TUTU7817390,Export,Machinery,ODC,DBGT,1,5,1,0,0,0,0.9,72.9
TUTU3968750,Export,Granite,Dry,PSA_SICAL,5,1,0,0,0,1,0.788,70.7
TUTU4970512,Export,Salt,Dry,DBGT,4,0,0,0,0,0,0.862,68.8
TUTU3402780,Import,Machinery,ODC,PSA_SICAL,12,5,1,0,1,0,0.813,106.4
TUTU6531784,Export,Salt,Dry,DBGT,4,0,0,0,0,0,0.908,60.0
TUTU5993671,Export,Seafood,Reefer,DBGT,11,0,0,0,1,0,0.775,25.1
TUTU8610783,Export,Seafood,Reefer,PSA_SICAL,12,6,1,0,1,1,0.756,81.3
TUTU3843361,Import,Machinery,ODC,PSA_SICAL,11,3,0,0,1,0,0.841,101.9
TUTU3524577,Import,Timber,Dry,PSA_SICAL,1,0,0,0,0,1,0.893,119.8
TUTU5506670,Import,Seafood,Reefer,PSA_SICAL,4,3,0,0,0,1,0.825,71.6
TUTU9758083,Export,Sugar,Dry,DBGT,10,4,0,0,1,0,0.754,45.4
TUTU9600608,Export,Sugar,Dry,PSA_SICAL,4,2,0,0,0,0,0.832,40.7
TUTU6972051,Export,Granite,Dry,DBGT,1,6,1,0,0,0,0.747,50.3
TUTU3093766,Import,Chemicals,Hazardous,DBGT,2,3,0,0,0,0,0.931,98.9
TUTU5278788,Import,EdibleOil,LiquidBulk,DBGT,4,3,0,0,0,0,0.912,88.9
TUTU3793011,Export,Textiles,Dry,PSA_SICAL,8,2,0,0,0,0,0.801,36.5
TUTU7624119,Export,Seafood,Reefer,DBGT,3,1,0,0,0,0,0.828,25.2
TUTU2633485,Import,Coal,Dry,PSA_SICAL,11,3,0,0,1,0,0.839,92.5
TUTU6650374,Import,Coal,Dry,DBGT,5,6,1,0,0,0,0.764,78.2
TUTU5824611,Import,Coal,Dry,PSA_SICAL,8,5,1,0,0,0,0.808,78.4
TUTU3119015,Export,Granite,Dry,PSA_SICAL,2,2,0,0,0,0,0.804,39.6
TUTU5328193,Import,Seafood,Reefer,DBGT,4,5,1,0,0,0,0.842,55.8
TUTU6596846,Import,Timber,Dry,DBGT,3,5,1,0,0,0,0.824,79.0
TUTU2236671,Export,Electronics,Dry,PSA_SICAL,9,5,1,0,0,0,0.852,51.6
TUTU7549738,Export,Salt,Dry,PSA_SICAL,1,0,0,0,0,1,0.85,76.3
TUTU6396340,Import,Machinery,ODC,PSA_SICAL,10,1,0,0,1,1,0.894,153.4
TUTU9651678,Import,Chemicals,Hazardous,PSA_SICAL,9,2,0,0,0,0,0.777,77.5
TUTU4449878,Import,Machinery,ODC,DBGT,2,5,1,0,0,0,0.83,83.8
TUTU5900589,Import,Chemicals,Hazardous,DBGT,11,6,1,0,1,0,0.72,104.4
TUTU3658230,Export,Textiles,Dry,PSA_SICAL,1,3,0,0,0,0,0.846,44.6
TUTU7126552,Import,EdibleOil,LiquidBulk,DBGT,9,1,0,0,0,1,0.787,105.3
TUTU2287196,Export,Seafood,Reefer,DBGT,11,3,0,0,1,0,0.846,31.5
TUTU8615150,Export,Salt,Dry,PSA_SICAL,12,5,1,0,1,0,0.857,66.3
TUTU2816038,Import,Coal,Dry,DBGT,9,3,0,0,0,0,0.825,72.6
TUTU2972221,Import,Coal,Dry,DBGT,1,1,0,0,0,0,0.84,79.0
TUTU1825488,Import,Coal,Dry,PSA_SICAL,11,2,0,0,1,0,0.841,97.3
TUTU7217876,Export,Electronics,Dry,DBGT,7,2,0,0,0,0,0.876,51.2
TUTU2206851,Export,Seafood,Reefer,PSA_SICAL,5,6,1,0,0,0,0.837,33.5
TUTU4157818,Export,Seafood,Reefer,PSA_SICAL,12,4,0,0,1,1,0.917,80.8
TUTU6871896,Import,Electronics,Dry,PSA_SICAL,7,4,0,0,0,0,0.763,77.7
TUTU4455334,Export,Sugar,Dry,PSA_SICAL,7,6,1,0,0,0,0.781,38.3
TUTU8577938,Export,Seafood,Reefer,PSA_SICAL,6,6,1,0,0,0,0.805,19.2
TUTU1689494,Export,Textiles,Dry,DBGT,9,5,1,0,0,1,0.745,71.5
TUTU7188984,Import,Timber,Dry,DBGT,12,5,1,0,1,0,0.816,90.0
TUTU8586524,Export,Seafood,Reefer,DBGT,6,5,1,0,0,0,0.887,43.9
TUTU4904010,Export,Textiles,Dry,PSA_SICAL,5,0,0,0,0,1,0.798,66.0
TUTU4661261,Export,Granite,Dry,PSA_SICAL,12,4,0,0,1,1,0.779,90.6
TUTU4299475,Import,Coal,Dry,DBGT,9,5,1,0,0,0,0.848,97.5
TUTU9983853,Export,Machinery,ODC,PSA_SICAL,4,4,0,0,0,0,0.794,51.7
TUTU4049700,Import,Coal,Dry,DBGT,12,0,0,0,1,1,0.847,132.3
TUTU5635709,Export,Seafood,Reefer,DBGT,3,4,0,0,0,0,0.882,36.3
TUTU8801212,Import,Chemicals,Hazardous,PSA_SICAL,9,3,0,0,0,0,0.778,86.5
TUTU8875045,Import,Timber,Dry,PSA_SICAL,10,5,1,0,1,0,0.756,90.8
TUTU4704183,Export,Electronics,Dry,PSA_SICAL,12,1,0,0,1,1,0.788,89.3
TUTU4540928,Export,Granite,Dry,DBGT,12,0,0,0,1,0,0.842,56.3
TUTU6597079,Export,Seafood,Reefer,PSA_SICAL,10,0,0,0,1,1,0.789,60.9
TUTU2030979,Import,Chemicals,Hazardous,DBGT,4,1,0,0,0,0,0.8,77.0
TUTU1763304,Import,Coal,Dry,DBGT,4,4,0,0,0,0,0.923,90.9
TUTU1927161,Export,Salt,Dry,PSA_SICAL,3,6,1,0,0,0,0.8,40.0
TUTU1159019,Export,Seafood,Reefer,PSA_SICAL,5,3,0,0,0,0,0.804,20.6
TUTU6579013,Export,Seafood,Reefer,DBGT,5,6,1,0,0,0,0.794,30.1
TUTU3902430,Export,Seafood,Reefer,PSA_SICAL,8,2,0,0,0,0,0.841,26.8
TUTU3875045,Export,Granite,Dry,DBGT,12,6,1,0,1,0,0.798,57.8
TUTU5614588,Import,Seafood,Reefer,DBGT,2,5,1,0,0,1,0.779,67.2
TUTU5043499,Export,Granite,Dry,PSA_SICAL,4,3,0,0,0,1,0.817,72.2
TUTU4749486,Export,Granite,Dry,DBGT,3,1,0,1,0,1,0.819,94.1
TUTU4000172,Export,Granite,Dry,PSA_SICAL,7,5,1,0,0,0,0.706,43.6
TUTU1437123,Export,Electronics,Dry,PSA_SICAL,3,3,0,0,0,0,0.847,47.6
TUTU5445864,Export,Seafood,Reefer,PSA_SICAL,10,0,0,0,1,0,0.879,33.4
TUTU2464691,Import,Electronics,Dry,PSA_SICAL,1,3,0,0,0,0,0.805,73.0
TUTU8409482,Import,Timber,Dry,DBGT,9,5,1,0,0,0,0.882,87.7
TUTU1171307,Export,Granite,Dry,DBGT,1,2,0,0,0,0,0.906,62.1
TUTU5980224,Import,Coal,Dry,PSA_SICAL,10,1,0,0,1,1,0.755,127.3
TUTU9075718,Import,Coal,Dry,DBGT,12,4,0,0,1,0,0.812,87.4
TUTU2667226,Export,Sugar,Dry,PSA_SICAL,12,5,1,1,1,0,0.871,88.9
TUTU7531925,Export,Sugar,Dry,DBGT,7,3,0,0,0,0,0.804,38.0
TUTU3388469,Import,Electronics,Dry,PSA_SICAL,6,2,0,0,0,0,0.832,62.6
TUTU9213243,Export,Machinery,ODC,DBGT,3,6,1,0,0,0,0.821,58.9
TUTU1029211,Import,Chemicals,Hazardous,DBGT,7,5,1,0,0,1,0.782,114.1
TUTU9813020,Import,Coal,Dry,DBGT,3,1,0,0,0,0,0.827,100.2
TUTU3990335,Import,Machinery,ODC,PSA_SICAL,1,4,0,0,0,0,0.822,77.9
TUTU9594084,Import,Timber,Dry,DBGT,2,0,0,0,0,1,0.824,104.0
TUTU8952512,Export,Salt,Dry,PSA_SICAL,1,3,0,0,0,1,0.856,71.5
TUTU7883231,Export,Seafood,Reefer,DBGT,2,2,0,0,0,0,0.764,16.9
TUTU5089001,Export,Granite,Dry,DBGT,3,3,0,0,0,0,0.792,42.1
TUTU7616164,Import,Electronics,Dry,PSA_SICAL,2,3,0,0,0,0,0.825,72.9
TUTU2667086,Import,Coal,Dry,DBGT,3,6,1,0,0,0,0.782,76.0
TUTU8871175,Import,EdibleOil,LiquidBulk,PSA_SICAL,3,4,0,0,0,0,0.726,69.4
TUTU2642524,Import,Chemicals,Hazardous,PSA_SICAL,4,3,0,0,0,0,0.808,79.5
TUTU2472191,Export,Electronics,Dry,PSA_SICAL,12,1,0,0,1,0,0.867,59.9
TUTU4337889,Export,Salt,Dry,PSA_SICAL,1,3,0,0,0,0,0.673,29.5
TUTU4072483,Export,Machinery,ODC,DBGT,6,4,0,0,0,0,0.932,77.4
TUTU8180913,Export,Machinery,ODC,DBGT,7,3,0,0,0,1,0.807,87.4
TUTU4536346,Export,Salt,Dry,DBGT,2,3,0,0,0,0,0.875,45.8
TUTU7717624,Export,Electronics,Dry,DBGT,7,2,0,0,0,0,0.852,48.6
TUTU6939960,Import,Electronics,Dry,PSA_SICAL,9,5,1,0,0,0,0.886,80.4
TUTU8445103,Import,Machinery,ODC,PSA_SICAL,9,6,1,0,0,0,0.799,78.0
TUTU6966186,Import,Electronics,Dry,PSA_SICAL,2,5,1,1,0,0,0.795,86.7
TUTU5913702,Import,Coal,Dry,DBGT,11,1,0,0,1,0,0.836,97.6
TUTU3295962,Import,Electronics,Dry,DBGT,9,5,1,0,0,0,0.83,73.5
TUTU4984931,Export,Machinery,ODC,DBGT,12,4,0,0,1,0,0.772,68.2
TUTU9214045,Export,Seafood,Reefer,DBGT,8,2,0,0,0,0,0.758,20.4
TUTU6916943,Export,Granite,Dry,PSA_SICAL,9,1,0,0,0,0,0.842,57.0
TUTU1067563,Import,Coal,Dry,DBGT,10,2,0,0,1,0,0.816,88.3
TUTU9446017,Export,Electronics,Dry,DBGT,4,1,0,0,0,0,0.791,38.9
TUTU8963640,Import,Timber,Dry,DBGT,2,3,0,0,0,1,0.853,103.6
TUTU3884152,Export,Sugar,Dry,PSA_SICAL,10,4,0,0,1,0,0.899,69.2
TUTU1462772,Export,Granite,Dry,DBGT,4,1,0,0,0,0,0.752,48.4
TUTU3770791,Export,Sugar,Dry,PSA_SICAL,9,5,1,0,0,0,0.824,42.0
TUTU1004668,Export,Seafood,Reefer,PSA_SICAL,7,1,0,0,0,0,0.806,20.8
TUTU3945623,Export,Machinery,ODC,PSA_SICAL,4,5,1,0,0,0,0.812,61.0
TUTU5182116,Export,Textiles,Dry,PSA_SICAL,10,5,1,0,1,0,0.821,56.6
TUTU2652739,Export,Seafood,Reefer,PSA_SICAL,1,5,1,0,0,0,0.792,24.4
TUTU2730705,Import,EdibleOil,LiquidBulk,PSA_SICAL,11,3,0,0,1,0,0.745,88.6
TUTU1934338,Import,Chemicals,Hazardous,PSA_SICAL,6,0,0,0,0,0,0.814,80.2
TUTU3436270,Import,Machinery,ODC,PSA_SICAL,10,5,1,0,1,0,0.78,94.5
TUTU4060473,Export,Machinery,ODC,PSA_SICAL,10,4,0,0,1,0,0.87,81.1
TUTU7115742,Import,Coal,Dry,PSA_SICAL,3,2,0,0,0,1,0.796,99.6
TUTU1290869,Import,Timber,Dry,PSA_SICAL,5,2,0,0,0,0,0.864,76.9
TUTU2037937,Export,Seafood,Reefer,DBGT,12,0,0,0,1,1,0.818,67.4
TUTU3934294,Import,Coal,Dry,PSA_SICAL,3,2,0,0,0,0,0.848,75.5
TUTU4426590,Export,Electronics,Dry,PSA_SICAL,6,6,1,0,0,0,0.849,56.6
TUTU7956474,Import,Electronics,Dry,DBGT,7,2,0,0,0,0,0.799,59.4
TUTU5156360,Export,Salt,Dry,PSA_SICAL,4,2,0,0,0,0,0.859,56.1
TUTU2633203,Export,Sugar,Dry,DBGT,12,2,0,0,1,0,0.814,52.3
TUTU9509678,Import,Coal,Dry,PSA_SICAL,8,4,0,0,0,0,0.821,82.4
TUTU8925275,Import,Coal,Dry,PSA_SICAL,5,5,1,0,0,0,0.823,77.6
TUTU3433075,Export,Salt,Dry,PSA_SICAL,11,0,0,0,1,0,0.833,46.3
TUTU6742677,Import,Coal,Dry,PSA_SICAL,12,4,0,0,1,0,0.851,96.9
TUTU4329858,Import,Machinery,ODC,DBGT,12,6,1,0,1,1,0.786,138.4
TUTU2227328,Import,Coal,Dry,PSA_SICAL,12,3,0,0,1,0,0.792,84.6
TUTU2928937,Export,Salt,Dry,PSA_SICAL,1,6,1,0,0,0,0.766,45.6
TUTU2840209,Import,Seafood,Reefer,DBGT,3,0,0,0,0,0,0.78,43.7
TUTU1363593,Import,Seafood,Reefer,DBGT,7,4,0,0,0,0,0.807,39.8
TUTU9902579,Export,Seafood,Reefer,DBGT,1,5,1,0,0,0,0.799,22.3
TUTU2704271,Import,Timber,Dry,PSA_SICAL,1,5,1,0,0,0,0.882,83.2
TUTU4941508,Import,EdibleOil,LiquidBulk,PSA_SICAL,5,6,1,0,0,0,0.829,92.8
TUTU4477072,Export,Granite,Dry,PSA_SICAL,9,6,1,0,0,0,0.766,46.3
TUTU8840131,Import,Electronics,Dry,DBGT,2,0,0,0,0,0,0.85,71.4
TUTU2382416,Export,Seafood,Reefer,PSA_SICAL,12,2,0,0,1,0,0.833,29.5
TUTU6588311,Export,Textiles,Dry,PSA_SICAL,11,4,0,0,1,0,0.777,54.1
TUTU5864289,Export,Textiles,Dry,DBGT,12,0,0,0,1,0,0.774,53.7
TUTU3492217,Import,Coal,Dry,PSA_SICAL,9,6,1,0,0,1,0.832,108.9
TUTU4795894,Export,Granite,Dry,PSA_SICAL,12,6,1,0,1,0,0.813,69.9
TUTU2737803,Export,Machinery,ODC,DBGT,4,3,0,0,0,0,0.8,51.6
TUTU6962765,Import,Timber,Dry,PSA_SICAL,11,3,0,0,1,0,0.843,91.3
TUTU7591993,Import,Machinery,ODC,PSA_SICAL,7,1,0,0,0,1,0.819,106.8
TUTU2389807,Export,Electronics,Dry,PSA_SICAL,4,5,1,0,0,0,0.826,52.8
TUTU2341391,Export,Granite,Dry,PSA_SICAL,10,3,0,0,1,0,0.819,52.5
TUTU7731910,Export,Textiles,Dry,DBGT,1,4,0,0,0,0,0.789,41.3
TUTU8744112,Export,Granite,Dry,PSA_SICAL,9,1,0,0,0,0,0.823,50.2
TUTU9370029,Export,Textiles,Dry,DBGT,5,0,0,0,0,0,0.757,39.2
TUTU7871191,Import,Chemicals,Hazardous,PSA_SICAL,5,3,0,0,0,1,0.851,118.4
TUTU3026598,Import,Coal,Dry,DBGT,7,4,0,0,0,0,0.896,90.9
TUTU7720483,Export,Seafood,Reefer,PSA_SICAL,10,4,0,0,1,0,0.848,28.1
TUTU8507087,Import,Machinery,ODC,PSA_SICAL,1,0,0,0,0,0,0.86,83.6
TUTU7295761,Export,Sugar,Dry,DBGT,12,5,1,0,1,0,0.828,53.0
TUTU4404861,Import,Chemicals,Hazardous,PSA_SICAL,4,4,0,0,0,0,0.871,92.2
TUTU6079358,Export,Salt,Dry,DBGT,9,5,1,0,0,0,0.703,34.8
TUTU6780271,Export,Machinery,ODC,PSA_SICAL,5,3,0,0,0,0,0.836,66.8
TUTU2905787,Import,Chemicals,Hazardous,PSA_SICAL,12,0,0,0,1,0,0.888,115.6
TUTU3467209,Import,Timber,Dry,DBGT,11,4,0,0,1,1,0.847,126.4
TUTU1652317,Export,Seafood,Reefer,PSA_SICAL,2,1,0,0,0,0,0.83,20.1
TUTU3752201,Export,Machinery,ODC,PSA_SICAL,3,3,0,0,0,0,0.834,53.8
TUTU3778104,Export,Machinery,ODC,DBGT,3,3,0,0,0,0,0.797,48.1
TUTU4555916,Export,Salt,Dry,PSA_SICAL,7,6,1,0,0,0,0.847,49.7
TUTU1639326,Export,Textiles,Dry,DBGT,6,6,1,0,0,0,0.765,55.7
TUTU8879850,Export,Granite,Dry,PSA_SICAL,12,4,0,0,1,0,0.74,54.0
TUTU6448888,Import,Timber,Dry,PSA_SICAL,3,4,0,0,0,0,0.745,64.3
TUTU8785901,Export,Granite,Dry,DBGT,6,5,1,0,0,0,0.793,48.2
TUTU4063545,Import,Chemicals,Hazardous,DBGT,9,6,1,0,0,0,0.939,105.8
TUTU7695951,Import,Electronics,Dry,PSA_SICAL,12,2,0,0,1,0,0.833,81.0
TUTU3618722,Import,Timber,Dry,DBGT,12,4,0,0,1,0,0.791,85.9
TUTU1641740,Export,Seafood,Reefer,PSA_SICAL,3,2,0,0,0,1,0.773,50.3
TUTU4786375,Import,EdibleOil,LiquidBulk,PSA_SICAL,4,4,0,0,0,0,0.866,83.2
TUTU3217169,Export,Seafood,Reefer,DBGT,10,5,1,0,1,0,0.781,25.7
TUTU5007405,Export,Seafood,Reefer,PSA_SICAL,6,4,0,0,0,0,0.875,42.8
TUTU7241863,Import,Coal,Dry,PSA_SICAL,8,2,0,0,0,0,0.767,66.6
TUTU1743803,Export,Granite,Dry,PSA_SICAL,10,5,1,0,1,0,0.824,71.2
TUTU5757917,Import,Machinery,ODC,PSA_SICAL,8,6,1,0,0,0,0.825,79.9
TUTU4298344,Export,Granite,Dry,PSA_SICAL,12,6,1,0,1,0,0.737,53.3
TUTU6129845,Import,Coal,Dry,PSA_SICAL,10,1,0,0,1,0,0.818,90.8
TUTU7529911,Export,Textiles,Dry,DBGT,2,1,0,0,0,0,0.868,47.5
TUTU6242002,Export,Seafood,Reefer,PSA_SICAL,4,4,0,0,0,0,0.807,24.6
TUTU9644996,Export,Salt,Dry,DBGT,9,5,1,0,0,0,0.776,47.4
TUTU6046995,Export,Salt,Dry,PSA_SICAL,4,0,0,0,0,0,0.894,51.0
TUTU2008097,Export,Seafood,Reefer,DBGT,7,5,1,0,0,0,0.764,23.0
TUTU1584520,Import,Timber,Dry,PSA_SICAL,3,4,0,0,0,0,0.872,75.3
TUTU7135260,Export,Granite,Dry,PSA_SICAL,5,0,0,0,0,0,0.81,42.5
TUTU7523350,Export,Sugar,Dry,PSA_SICAL,2,0,0,0,0,0,0.856,55.4
TUTU5698448,Export,Seafood,Reefer,PSA_SICAL,2,2,0,0,0,1,0.833,56.8
TUTU5275201,Import,Coal,Dry,PSA_SICAL,10,6,1,0,1,0,0.791,95.7
TUTU8857463,Export,Textiles,Dry,PSA_SICAL,7,6,1,0,0,0,0.851,57.9
TUTU9736390,Import,Seafood,Reefer,DBGT,10,1,0,0,1,1,0.88,103.6
TUTU9350887,Import,Coal,Dry,DBGT,8,5,1,0,0,0,0.876,85.0
TUTU2573266,Import,Timber,Dry,DBGT,12,6,1,0,1,0,0.885,109.6
TUTU5057933,Export,Machinery,ODC,PSA_SICAL,10,1,0,0,1,0,0.759,63.9
TUTU1641200,Import,Timber,Dry,PSA_SICAL,2,2,0,0,0,0,0.731,66.8
TUTU2683771,Import,Machinery,ODC,DBGT,10,6,1,0,1,1,0.788,133.7
TUTU2258088,Export,Seafood,Reefer,PSA_SICAL,9,3,0,0,0,0,0.805,30.0
TUTU8621975,Export,Sugar,Dry,PSA_SICAL,10,0,0,1,1,0,0.829,80.8
TUTU5636199,Import,Coal,Dry,PSA_SICAL,7,4,0,0,0,0,0.84,78.0
TUTU9638580,Import,Chemicals,Hazardous,DBGT,11,1,0,0,1,0,0.931,120.5
TUTU9888826,Export,Granite,Dry,DBGT,7,0,0,1,0,0,0.851,83.0
TUTU7573031,Export,Seafood,Reefer,PSA_SICAL,3,0,0,0,0,0,0.787,21.9
TUTU5540906,Import,Timber,Dry,PSA_SICAL,7,6,1,0,0,0,0.69,68.0
TUTU4354443,Import,Coal,Dry,PSA_SICAL,9,2,0,0,0,0,0.797,67.1
TUTU7450765,Export,Granite,Dry,DBGT,4,2,0,0,0,0,0.853,51.9
TUTU3036800,Export,Seafood,Reefer,DBGT,7,3,0,0,0,0,0.823,22.5
TUTU9935270,Import,Chemicals,Hazardous,PSA_SICAL,8,4,0,0,0,1,0.805,113.2
TUTU3456599,Export,Machinery,ODC,PSA_SICAL,8,1,0,0,0,1,0.807,81.4
TUTU4051069,Export,Granite,Dry,PSA_SICAL,3,6,1,0,0,1,0.762,83.5
TUTU2096509,Import,Machinery,ODC,DBGT,10,3,0,0,1,0,0.851,106.6
TUTU9363179,Import,Timber,Dry,DBGT,10,0,0,0,1,0,0.734,86.7
TUTU5163419,Import,Chemicals,Hazardous,PSA_SICAL,10,4,0,0,1,1,0.84,149.2
TUTU8914704,Export,Granite,Dry,PSA_SICAL,4,0,0,0,0,0,0.848,48.2
TUTU1068258,Export,Salt,Dry,PSA_SICAL,1,1,0,0,0,0,0.873,64.1
TUTU2278935,Import,EdibleOil,LiquidBulk,DBGT,10,1,0,0,1,1,0.883,144.0
TUTU1628308,Export,Salt,Dry,DBGT,5,5,1,0,0,0,0.802,40.7
TUTU9052556,Export,Electronics,Dry,PSA_SICAL,8,1,0,0,0,0,0.854,46.0
TUTU6893255,Export,Electronics,Dry,DBGT,10,3,0,0,1,0,0.882,57.5
TUTU5072051,Export,Granite,Dry,DBGT,12,4,0,0,1,0,0.823,58.3
TUTU8654926,Export,Sugar,Dry,DBGT,2,2,0,0,0,1,0.733,67.6
TUTU3671816,Export,Salt,Dry,PSA_SICAL,4,3,0,0,0,0,0.829,40.5
TUTU2106202,Import,Machinery,ODC,PSA_SICAL,3,2,0,0,0,0,0.85,82.1
TUTU4861889,Import,Coal,Dry,PSA_SICAL,11,4,0,0,1,0,0.909,108.3
TUTU1403777,Import,Machinery,ODC,DBGT,1,5,1,0,0,0,0.824,82.8
TUTU8743112,Import,Coal,Dry,PSA_SICAL,1,1,0,0,0,0,0.756,67.3
TUTU6458484,Export,Machinery,ODC,DBGT,9,5,1,0,0,0,0.78,61.7
TUTU1388576,Export,Sugar,Dry,DBGT,4,4,0,1,0,0,0.816,57.6
TUTU1027186,Export,Granite,Dry,DBGT,10,3,0,0,1,0,0.701,52.7
TUTU2570834,Export,Seafood,Reefer,DBGT,3,1,0,0,0,0,0.841,30.0
TUTU3813217,Export,Seafood,Reefer,PSA_SICAL,5,6,1,0,0,0,0.721,25.3
TUTU7207855,Export,Granite,Dry,PSA_SICAL,10,0,0,0,1,0,0.741,57.6
TUTU5896359,Import,Timber,Dry,DBGT,1,5,1,0,0,0,0.795,64.6
TUTU4836197,Export,Salt,Dry,PSA_SICAL,11,5,1,0,1,0,0.885,65.0
TUTU3383446,Export,Granite,Dry,PSA_SICAL,2,6,1,0,0,0,0.84,51.6
TUTU3257675,Export,Granite,Dry,DBGT,6,5,1,0,0,1,0.893,94.6
TUTU1959869,Import,Timber,Dry,DBGT,6,1,0,1,0,1,0.958,151.3
TUTU4232839,Import,Chemicals,Hazardous,DBGT,1,5,1,1,0,0,0.811,111.4
TUTU8853852,Import,Electronics,Dry,DBGT,3,5,1,0,0,0,0.711,66.3
TUTU9771312,Import,Chemicals,Hazardous,PSA_SICAL,4,6,1,0,0,0,0.894,95.8
TUTU1500283,Export,Electronics,Dry,PSA_SICAL,10,0,0,0,1,0,0.802,49.4
TUTU8453779,Import,Chemicals,Hazardous,PSA_SICAL,9,0,0,0,0,0,0.854,83.6
TUTU1522867,Import,Machinery,ODC,PSA_SICAL,9,5,1,0,0,1,0.835,111.5
TUTU6266721,Export,Salt,Dry,DBGT,1,5,1,0,0,0,0.785,44.0
TUTU1134947,Import,Coal,Dry,DBGT,2,1,0,0,0,0,0.775,65.7
TUTU6322262,Import,Electronics,Dry,DBGT,9,6,1,0,0,0,0.727,72.7
TUTU1333757,Export,Seafood,Reefer,PSA_SICAL,5,1,0,0,0,0,0.911,44.7
TUTU8224343,Export,Textiles,Dry,DBGT,10,5,1,0,1,0,0.834,55.8
TUTU5476250,Import,Electronics,Dry,PSA_SICAL,12,3,0,0,1,0,0.801,79.1
TUTU9463161,Export,Seafood,Reefer,DBGT,10,4,0,0,1,0,0.87,31.7
TUTU8273159,Export,Seafood,Reefer,PSA_SICAL,4,5,1,0,0,0,0.781,28.0
TUTU2358938,Import,Seafood,Reefer,DBGT,5,3,0,0,0,0,0.822,46.7
TUTU1000007,Import,Coal,Dry,PSA_SICAL,1,6,1,0,0,0,0.815,77.7
TUTU5747903,Export,Seafood,Reefer,PSA_SICAL,6,0,0,0,0,0,0.858,35.6
TUTU8342573,Export,Salt,Dry,PSA_SICAL,10,6,1,0,1,0,0.832,57.6
TUTU5649170,Import,Chemicals,Hazardous,PSA_SICAL,8,1,0,0,0,0,0.905,100.5
TUTU3582907,Export,Salt,Dry,DBGT,8,5,1,0,0,0,0.809,44.7
TUTU1035047,Export,Seafood,Reefer,PSA_SICAL,11,2,0,0,1,0,0.877,38.5
TUTU4926616,Import,Electronics,Dry,PSA_SICAL,11,0,0,0,1,0,0.851,86.7
TUTU7781144,Import,Machinery,ODC,DBGT,5,4,0,0,0,1,0.733,99.8
TUTU9225141,Import,EdibleOil,LiquidBulk,PSA_SICAL,7,3,0,0,0,0,0.862,90.8
TUTU3055025,Import,Seafood,Reefer,PSA_SICAL,11,2,0,0,1,0,0.842,61.6
TUTU3244825,Export,Seafood,Reefer,PSA_SICAL,8,3,0,0,0,0,0.779,26.1
TUTU7839864,Export,Sugar,Dry,PSA_SICAL,10,5,1,0,1,0,0.824,61.1
TUTU4682030,Import,EdibleOil,LiquidBulk,DBGT,1,6,1,0,0,0,0.779,81.4
TUTU8566264,Export,Seafood,Reefer,PSA_SICAL,7,2,0,0,0,0,0.775,19.3
TUTU2093945,Export,Salt,Dry,PSA_SICAL,5,3,0,0,0,0,0.727,36.0
TUTU4072406,Import,Chemicals,Hazardous,PSA_SICAL,6,0,0,0,0,0,0.792,84.7
TUTU5887840,Export,Sugar,Dry,PSA_SICAL,3,1,0,0,0,0,0.82,47.4
TUTU7198769,Export,Machinery,ODC,DBGT,1,5,1,0,0,0,0.772,55.7
TUTU3995698,Export,Seafood,Reefer,PSA_SICAL,7,4,0,0,0,0,0.828,22.6
TUTU6008374,Import,Coal,Dry,PSA_SICAL,7,2,0,0,0,0,0.785,66.2
TUTU6340529,Import,Coal,Dry,PSA_SICAL,2,2,0,0,0,1,0.855,108.3
TUTU7360262,Export,Salt,Dry,DBGT,6,1,0,0,0,1,0.882,85.2
TUTU6105241,Import,Coal,Dry,PSA_SICAL,10,1,0,0,1,1,0.725,124.6
TUTU7285856,Import,EdibleOil,LiquidBulk,DBGT,11,3,0,0,1,0,0.777,88.1
TUTU2387678,Export,Electronics,Dry,DBGT,7,3,0,0,0,0,0.835,44.1
TUTU6837370,Import,Timber,Dry,PSA_SICAL,1,4,0,0,0,0,0.872,79.6
TUTU5133497,Export,Seafood,Reefer,DBGT,10,4,0,0,1,0,0.812,22.2
TUTU6216981,Import,EdibleOil,LiquidBulk,DBGT,9,0,0,0,0,0,0.808,80.5
TUTU2809357,Export,Salt,Dry,DBGT,8,0,0,0,0,0,0.872,48.4
TUTU1254630,Import,Coal,Dry,PSA_SICAL,11,3,0,0,1,0,0.76,89.9
TUTU2164297,Import,Coal,Dry,PSA_SICAL,11,6,1,0,1,0,0.793,93.6
TUTU8437694,Export,Granite,Dry,DBGT,3,1,0,0,0,0,0.799,44.3
TUTU7470630,Import,Machinery,ODC,PSA_SICAL,7,3,0,0,0,0,0.873,87.5
TUTU8335402,Export,Granite,Dry,DBGT,5,2,0,0,0,0,0.794,44.8
TUTU3020180,Export,Salt,Dry,PSA_SICAL,3,2,0,0,0,0,0.864,44.9
TUTU1182350,Import,Machinery,ODC,PSA_SICAL,1,0,0,0,0,1,0.802,102.6
TUTU4581408,Export,Seafood,Reefer,PSA_SICAL,3,0,0,0,0,0,0.743,22.8
TUTU9831487,Export,Seafood,Reefer,DBGT,2,6,1,0,0,0,0.774,33.2
TUTU6336505,Import,Machinery,ODC,DBGT,2,2,0,0,0,1,0.824,113.4
TUTU7339571,Import,Electronics,Dry,DBGT,1,4,0,0,0,0,0.869,79.6
TUTU3298143,Import,Coal,Dry,PSA_SICAL,4,4,0,0,0,1,0.803,96.7
TUTU7275539,Import,Timber,Dry,PSA_SICAL,9,2,0,0,0,0,0.823,65.7
TUTU7699483,Export,Seafood,Reefer,PSA_SICAL,11,1,0,1,1,0,0.793,53.8
TUTU9619239,Export,Textiles,Dry,DBGT,6,0,0,0,0,1,0.827,73.8
TUTU2017748,Export,Seafood,Reefer,DBGT,7,0,0,0,0,0,0.787,24.4
TUTU3551189,Export,Granite,Dry,PSA_SICAL,4,5,1,0,0,0,0.8,48.5
TUTU7462892,Export,Textiles,Dry,DBGT,3,4,0,0,0,0,0.708,51.2
TUTU1546364,Export,Seafood,Reefer,DBGT,8,3,0,0,0,1,0.788,54.0
TUTU5206221,Export,Salt,Dry,DBGT,1,3,0,0,0,0,0.879,47.9
TUTU7969759,Import,Coal,Dry,PSA_SICAL,3,2,0,0,0,1,0.821,103.4
TUTU4155002,Import,Chemicals,Hazardous,PSA_SICAL,7,1,0,0,0,0,0.858,87.3
TUTU3827393,Export,Salt,Dry,DBGT,9,1,0,0,0,0,0.757,37.2
TUTU9081112,Export,Seafood,Reefer,DBGT,5,1,0,0,0,0,0.818,23.1
TUTU5026456,Import,Chemicals,Hazardous,PSA_SICAL,5,3,0,0,0,0,0.814,95.0
TUTU5539098,Import,Coal,Dry,PSA_SICAL,10,4,0,0,1,0,0.891,113.3
TUTU3200282,Import,Machinery,ODC,PSA_SICAL,4,0,0,0,0,0,0.782,88.8
TUTU6479269,Export,Seafood,Reefer,DBGT,7,6,1,0,0,0,0.807,19.5
TUTU7710303,Export,Seafood,Reefer,DBGT,3,0,0,0,0,0,0.869,30.5
TUTU9244524,Import,EdibleOil,LiquidBulk,PSA_SICAL,7,1,0,0,0,0,0.84,78.6
TUTU7394223,Export,Seafood,Reefer,DBGT,12,6,1,0,1,0,0.815,30.8
TUTU3716139,Export,Electronics,Dry,DBGT,8,1,0,0,0,0,0.883,50.3
TUTU3477865,Import,Timber,Dry,PSA_SICAL,12,1,0,0,1,0,0.891,97.1
TUTU9495523,Export,Sugar,Dry,PSA_SICAL,7,5,1,0,0,0,0.804,46.0
TUTU4652178,Import,Coal,Dry,PSA_SICAL,1,5,1,0,0,0,0.924,96.6
TUTU8725909,Import,Chemicals,Hazardous,PSA_SICAL,8,1,0,0,0,1,0.757,106.5
TUTU1699016,Export,Seafood,Reefer,DBGT,11,0,0,0,1,0,0.775,28.0
TUTU2697040,Import,Coal,Dry,DBGT,8,0,0,0,0,0,0.787,72.4
TUTU8434273,Import,Coal,Dry,PSA_SICAL,2,6,1,0,0,1,0.858,109.2
TUTU7543097,Export,Seafood,Reefer,PSA_SICAL,3,6,1,0,0,1,0.787,47.8
TUTU8314821,Import,Electronics,Dry,PSA_SICAL,10,2,0,0,1,1,0.848,124.8
TUTU4750336,Import,Seafood,Reefer,PSA_SICAL,12,5,1,1,1,1,0.764,128.8
TUTU5852715,Import,Electronics,Dry,PSA_SICAL,9,1,0,0,0,0,0.833,67.4
TUTU2251045,Import,Chemicals,Hazardous,PSA_SICAL,10,1,0,0,1,0,0.813,99.0
TUTU6918116,Export,Salt,Dry,DBGT,5,0,0,0,0,1,0.848,72.6
TUTU3699323,Import,Seafood,Reefer,PSA_SICAL,11,5,1,0,1,0,0.869,78.2
TUTU2754294,Import,Electronics,Dry,DBGT,5,1,0,0,0,1,0.745,92.3
TUTU1645993,Export,Sugar,Dry,PSA_SICAL,1,2,0,0,0,0,0.779,34.7
TUTU2278747,Export,Electronics,Dry,DBGT,4,4,0,0,0,0,0.791,37.0
TUTU1302489,Export,Sugar,Dry,PSA_SICAL,4,3,0,0,0,1,0.822,75.0
TUTU9610335,Export,Granite,Dry,PSA_SICAL,6,2,0,0,0,0,0.87,54.9
TUTU9482582,Export,Seafood,Reefer,DBGT,6,0,0,0,0,0,0.755,16.2
TUTU2732034,Export,Salt,Dry,PSA_SICAL,4,0,0,0,0,0,0.875,53.5
TUTU3801007,Export,Seafood,Reefer,DBGT,9,5,1,1,0,0,0.778,51.3
TUTU2686122,Export,Textiles,Dry,PSA_SICAL,11,3,0,0,1,0,0.837,65.0
TUTU3631043,Export,Machinery,ODC,DBGT,5,5,1,0,0,0,0.84,59.9
TUTU2801493,Import,Chemicals,Hazardous,PSA_SICAL,2,4,0,0,0,0,0.724,82.3
TUTU5325481,Export,Salt,Dry,PSA_SICAL,6,6,1,0,0,0,0.783,37.6
TUTU1108437,Export,Granite,Dry,PSA_SICAL,8,4,0,0,0,1,0.848,83.2
TUTU1091164,Export,Granite,Dry,DBGT,2,4,0,0,0,0,0.869,56.5
TUTU3165597,Import,Coal,Dry,PSA_SICAL,7,4,0,0,0,0,0.811,77.1
TUTU9342372,Export,Sugar,Dry,DBGT,12,6,1,0,1,1,0.828,95.9
TUTU9978492,Export,Machinery,ODC,PSA_SICAL,1,6,1,0,0,0,0.818,54.9
TUTU3695612,Export,Seafood,Reefer,DBGT,2,3,0,0,0,0,0.858,33.9
TUTU7545404,Export,Sugar,Dry,PSA_SICAL,2,2,0,0,0,0,0.823,45.8
TUTU3231114,Import,Seafood,Reefer,PSA_SICAL,7,3,0,0,0,0,0.828,42.0
TUTU9443078,Export,Seafood,Reefer,PSA_SICAL,1,0,0,0,0,0,0.835,25.5
TUTU1008932,Import,Electronics,Dry,DBGT,10,4,0,0,1,0,0.772,76.5
TUTU5348674,Import,Machinery,ODC,DBGT,6,5,1,1,0,0,0.795,99.9
TUTU5024129,Import,Machinery,ODC,PSA_SICAL,4,3,0,0,0,0,0.807,73.7
TUTU3750201,Import,Electronics,Dry,PSA_SICAL,4,3,0,0,0,0,0.855,68.8
TUTU6294416,Export,Granite,Dry,DBGT,9,2,0,1,0,0,0.826,65.6
TUTU7685005,Import,Machinery,ODC,PSA_SICAL,5,5,1,0,0,0,0.814,80.2
TUTU3502666,Import,Chemicals,Hazardous,DBGT,6,3,0,0,0,0,0.89,94.6
TUTU9922087,Import,Coal,Dry,DBGT,1,3,0,0,0,0,0.919,91.7
TUTU8538554,Export,Seafood,Reefer,PSA_SICAL,6,2,0,0,0,1,0.741,61.2
TUTU2232091,Import,Timber,Dry,DBGT,9,4,0,0,0,0,0.859,72.8
TUTU9978830,Export,Granite,Dry,DBGT,4,6,1,0,0,0,0.867,56.1
TUTU8994506,Export,Textiles,Dry,PSA_SICAL,12,3,0,0,1,0,0.877,61.8
TUTU8746599,Import,EdibleOil,LiquidBulk,PSA_SICAL,3,5,1,0,0,0,0.824,74.3
TUTU6637659,Export,Granite,Dry,DBGT,8,2,0,0,0,0,0.874,57.8
TUTU8206415,Import,Seafood,Reefer,DBGT,5,6,1,0,0,0,0.842,53.9
TUTU3380108,Import,Coal,Dry,DBGT,4,0,0,0,0,0,0.838,78.6
TUTU9419956,Export,Seafood,Reefer,PSA_SICAL,2,3,0,1,0,1,0.774,73.5
TUTU5560360,Export,Salt,Dry,PSA_SICAL,1,6,1,0,0,0,0.838,42.0
TUTU8519616,Export,Granite,Dry,DBGT,8,1,0,0,0,0,0.84,47.2
TUTU5541393,Export,Electronics,Dry,PSA_SICAL,7,4,0,0,0,0,0.872,55.0
TUTU8342499,Export,Seafood,Reefer,DBGT,7,0,0,0,0,1,0.757,56.9
TUTU5820732,Import,Timber,Dry,PSA_SICAL,12,1,0,0,1,0,0.859,93.8
TUTU9010131,Export,Machinery,ODC,PSA_SICAL,1,3,0,0,0,0,0.923,73.9
TUTU3681631,Import,Timber,Dry,DBGT,11,4,0,0,1,0,0.818,96.5
TUTU2539031,Export,Sugar,Dry,PSA_SICAL,4,0,0,0,0,0,0.868,46.6
TUTU6333431,Import,Machinery,ODC,PSA_SICAL,9,0,0,0,0,1,0.818,104.9
TUTU8950106,Export,Granite,Dry,DBGT,1,5,1,0,0,0,0.785,42.5
TUTU4431793,Import,Machinery,ODC,DBGT,11,5,1,0,1,0,0.822,113.7
TUTU5276865,Import,Seafood,Reefer,DBGT,9,4,0,0,0,0,0.807,44.1
TUTU7568895,Import,Timber,Dry,DBGT,7,4,0,0,0,0,0.746,64.7
TUTU8162154,Export,Sugar,Dry,PSA_SICAL,12,6,1,0,1,0,0.837,70.6
TUTU6679718,Import,Timber,Dry,PSA_SICAL,11,6,1,0,1,0,0.812,90.8
TUTU3503320,Export,Seafood,Reefer,DBGT,6,1,0,0,0,1,0.752,47.0
TUTU6954576,Export,Textiles,Dry,DBGT,11,3,0,0,1,0,0.798,50.6
TUTU7340123,Import,Machinery,ODC,DBGT,10,3,0,0,1,0,0.754,91.4
TUTU1083982,Export,Salt,Dry,PSA_SICAL,9,6,1,0,0,1,0.783,70.1
TUTU6877809,Export,Salt,Dry,PSA_SICAL,1,0,0,0,0,0,0.813,35.9
TUTU8564991,Export,Seafood,Reefer,DBGT,4,0,0,0,0,0,0.855,33.9
TUTU4877963,Import,Coal,Dry,PSA_SICAL,2,5,1,0,0,0,0.855,86.2
TUTU6524389,Import,Electronics,Dry,PSA_SICAL,7,0,0,0,0,0,0.741,55.7
TUTU5231639,Import,Machinery,ODC,DBGT,6,3,0,0,0,0,0.806,74.4
TUTU1659264,Import,Electronics,Dry,PSA_SICAL,7,4,0,0,0,0,0.756,55.6
TUTU4300687,Export,Seafood,Reefer,PSA_SICAL,4,6,1,0,0,0,0.842,34.8
TUTU2488688,Export,Granite,Dry,DBGT,10,0,0,0,1,0,0.775,51.9
TUTU2833203,Export,Granite,Dry,DBGT,8,5,1,0,0,1,0.804,82.5
TUTU8473893,Export,Granite,Dry,PSA_SICAL,5,5,1,0,0,0,0.811,49.9
TUTU6969836,Export,Seafood,Reefer,DBGT,12,5,1,0,1,0,0.689,27.8
TUTU5747278,Export,Seafood,Reefer,PSA_SICAL,6,1,0,0,0,0,0.877,33.7
TUTU5270770,Import,Machinery,ODC,PSA_SICAL,7,0,0,0,0,0,0.804,78.4
TUTU7725036,Import,Machinery,ODC,DBGT,6,1,0,0,0,0,0.781,75.1
TUTU5782853,Export,Machinery,ODC,PSA_SICAL,10,4,0,0,1,0,0.913,80.3
TUTU3897683,Import,Machinery,ODC,PSA_SICAL,10,0,0,0,1,0,0.752,94.1
TUTU3657947,Export,Machinery,ODC,DBGT,3,5,1,0,0,0,0.761,48.3
TUTU4022982,Import,Seafood,Reefer,PSA_SICAL,9,0,0,0,0,0,0.769,38.6
TUTU4888813,Export,Seafood,Reefer,PSA_SICAL,2,1,0,0,0,0,0.796,21.3
TUTU1080630,Export,Seafood,Reefer,PSA_SICAL,8,0,0,0,0,0,0.784,16.2
TUTU5200775,Export,Seafood,Reefer,DBGT,5,0,0,0,0,0,0.836,29.3
TUTU4717357,Export,Seafood,Reefer,PSA_SICAL,9,0,0,0,0,0,0.768,26.7
TUTU5457705,Export,Seafood,Reefer,DBGT,3,0,0,0,0,1,0.831,56.8
TUTU4745100,Export,Salt,Dry,PSA_SICAL,4,3,0,0,0,0,0.749,33.7
TUTU9522029,Import,Chemicals,Hazardous,PSA_SICAL,4,1,0,0,0,0,0.843,93.4
TUTU5648214,Import,Electronics,Dry,DBGT,10,0,0,0,1,0,0.817,74.0
TUTU5325038,Export,Machinery,ODC,PSA_SICAL,10,5,1,0,1,0,0.869,83.8
TUTU5373095,Import,Electronics,Dry,PSA_SICAL,6,3,0,0,0,0,0.797,57.6
TUTU6275232,Import,Coal,Dry,PSA_SICAL,12,3,0,0,1,0,0.905,108.6
TUTU9388338,Export,Salt,Dry,PSA_SICAL,8,2,0,0,0,1,0.802,63.9
TUTU7563440,Export,Seafood,Reefer,DBGT,6,2,0,0,0,0,0.805,23.3
TUTU4006902,Export,Seafood,Reefer,PSA_SICAL,9,5,1,0,0,0,0.865,50.9
TUTU6928830,Import,Timber,Dry,DBGT,9,4,0,0,0,0,0.833,81.3
TUTU4187979,Import,Machinery,ODC,PSA_SICAL,4,2,0,0,0,0,0.83,75.7
TUTU9559402,Export,Granite,Dry,PSA_SICAL,11,4,0,0,1,0,0.759,54.6
TUTU2123871,Export,Textiles,Dry,PSA_SICAL,7,6,1,0,0,0,0.811,46.1
TUTU8161376,Import,Chemicals,Hazardous,PSA_SICAL,7,1,0,0,0,0,0.823,81.8
TUTU1480603,Export,Sugar,Dry,PSA_SICAL,10,3,0,0,1,0,0.863,60.8
TUTU5058322,Import,Coal,Dry,PSA_SICAL,1,4,0,0,0,0,0.779,69.7
TUTU7428145,Export,Seafood,Reefer,DBGT,12,2,0,0,1,0,0.779,22.0
TUTU9872677,Import,Electronics,Dry,DBGT,10,3,0,0,1,0,0.819,74.7
TUTU6464192,Import,EdibleOil,LiquidBulk,PSA_SICAL,8,0,0,0,0,1,0.848,112.8
TUTU2057317,Export,Salt,Dry,PSA_SICAL,11,6,1,0,1,1,0.802,88.0
TUTU1594134,Import,Chemicals,Hazardous,PSA_SICAL,11,5,1,0,1,1,0.847,152.8
TUTU2669717,Export,Salt,Dry,DBGT,6,0,0,0,0,1,0.838,72.5
TUTU7211014,Export,Seafood,Reefer,PSA_SICAL,10,1,0,0,1,0,0.837,27.3
TUTU1604464,Import,Chemicals,Hazardous,DBGT,1,4,0,0,0,0,0.809,78.4
TUTU3470191,Import,Machinery,ODC,DBGT,6,3,0,0,0,0,0.8,75.5
TUTU5776807,Export,Seafood,Reefer,PSA_SICAL,5,3,0,0,0,1,0.753,52.2
TUTU1246251,Import,EdibleOil,LiquidBulk,PSA_SICAL,6,1,0,0,0,0,0.845,82.6
TUTU8262305,Import,Machinery,ODC,PSA_SICAL,10,0,0,0,1,0,0.837,98.0
TUTU6209062,Import,Coal,Dry,DBGT,12,2,0,0,1,1,0.84,132.6
TUTU1587495,Import,Coal,Dry,DBGT,12,1,0,0,1,0,0.834,89.9
TUTU2616491,Export,Sugar,Dry,PSA_SICAL,10,3,0,0,1,0,0.807,52.2
TUTU5683196,Import,Electronics,Dry,DBGT,5,0,0,0,0,0,0.823,69.8
TUTU3899145,Import,EdibleOil,LiquidBulk,DBGT,10,2,0,0,1,0,0.76,92.9
TUTU9283260,Import,EdibleOil,LiquidBulk,PSA_SICAL,1,1,0,0,0,0,0.89,90.7
TUTU4090651,Export,Seafood,Reefer,PSA_SICAL,10,3,0,0,1,1,0.764,59.6
TUTU5676273,Import,EdibleOil,LiquidBulk,PSA_SICAL,12,5,1,0,1,0,0.807,94.9
TUTU9950571,Import,Seafood,Reefer,PSA_SICAL,7,2,0,0,0,0,0.802,47.5
TUTU6298936,Export,Granite,Dry,PSA_SICAL,9,5,1,0,0,0,0.878,57.1
TUTU2953191,Import,Coal,Dry,PSA_SICAL,6,5,1,0,0,0,0.808,71.5
TUTU3729237,Import,Seafood,Reefer,PSA_SICAL,6,3,0,0,0,0,0.786,43.6
TUTU5584865,Import,Timber,Dry,PSA_SICAL,7,3,0,0,0,0,0.807,76.3
TUTU6359898,Export,Granite,Dry,DBGT,1,6,1,0,0,0,0.833,52.6
TUTU6793806,Import,Coal,Dry,PSA_SICAL,8,1,0,0,0,0,0.819,75.9
TUTU6329863,Import,Timber,Dry,PSA_SICAL,3,2,0,0,0,0,0.773,70.8
TUTU5114763,Import,EdibleOil,LiquidBulk,DBGT,2,2,0,0,0,0,0.871,82.2
TUTU9207887,Export,Machinery,ODC,PSA_SICAL,1,4,0,0,0,0,0.796,53.4
TUTU7341624,Import,Seafood,Reefer,PSA_SICAL,8,4,0,0,0,0,0.824,43.4
TUTU3944537,Export,Granite,Dry,PSA_SICAL,10,2,0,0,1,1,0.802,86.5
TUTU6818510,Export,Machinery,ODC,PSA_SICAL,12,1,0,0,1,1,0.791,114.0
TUTU6723272,Import,Machinery,ODC,DBGT,10,6,1,0,1,0,0.836,107.1
TUTU1215137,Export,Salt,Dry,PSA_SICAL,12,3,0,0,1,0,0.829,46.6
TUTU1169664,Import,Chemicals,Hazardous,PSA_SICAL,6,3,0,0,0,0,0.818,79.0
TUTU6815298,Export,Textiles,Dry,DBGT,2,2,0,0,0,0,0.735,39.5
TUTU3207392,Export,Textiles,Dry,DBGT,6,6,1,0,0,0,0.888,65.7
TUTU2029786,Import,Chemicals,Hazardous,PSA_SICAL,11,1,0,0,1,0,0.811,100.7
TUTU2272881,Import,EdibleOil,LiquidBulk,PSA_SICAL,2,4,0,0,0,1,0.861,110.2
TUTU4104973,Export,Electronics,Dry,PSA_SICAL,3,1,0,0,0,0,0.841,52.4
TUTU7516964,Import,Chemicals,Hazardous,DBGT,4,3,0,1,0,0,0.789,98.2
TUTU7335024,Export,Sugar,Dry,PSA_SICAL,12,5,1,0,1,0,0.847,64.6
TUTU8392366,Import,Coal,Dry,PSA_SICAL,5,2,0,0,0,0,0.846,76.6
TUTU9739393,Import,Chemicals,Hazardous,DBGT,7,5,1,0,0,0,0.823,93.4
TUTU9802383,Export,Seafood,Reefer,PSA_SICAL,9,0,0,0,0,0,0.836,25.0
TUTU4877227,Import,Electronics,Dry,PSA_SICAL,5,4,0,0,0,0,0.86,79.2
TUTU3908153,Import,Machinery,ODC,PSA_SICAL,4,5,1,0,0,1,0.783,112.9
TUTU4292086,Import,Electronics,Dry,DBGT,12,6,1,0,1,0,0.767,77.4
TUTU3441466,Export,Granite,Dry,PSA_SICAL,4,3,0,0,0,1,0.865,93.7
TUTU8638931,Export,Seafood,Reefer,DBGT,1,3,0,0,0,0,0.855,30.9
TUTU2136172,Import,EdibleOil,LiquidBulk,DBGT,6,3,0,0,0,0,0.827,81.3
TUTU4525542,Export,Sugar,Dry,PSA_SICAL,10,6,1,0,1,1,0.843,99.8
TUTU3758323,Export,Seafood,Reefer,DBGT,11,3,0,0,1,0,0.826,28.9
TUTU7964111,Export,Machinery,ODC,DBGT,9,6,1,0,0,0,0.836,67.3
TUTU7543140,Export,Seafood,Reefer,DBGT,9,2,0,0,0,0,0.827,23.9
TUTU4949374,Import,Seafood,Reefer,PSA_SICAL,12,3,0,0,1,0,0.862,64.3
TUTU3213348,Export,Textiles,Dry,PSA_SICAL,3,3,0,0,0,0,0.879,57.4
TUTU3253589,Export,Seafood,Reefer,DBGT,6,3,0,0,0,0,0.885,33.9
TUTU3848140,Import,Machinery,ODC,PSA_SICAL,4,1,0,0,0,0,0.77,76.4
TUTU5730548,Export,Seafood,Reefer,DBGT,4,4,0,0,0,0,0.793,17.8
TUTU1997239,Import,EdibleOil,LiquidBulk,PSA_SICAL,6,6,1,0,0,0,0.663,78.8
TUTU7088080,Export,Electronics,Dry,PSA_SICAL,5,0,0,0,0,0,0.778,35.7
TUTU2929108,Import,Electronics,Dry,PSA_SICAL,4,5,1,0,0,0,0.816,67.1
TUTU4580239,Export,Granite,Dry,PSA_SICAL,6,0,0,0,0,0,0.946,74.7
TUTU7746365,Import,Timber,Dry,PSA_SICAL,12,4,0,0,1,0,0.828,94.9
TUTU3847255,Export,Seafood,Reefer,DBGT,12,1,0,0,1,0,0.789,21.6
TUTU4677406,Import,Chemicals,Hazardous,PSA_SICAL,6,0,0,0,0,0,0.833,83.6
TUTU5259027,Import,Machinery,ODC,PSA_SICAL,1,0,0,0,0,0,0.796,75.0
TUTU4619521,Import,Machinery,ODC,DBGT,8,2,0,0,0,0,0.792,71.4
TUTU4949308,Import,Chemicals,Hazardous,PSA_SICAL,3,2,0,0,0,1,0.683,107.8
TUTU4553567,Export,Granite,Dry,DBGT,6,1,0,0,0,1,0.812,88.1
TUTU8269023,Import,EdibleOil,LiquidBulk,PSA_SICAL,4,0,0,0,0,0,0.818,74.8
TUTU7976721,Import,Timber,Dry,PSA_SICAL,7,6,1,0,0,1,0.733,100.9
TUTU8999722,Export,Seafood,Reefer,PSA_SICAL,7,4,0,0,0,0,0.771,20.7
TUTU6423979,Export,Salt,Dry,DBGT,5,5,1,0,0,0,0.745,43.0
TUTU6604562,Import,Timber,Dry,DBGT,12,1,0,0,1,0,0.777,83.1
TUTU3596433,Import,Machinery,ODC,DBGT,11,4,0,0,1,0,0.754,105.3
TUTU6277495,Import,Coal,Dry,DBGT,10,0,0,0,1,0,0.776,92.3
TUTU2448526,Export,Granite,Dry,PSA_SICAL,12,4,0,0,1,0,0.797,63.7
TUTU8895610,Import,Timber,Dry,PSA_SICAL,7,5,1,0,0,0,0.818,65.4
TUTU8725083,Import,Coal,Dry,DBGT,9,2,0,0,0,0,0.791,68.0
TUTU4892177,Import,Electronics,Dry,PSA_SICAL,8,4,0,0,0,0,0.766,55.9
TUTU7431760,Export,Granite,Dry,PSA_SICAL,11,4,0,0,1,1,0.743,91.0
TUTU4691025,Export,Granite,Dry,PSA_SICAL,7,0,0,0,0,0,0.81,39.4
TUTU8306932,Export,Seafood,Reefer,PSA_SICAL,5,5,1,0,0,0,0.85,32.5
TUTU6954176,Export,Salt,Dry,PSA_SICAL,7,1,0,0,0,1,0.761,62.4
TUTU5240341,Export,Seafood,Reefer,PSA_SICAL,8,6,1,0,0,0,0.793,24.9
TUTU9707961,Export,Granite,Dry,PSA_SICAL,8,5,1,0,0,0,0.879,57.1
TUTU5558902,Export,Seafood,Reefer,PSA_SICAL,9,5,1,0,0,0,0.798,27.8
TUTU1611344,Import,Electronics,Dry,PSA_SICAL,4,4,0,0,0,0,0.794,57.6
TUTU2783540,Export,Salt,Dry,DBGT,1,1,0,0,0,0,0.834,41.0
TUTU9037298,Export,Granite,Dry,DBGT,6,1,0,0,0,0,0.836,53.4
TUTU8351379,Import,Coal,Dry,PSA_SICAL,6,3,0,0,0,0,0.736,67.2
TUTU4393373,Export,Granite,Dry,DBGT,6,1,0,0,0,0,0.889,58.0
TUTU5551602,Export,Granite,Dry,PSA_SICAL,4,6,1,0,0,0,0.824,52.0
TUTU8472679,Export,Salt,Dry,PSA_SICAL,6,2,0,0,0,0,0.826,37.6
TUTU4093005,Export,Textiles,Dry,PSA_SICAL,4,5,1,0,0,0,0.789,48.1
TUTU6179571,Import,Electronics,Dry,DBGT,10,2,0,1,1,0,0.748,105.7
TUTU6509348,Import,Coal,Dry,PSA_SICAL,7,2,0,0,0,0,0.841,76.3
TUTU2113276,Export,Salt,Dry,PSA_SICAL,9,4,0,0,0,0,0.841,39.4
TUTU3696821,Import,Seafood,Reefer,PSA_SICAL,3,1,0,0,0,0,0.904,59.3
TUTU7975314,Export,Textiles,Dry,DBGT,9,4,0,0,0,0,0.8,38.6
TUTU6925900,Import,Timber,Dry,PSA_SICAL,6,0,0,0,0,0,0.883,85.5
TUTU5511766,Import,Machinery,ODC,PSA_SICAL,1,2,0,0,0,0,0.779,69.5
TUTU3986313,Import,Coal,Dry,DBGT,5,6,1,0,0,0,0.841,84.0
TUTU2119968,Export,Seafood,Reefer,PSA_SICAL,1,3,0,0,0,0,0.822,27.4
TUTU9054260,Export,Salt,Dry,DBGT,11,3,0,0,1,0,0.881,58.8
TUTU4335907,Import,Machinery,ODC,PSA_SICAL,4,2,0,0,0,0,0.862,82.4
TUTU9368959,Export,Seafood,Reefer,PSA_SICAL,3,2,0,0,0,1,0.748,51.2
TUTU4911793,Export,Granite,Dry,PSA_SICAL,3,2,0,0,0,0,0.936,63.5
TUTU2238712,Export,Granite,Dry,PSA_SICAL,2,6,1,1,0,0,0.801,74.9
TUTU1986075,Export,Sugar,Dry,PSA_SICAL,8,4,0,0,0,1,0.86,76.6
TUTU6877571,Export,Granite,Dry,PSA_SICAL,4,6,1,0,0,0,0.844,55.2
TUTU3971879,Export,Textiles,Dry,PSA_SICAL,6,5,1,0,0,0,0.804,44.3
TUTU4316213,Export,Machinery,ODC,DBGT,8,5,1,0,0,0,0.826,58.7
TUTU7848998,Import,EdibleOil,LiquidBulk,PSA_SICAL,11,6,1,0,1,0,0.853,100.8
TUTU4405383,Export,Electronics,Dry,DBGT,12,1,0,0,1,1,0.775,81.4
TUTU8502465,Export,Granite,Dry,PSA_SICAL,7,6,1,0,0,0,0.772,43.5
TUTU7533653,Import,Electronics,Dry,DBGT,2,5,1,0,0,1,0.97,123.1
TUTU7875039,Export,Seafood,Reefer,PSA_SICAL,12,2,0,0,1,0,0.846,34.1
TUTU8774423,Export,Salt,Dry,PSA_SICAL,4,5,1,0,0,1,0.796,71.0
TUTU3423964,Export,Textiles,Dry,PSA_SICAL,4,5,1,0,0,1,0.839,81.5
TUTU1381055,Export,Granite,Dry,PSA_SICAL,10,4,0,0,1,0,0.866,70.8
TUTU3949566,Import,Coal,Dry,DBGT,6,6,1,0,0,0,0.804,75.1
TUTU6801447,Export,Textiles,Dry,DBGT,6,2,0,0,0,1,0.811,69.8
TUTU3677517,Import,EdibleOil,LiquidBulk,PSA_SICAL,1,2,0,0,0,0,0.873,82.5
TUTU8461343,Import,Coal,Dry,DBGT,4,4,0,0,0,0,0.758,70.9
TUTU6553299,Export,Seafood,Reefer,PSA_SICAL,5,3,0,0,0,0,0.745,23.2
TUTU7190532,Export,Granite,Dry,PSA_SICAL,5,2,0,0,0,0,0.826,45.3
TUTU7306138,Import,Timber,Dry,PSA_SICAL,2,1,0,0,0,0,0.839,70.7
TUTU9639480,Export,Seafood,Reefer,PSA_SICAL,9,0,0,0,0,0,0.893,36.6
TUTU3851856,Import,Electronics,Dry,DBGT,12,6,1,0,1,0,0.896,98.5
TUTU8469879,Import,Coal,Dry,PSA_SICAL,6,3,0,0,0,0,0.819,76.6
TUTU5622622,Import,Seafood,Reefer,PSA_SICAL,6,1,0,0,0,0,0.778,50.6
TUTU5773595,Export,Electronics,Dry,PSA_SICAL,9,4,0,0,0,0,0.904,53.8
TUTU6808181,Export,Sugar,Dry,PSA_SICAL,4,0,0,0,0,0,0.826,42.4
TUTU7146051,Import,Coal,Dry,PSA_SICAL,1,6,1,0,0,0,0.87,90.8
TUTU5508604,Export,Granite,Dry,DBGT,12,2,0,0,1,0,0.795,63.2
TUTU3910772,Import,Timber,Dry,DBGT,4,5,1,0,0,0,0.858,76.3
TUTU2430731,Export,Salt,Dry,PSA_SICAL,8,0,0,0,0,0,0.804,41.3
TUTU5212767,Export,Salt,Dry,DBGT,8,0,0,0,0,1,0.807,66.3
TUTU7568215,Import,Machinery,ODC,PSA_SICAL,4,1,0,0,0,0,0.851,88.8
TUTU4120772,Import,Machinery,ODC,PSA_SICAL,5,5,1,0,0,0,0.878,91.4
TUTU2209544,Import,Electronics,Dry,PSA_SICAL,1,4,0,0,0,0,0.888,78.4
TUTU4152071,Export,Seafood,Reefer,DBGT,6,2,0,0,0,0,0.856,27.9
TUTU7626285,Export,Machinery,ODC,DBGT,4,2,0,0,0,1,0.871,92.7
TUTU1168755,Import,Coal,Dry,PSA_SICAL,3,5,1,0,0,0,0.817,79.8
TUTU1624727,Import,Chemicals,Hazardous,DBGT,6,4,0,0,0,0,0.908,95.2
TUTU4840567,Export,Salt,Dry,PSA_SICAL,4,2,0,0,0,0,0.767,33.2
TUTU1600167,Export,Salt,Dry,DBGT,7,3,0,0,0,1,0.796,64.7
TUTU7381391,Import,Machinery,ODC,PSA_SICAL,1,2,0,0,0,0,0.793,81.1
TUTU8905228,Export,Textiles,Dry,PSA_SICAL,12,4,0,0,1,0,0.807,50.2
TUTU1530781,Import,Chemicals,Hazardous,PSA_SICAL,8,0,0,0,0,0,0.795,74.9
TUTU3408546,Import,Timber,Dry,PSA_SICAL,2,4,0,0,0,0,0.841,73.5
TUTU1731382,Export,Salt,Dry,DBGT,8,5,1,0,0,0,0.891,54.9
TUTU2131513,Export,Seafood,Reefer,DBGT,9,6,1,0,0,1,0.843,57.1
TUTU3314278,Export,Sugar,Dry,DBGT,2,6,1,0,0,0,0.775,48.1
TUTU8769483,Export,Salt,Dry,DBGT,8,6,1,0,0,0,0.904,66.9
TUTU1136710,Import,Machinery,ODC,DBGT,3,5,1,0,0,0,0.828,86.0
TUTU1397883,Export,Machinery,ODC,DBGT,2,5,1,0,0,1,0.754,84.5
TUTU5826795,Export,Textiles,Dry,DBGT,2,4,0,0,0,0,0.851,48.9
TUTU7616652,Import,Seafood,Reefer,DBGT,12,4,0,0,1,0,0.895,67.6
TUTU8999347,Export,Seafood,Reefer,DBGT,10,4,0,0,1,0,0.867,37.5
TUTU2513313,Export,Machinery,ODC,DBGT,2,4,0,0,0,1,0.887,99.2
TUTU8089773,Import,Electronics,Dry,PSA_SICAL,5,6,1,0,0,0,0.785,76.0
TUTU4883110,Import,Coal,Dry,PSA_SICAL,10,2,0,0,1,0,0.947,117.8
TUTU9198035,Export,Seafood,Reefer,PSA_SICAL,3,1,0,0,0,0,0.854,24.9
TUTU7010001,Export,Sugar,Dry,PSA_SICAL,10,5,1,0,1,0,0.878,63.8
TUTU9959734,Import,Coal,Dry,DBGT,7,2,0,0,0,0,0.778,70.2
TUTU6943864,Import,EdibleOil,LiquidBulk,PSA_SICAL,12,3,0,0,1,0,0.723,91.2
TUTU4565320,Import,Electronics,Dry,DBGT,7,3,0,0,0,0,0.836,64.4
TUTU6435696,Import,EdibleOil,LiquidBulk,PSA_SICAL,5,0,0,0,0,0,0.795,73.5
TUTU4156605,Export,Seafood,Reefer,DBGT,10,2,0,0,1,0,0.733,30.4
TUTU6596074,Export,Sugar,Dry,DBGT,9,1,0,0,0,0,0.853,48.5
TUTU5613518,Export,Machinery,ODC,PSA_SICAL,7,6,1,0,0,0,0.77,59.1
TUTU9649984,Export,Machinery,ODC,DBGT,9,6,1,0,0,1,0.949,115.7
TUTU6232662,Export,Textiles,Dry,PSA_SICAL,4,5,1,0,0,0,0.979,73.2
TUTU6190039,Import,Chemicals,Hazardous,PSA_SICAL,7,2,0,0,0,0,0.889,92.8
TUTU5300117,Export,Seafood,Reefer,DBGT,2,0,0,0,0,1,0.849,61.0
TUTU8633963,Import,Seafood,Reefer,PSA_SICAL,5,3,0,0,0,0,0.836,53.9
TUTU1247928,Export,Textiles,Dry,DBGT,8,3,0,0,0,1,0.848,89.7
TUTU7474420,Export,Seafood,Reefer,DBGT,10,5,1,0,1,0,0.88,41.3
TUTU3453117,Export,Salt,Dry,DBGT,12,3,0,0,1,0,0.806,42.2
TUTU3248391,Export,Seafood,Reefer,PSA_SICAL,2,5,1,0,0,0,0.889,43.4
TUTU3784902,Import,Timber,Dry,PSA_SICAL,1,5,1,0,0,0,0.781,68.0
TUTU5781336,Import,Chemicals,Hazardous,PSA_SICAL,8,4,0,0,0,0,0.813,77.3
TUTU5101666,Import,Timber,Dry,PSA_SICAL,5,1,0,0,0,1,0.807,98.5
TUTU2236634,Import,Timber,Dry,PSA_SICAL,11,0,0,0,1,0,0.868,94.4
TUTU4470004,Import,Chemicals,Hazardous,DBGT,4,2,0,0,0,0,0.866,89.8
TUTU6135667,Export,Seafood,Reefer,DBGT,1,4,0,0,0,0,0.857,37.5
TUTU5349361,Export,Electronics,Dry,DBGT,1,6,1,0,0,0,0.806,44.2
TUTU2297201,Import,EdibleOil,LiquidBulk,PSA_SICAL,1,6,1,0,0,0,0.797,71.5
TUTU8045519,Import,EdibleOil,LiquidBulk,DBGT,6,2,0,0,0,0,0.829,73.7
TUTU2155379,Export,Seafood,Reefer,DBGT,6,5,1,0,0,0,0.802,21.3
TUTU2051126,Import,Coal,Dry,PSA_SICAL,11,5,1,0,1,1,0.905,147.2
TUTU8390341,Import,EdibleOil,LiquidBulk,PSA_SICAL,6,6,1,0,0,0,0.843,78.6
TUTU4534766,Export,Granite,Dry,PSA_SICAL,12,5,1,0,1,0,0.777,65.4
TUTU3534739,Export,Seafood,Reefer,DBGT,5,0,0,0,0,0,0.823,25.9
TUTU8830232,Export,Granite,Dry,PSA_SICAL,2,6,1,0,0,0,0.815,55.4
TUTU2558557,Export,Seafood,Reefer,PSA_SICAL,2,5,1,0,0,0,0.762,31.0
TUTU1861856,Import,Coal,Dry,PSA_SICAL,1,6,1,0,0,0,0.729,73.9
TUTU5821188,Export,Salt,Dry,PSA_SICAL,2,4,0,0,0,0,0.841,43.9
TUTU8516452,Export,Textiles,Dry,DBGT,7,1,0,0,0,0,0.817,48.9
TUTU5175827,Export,Granite,Dry,DBGT,6,1,0,0,0,0,0.81,50.2
TUTU7182083,Export,Granite,Dry,PSA_SICAL,1,0,0,0,0,1,0.81,68.4
TUTU2459037,Export,Salt,Dry,PSA_SICAL,4,5,1,0,0,0,0.866,48.6
TUTU1862915,Export,Seafood,Reefer,DBGT,6,5,1,0,0,0,0.817,28.6
TUTU3413112,Import,EdibleOil,LiquidBulk,PSA_SICAL,4,5,1,0,0,0,0.738,79.3
TUTU6056621,Import,Chemicals,Hazardous,DBGT,1,0,0,0,0,0,0.815,80.2
TUTU9749258,Import,Seafood,Reefer,PSA_SICAL,5,2,0,0,0,0,0.71,50.6
TUTU5750347,Export,Seafood,Reefer,PSA_SICAL,5,6,1,0,0,0,0.858,36.7
TUTU6451586,Import,Electronics,Dry,PSA_SICAL,1,5,1,0,0,0,0.862,72.6
TUTU5553279,Export,Electronics,Dry,PSA_SICAL,2,0,0,0,0,0,0.793,37.2
TUTU6984281,Export,Seafood,Reefer,PSA_SICAL,2,5,1,0,0,0,0.845,31.7
TUTU4927230,Import,Coal,Dry,PSA_SICAL,7,3,0,0,0,0,0.835,70.7
TUTU1868060,Export,Granite,Dry,PSA_SICAL,3,3,0,0,0,0,0.838,45.8
TUTU8543502,Export,Sugar,Dry,PSA_SICAL,1,0,0,0,0,0,0.803,40.4
TUTU3655227,Export,Electronics,Dry,DBGT,8,6,1,0,0,0,0.785,51.4
TUTU1996661,Import,Electronics,Dry,DBGT,11,5,1,0,1,0,0.809,75.7
TUTU8373584,Export,Textiles,Dry,PSA_SICAL,3,0,0,0,0,1,0.92,95.8
TUTU2891486,Export,Sugar,Dry,PSA_SICAL,1,4,0,0,0,0,0.809,40.3
TUTU8707881,Export,Textiles,Dry,PSA_SICAL,3,3,0,0,0,0,0.813,51.4
TUTU8164146,Import,Coal,Dry,PSA_SICAL,11,0,0,0,1,0,0.717,86.6
TUTU8982906,Import,Coal,Dry,DBGT,1,4,0,0,0,0,0.802,74.9
TUTU5783493,Import,Machinery,ODC,DBGT,2,0,0,0,0,0,0.687,86.4
TUTU8605277,Export,Salt,Dry,PSA_SICAL,5,1,0,0,0,0,0.782,30.5
TUTU4032529,Export,Granite,Dry,DBGT,9,3,0,0,0,0,0.831,57.0
TUTU4530547,Export,Salt,Dry,DBGT,12,6,1,0,1,0,0.809,56.3
TUTU3953601,Export,Granite,Dry,PSA_SICAL,6,2,0,0,0,0,0.778,41.3
TUTU8589629,Export,Machinery,ODC,PSA_SICAL,11,2,0,0,1,0,0.789,69.7
TUTU8881530,Export,Seafood,Reefer,DBGT,4,4,0,0,0,0,0.894,37.0
TUTU2780314,Export,Machinery,ODC,PSA_SICAL,7,1,0,0,0,0,0.814,58.3
TUTU8138784,Import,Chemicals,Hazardous,DBGT,2,3,0,0,0,0,0.793,77.9
TUTU5739755,Export,Seafood,Reefer,DBGT,2,5,1,0,0,0,0.911,39.2
TUTU2417345,Import,Electronics,Dry,DBGT,6,6,1,0,0,0,0.764,61.3
TUTU6332114,Import,Chemicals,Hazardous,PSA_SICAL,4,0,0,1,0,1,0.877,143.1
TUTU6392312,Export,Machinery,ODC,PSA_SICAL,6,3,0,0,0,0,0.902,65.4
TUTU2014853,Import,EdibleOil,LiquidBulk,DBGT,10,5,1,0,1,1,0.882,153.2
TUTU3461943,Export,Granite,Dry,PSA_SICAL,4,3,0,0,0,0,0.757,46.4
TUTU1561198,Export,Sugar,Dry,DBGT,4,5,1,0,0,0,0.925,67.1
TUTU2035248,Import,Electronics,Dry,PSA_SICAL,8,4,0,0,0,0,0.908,79.2
TUTU4270330,Export,Machinery,ODC,PSA_SICAL,10,5,1,0,1,0,0.795,82.8
TUTU2444181,Import,EdibleOil,LiquidBulk,PSA_SICAL,4,4,0,0,0,1,0.731,97.5
TUTU8999506,Import,Timber,Dry,PSA_SICAL,4,4,0,0,0,0,0.851,72.3
TUTU2614333,Import,Coal,Dry,PSA_SICAL,7,5,1,0,0,1,0.924,136.2
TUTU3094495,Export,Electronics,Dry,PSA_SICAL,3,3,0,0,0,0,0.912,58.3
TUTU7341745,Export,Electronics,Dry,PSA_SICAL,2,2,0,0,0,0,0.926,61.2
TUTU1387229,Import,EdibleOil,LiquidBulk,PSA_SICAL,3,1,0,0,0,0,0.8,75.2
TUTU3162560,Export,Machinery,ODC,PSA_SICAL,9,2,0,0,0,1,0.816,86.5
TUTU7865973,Import,Timber,Dry,DBGT,2,3,0,0,0,1,0.856,103.3
TUTU7293810,Import,EdibleOil,LiquidBulk,DBGT,7,2,0,0,0,0,0.788,76.0
TUTU6083053,Import,Seafood,Reefer,DBGT,1,6,1,0,0,0,0.813,48.3
TUTU5623287,Import,EdibleOil,LiquidBulk,PSA_SICAL,1,2,0,0,0,0,0.763,67.8
TUTU1706962,Export,Seafood,Reefer,PSA_SICAL,5,0,0,0,0,1,0.837,60.7
TUTU1977315,Import,Timber,Dry,PSA_SICAL,2,3,0,1,0,0,0.822,100.5
TUTU6557974,Export,Granite,Dry,DBGT,3,5,1,0,0,0,0.837,46.5
TUTU6247127,Import,Electronics,Dry,DBGT,1,3,0,0,0,0,0.858,67.0
TUTU7741758,Import,Timber,Dry,PSA_SICAL,6,0,0,0,0,0,0.828,66.7
TUTU1647961,Import,Coal,Dry,PSA_SICAL,5,0,0,1,0,0,0.803,95.3
TUTU3939213,Export,Salt,Dry,DBGT,12,2,0,0,1,0,0.799,44.2
TUTU7440662,Import,Timber,Dry,PSA_SICAL,2,5,1,0,0,0,0.892,89.2
TUTU2277429,Export,Granite,Dry,DBGT,8,4,0,0,0,0,0.787,43.6
TUTU3004218,Import,EdibleOil,LiquidBulk,DBGT,11,3,0,0,1,0,0.873,109.3
TUTU9231254,Export,Machinery,ODC,PSA_SICAL,11,5,1,0,1,0,0.703,72.6
TUTU2101556,Import,Seafood,Reefer,PSA_SICAL,3,0,0,0,0,0,0.804,45.5
TUTU4245641,Export,Machinery,ODC,DBGT,11,2,0,0,1,0,0.678,65.2
TUTU4765537,Export,Granite,Dry,PSA_SICAL,6,2,0,0,0,0,0.797,42.0
TUTU2971843,Import,EdibleOil,LiquidBulk,PSA_SICAL,7,3,0,0,0,0,0.769,68.6
TUTU4259102,Export,Salt,Dry,PSA_SICAL,10,0,0,0,1,1,0.732,85.4
TUTU3632872,Export,Sugar,Dry,DBGT,3,0,0,0,0,0,0.862,47.2
TUTU1395744,Export,Seafood,Reefer,DBGT,11,6,1,0,1,0,0.808,29.7
TUTU8474219,Export,Textiles,Dry,PSA_SICAL,4,2,0,0,0,0,0.753,39.8
TUTU7506158,Export,Granite,Dry,DBGT,5,3,0,0,0,0,0.849,50.7
TUTU2785679,Export,Sugar,Dry,PSA_SICAL,9,5,1,0,0,0,0.84,50.0
TUTU6001408,Import,Coal,Dry,DBGT,7,0,0,0,0,0,0.753,69.4
TUTU7543354,Import,Electronics,Dry,PSA_SICAL,2,6,1,0,0,0,0.792,61.2
TUTU2710831,Export,Salt,Dry,DBGT,7,4,0,0,0,0,0.778,37.7
TUTU8130724,Import,Electronics,Dry,DBGT,9,0,0,0,0,0,0.942,85.3
TUTU1503238,Export,Seafood,Reefer,DBGT,12,1,0,0,1,0,0.846,27.6
TUTU6191271,Export,Salt,Dry,PSA_SICAL,10,0,0,0,1,0,0.909,60.0
TUTU4032341,Export,Seafood,Reefer,PSA_SICAL,9,0,0,0,0,0,0.911,41.7
TUTU4405370,Export,Granite,Dry,PSA_SICAL,6,3,0,0,0,0,0.804,40.3
TUTU3037916,Export,Granite,Dry,PSA_SICAL,7,0,0,0,0,1,0.86,88.5
TUTU3494682,Import,Machinery,ODC,PSA_SICAL,2,5,1,0,0,0,0.832,85.2
TUTU2890043,Export,Seafood,Reefer,DBGT,8,5,1,0,0,1,0.809,52.8
TUTU6950338,Export,Salt,Dry,DBGT,9,4,0,0,0,0,0.909,53.8
TUTU6999442,Import,Electronics,Dry,DBGT,5,4,0,0,0,0,0.846,67.3
TUTU1972875,Import,Chemicals,Hazardous,PSA_SICAL,2,5,1,0,0,0,0.85,91.3
TUTU7507639,Import,Timber,Dry,DBGT,4,2,0,0,0,0,0.889,80.1
TUTU9293031,Export,Seafood,Reefer,PSA_SICAL,4,4,0,0,0,0,0.821,20.6
TUTU6358534,Import,EdibleOil,LiquidBulk,DBGT,9,6,1,0,0,1,0.762,105.1
TUTU3048913,Import,Timber,Dry,PSA_SICAL,3,6,1,0,0,1,0.801,94.9
TUTU6106230,Export,Salt,Dry,PSA_SICAL,7,5,1,0,0,0,0.796,40.6
TUTU9853446,Import,Coal,Dry,DBGT,10,5,1,0,1,0,0.8,96.2
TUTU1046635,Import,Coal,Dry,PSA_SICAL,8,0,0,0,0,1,0.789,97.1
TUTU1028394,Import,Chemicals,Hazardous,DBGT,7,2,0,0,0,0,0.8,77.2
TUTU1484617,Export,Textiles,Dry,PSA_SICAL,11,0,0,1,1,0,0.889,104.0
TUTU9335526,Export,Electronics,Dry,PSA_SICAL,7,2,0,1,0,1,0.687,96.2
TUTU6397313,Export,Salt,Dry,DBGT,6,1,0,0,0,0,0.821,48.5
TUTU4642280,Export,Seafood,Reefer,DBGT,7,4,0,0,0,0,0.806,19.1
TUTU9661105,Export,Electronics,Dry,PSA_SICAL,2,6,1,0,0,0,0.813,52.5
TUTU8806754,Export,Granite,Dry,PSA_SICAL,1,0,0,0,0,0,0.86,52.0
TUTU4390915,Export,Seafood,Reefer,DBGT,1,2,0,0,0,0,0.751,19.7
TUTU7832192,Export,Granite,Dry,PSA_SICAL,5,3,0,0,0,0,0.767,39.8
TUTU2873538,Import,Chemicals,Hazardous,DBGT,10,6,1,0,1,0,0.852,113.3
TUTU8045006,Export,Salt,Dry,PSA_SICAL,7,5,1,0,0,0,0.755,35.2
TUTU6147120,Export,Seafood,Reefer,PSA_SICAL,1,5,1,0,0,0,0.83,34.1
TUTU8978326,Export,Electronics,Dry,DBGT,7,4,0,0,0,0,0.81,37.4
TUTU1061034,Import,Machinery,ODC,PSA_SICAL,3,4,0,0,0,0,0.889,99.3
TUTU5394102,Import,Timber,Dry,PSA_SICAL,12,3,0,0,1,1,0.851,130.9
TUTU4798172,Import,Coal,Dry,PSA_SICAL,3,4,0,0,0,0,0.758,75.0
TUTU4395713,Import,Chemicals,Hazardous,DBGT,4,4,0,0,0,0,0.848,98.1
TUTU2489136,Import,Coal,Dry,PSA_SICAL,11,0,0,0,1,0,0.764,86.5
TUTU2255312,Import,Coal,Dry,PSA_SICAL,6,3,0,1,0,0,0.874,102.3
TUTU9300997,Export,Electronics,Dry,PSA_SICAL,1,6,1,0,0,0,0.855,47.1
TUTU4504431,Export,Seafood,Reefer,PSA_SICAL,8,2,0,0,0,0,0.828,32.5
TUTU8955220,Import,Coal,Dry,PSA_SICAL,10,2,0,0,1,0,0.745,96.3
TUTU9812089,Import,Machinery,ODC,DBGT,8,3,0,0,0,1,0.824,106.8
TUTU7217980,Import,Coal,Dry,PSA_SICAL,8,6,1,0,0,0,0.712,70.4
TUTU7919371,Export,Sugar,Dry,PSA_SICAL,9,0,0,1,0,0,0.908,90.8
TUTU8037506,Export,Salt,Dry,PSA_SICAL,3,4,0,0,0,0,0.786,35.1
TUTU5605395,Import,EdibleOil,LiquidBulk,PSA_SICAL,1,3,0,0,0,0,0.831,76.4
TUTU5839353,Import,Electronics,Dry,DBGT,7,4,0,0,0,0,0.881,74.2
TUTU3399730,Import,Electronics,Dry,PSA_SICAL,3,0,0,0,0,1,0.818,89.0
TUTU3154850,Import,Coal,Dry,PSA_SICAL,11,6,1,0,1,0,0.839,99.2
TUTU8789645,Import,Coal,Dry,DBGT,9,1,0,0,0,0,0.849,76.0
TUTU8460378,Export,Seafood,Reefer,DBGT,3,0,0,0,0,0,0.802,22.9
TUTU7948310,Import,Machinery,ODC,PSA_SICAL,10,4,0,0,1,0,0.78,92.1
TUTU3520366,Export,Granite,Dry,PSA_SICAL,2,3,0,0,0,0,0.792,43.7
TUTU4464057,Export,Granite,Dry,DBGT,3,0,0,0,0,0,0.9,64.5
TUTU2903888,Export,Granite,Dry,DBGT,6,4,0,0,0,0,0.831,48.0
TUTU1161080,Export,Seafood,Reefer,DBGT,9,6,1,0,0,0,0.859,34.0
TUTU2170747,Export,Seafood,Reefer,DBGT,5,2,0,0,0,1,0.889,65.7
TUTU2312111,Import,Coal,Dry,DBGT,1,1,0,0,0,0,0.83,73.5
TUTU9224478,Export,Textiles,Dry,DBGT,2,3,0,0,0,0,0.785,38.2
TUTU5739690,Export,Seafood,Reefer,PSA_SICAL,12,6,1,0,1,0,0.824,36.5
TUTU2156830,Import,Electronics,Dry,PSA_SICAL,2,5,1,0,0,0,0.799,58.1
TUTU7718987,Import,EdibleOil,LiquidBulk,DBGT,6,2,0,0,0,0,0.853,83.8
TUTU9634599,Export,Seafood,Reefer,PSA_SICAL,7,0,0,0,0,0,0.803,17.4
TUTU2150304,Import,Electronics,Dry,PSA_SICAL,5,5,1,0,0,0,0.806,59.2
TUTU2680532,Export,Sugar,Dry,PSA_SICAL,4,3,0,0,0,1,0.795,66.5
TUTU7603865,Import,Coal,Dry,PSA_SICAL,11,0,0,0,1,1,0.89,144.0
TUTU1435306,Import,Coal,Dry,PSA_SICAL,10,5,1,0,1,0,0.79,104.8
TUTU5893823,Export,Granite,Dry,DBGT,2,4,0,0,0,0,0.791,41.1
TUTU9155940,Import,Coal,Dry,PSA_SICAL,6,4,0,0,0,1,0.847,116.5
TUTU4294634,Export,Textiles,Dry,PSA_SICAL,5,2,0,0,0,0,0.777,39.2
TUTU5951142,Export,Machinery,ODC,DBGT,11,0,0,0,1,0,0.814,66.3
TUTU5883939,Export,Electronics,Dry,DBGT,6,6,1,0,0,1,0.777,71.1
TUTU7591558,Export,Salt,Dry,PSA_SICAL,8,3,0,0,0,0,0.692,43.5
TUTU5200632,Import,Electronics,Dry,DBGT,2,4,0,0,0,1,0.877,120.5
TUTU1532454,Export,Seafood,Reefer,PSA_SICAL,9,6,1,0,0,0,0.768,24.9
TUTU6527505,Import,Machinery,ODC,PSA_SICAL,11,1,0,0,1,1,0.847,148.0
TUTU3412708,Import,Coal,Dry,DBGT,7,1,0,0,0,0,0.753,68.2
TUTU8885273,Export,Seafood,Reefer,DBGT,4,0,0,1,0,0,0.843,52.5
TUTU8688165,Export,Granite,Dry,PSA_SICAL,12,4,0,0,1,0,0.726,51.3
TUTU1115739,Import,Coal,Dry,DBGT,8,4,0,0,0,0,0.855,76.1
TUTU1252472,Import,Seafood,Reefer,PSA_SICAL,1,4,0,1,0,0,0.698,68.0
TUTU1193484,Import,Machinery,ODC,PSA_SICAL,1,1,0,0,0,0,0.96,98.3
TUTU3693505,Import,EdibleOil,LiquidBulk,PSA_SICAL,10,4,0,0,1,0,0.732,90.4
TUTU1894031,Import,EdibleOil,LiquidBulk,PSA_SICAL,1,6,1,0,0,1,0.83,110.5
TUTU8280391,Export,Granite,Dry,DBGT,9,6,1,0,0,0,0.858,50.2
TUTU6130862,Export,Seafood,Reefer,DBGT,12,2,0,0,1,0,0.846,31.5
TUTU2046943,Import,Electronics,Dry,DBGT,9,2,0,1,0,0,0.858,91.4
TUTU7230439,Import,Timber,Dry,PSA_SICAL,8,4,0,0,0,0,0.812,65.8
TUTU1365475,Export,Salt,Dry,DBGT,10,6,1,0,1,0,0.83,49.4
TUTU6733244,Export,Electronics,Dry,PSA_SICAL,11,4,0,0,1,1,0.791,85.6
TUTU9418137,Import,Coal,Dry,PSA_SICAL,7,5,1,0,0,0,0.812,80.1
TUTU6973124,Import,Seafood,Reefer,PSA_SICAL,8,4,0,0,0,0,0.794,46.2
TUTU4814104,Export,Seafood,Reefer,PSA_SICAL,5,0,0,0,0,0,0.78,17.6
TUTU6971842,Export,Salt,Dry,DBGT,12,1,0,0,1,0,0.86,56.8
TUTU4913395,Export,Sugar,Dry,PSA_SICAL,6,0,0,0,0,0,0.797,40.5
TUTU9115728,Import,Chemicals,Hazardous,PSA_SICAL,6,3,0,0,0,0,0.843,86.9
TUTU2368323,Export,Salt,Dry,PSA_SICAL,2,2,0,0,0,0,0.9,53.2
TUTU7270679,Import,Machinery,ODC,PSA_SICAL,4,0,0,0,0,0,0.858,83.6
TUTU3590472,Export,Salt,Dry,PSA_SICAL,7,0,0,0,0,0,0.795,34.0
TUTU5301208,Import,Coal,Dry,PSA_SICAL,7,0,0,0,0,0,0.843,77.0
TUTU4397224,Export,Sugar,Dry,PSA_SICAL,8,0,0,0,0,0,0.731,36.5
TUTU9244118,Import,Machinery,ODC,DBGT,6,1,0,0,0,0,0.826,78.5
TUTU7238241,Export,Electronics,Dry,PSA_SICAL,3,3,0,0,0,0,0.863,47.5
TUTU8928810,Export,Salt,Dry,PSA_SICAL,2,5,1,0,0,0,0.8,36.1
TUTU7174818,Export,Seafood,Reefer,DBGT,5,5,1,0,0,0,0.807,23.7
TUTU6584893,Import,Timber,Dry,DBGT,10,3,0,0,1,0,0.871,95.0
TUTU9890835,Export,Seafood,Reefer,PSA_SICAL,7,3,0,0,0,0,0.802,16.8
TUTU9318119,Import,Coal,Dry,PSA_SICAL,5,4,0,0,0,0,0.726,66.0
TUTU6398810,Export,Seafood,Reefer,PSA_SICAL,11,3,0,0,1,0,0.832,33.3
TUTU1419405,Export,Textiles,Dry,DBGT,3,4,0,0,0,0,0.866,52.7
TUTU2145318,Import,Coal,Dry,PSA_SICAL,9,4,0,0,0,0,0.81,70.4
TUTU1344941,Import,Coal,Dry,PSA_SICAL,12,0,0,0,1,1,0.744,129.6
TUTU1264686,Import,Timber,Dry,PSA_SICAL,12,3,0,0,1,0,0.867,101.1
TUTU2644455,Import,Electronics,Dry,PSA_SICAL,1,3,0,0,0,1,0.825,104.1
TUTU4230753,Import,Timber,Dry,DBGT,1,2,0,0,0,0,0.784,72.4
TUTU7478750,Import,Machinery,ODC,PSA_SICAL,2,2,0,0,0,1,0.717,112.6
TUTU4853504,Export,Machinery,ODC,DBGT,11,2,0,0,1,0,0.772,62.4
TUTU1462357,Export,Granite,Dry,PSA_SICAL,3,0,0,0,0,0,0.718,36.6
TUTU2933374,Export,Seafood,Reefer,PSA_SICAL,4,0,0,0,0,1,0.885,60.5
TUTU6416172,Export,Electronics,Dry,DBGT,1,2,0,0,0,0,0.723,35.2
TUTU3307161,Import,Timber,Dry,PSA_SICAL,11,2,0,0,1,0,0.817,84.7
TUTU7426914,Export,Textiles,Dry,PSA_SICAL,9,3,0,0,0,1,0.817,74.0
TUTU8549944,Import,EdibleOil,LiquidBulk,PSA_SICAL,1,5,1,0,0,0,0.803,79.2
TUTU5714466,Import,Chemicals,Hazardous,DBGT,10,1,0,0,1,0,0.775,96.4
TUTU5312215,Export,Seafood,Reefer,PSA_SICAL,1,3,0,0,0,0,0.84,28.6
TUTU1909702,Import,Chemicals,Hazardous,PSA_SICAL,5,3,0,0,0,0,0.852,89.3
TUTU7875283,Export,Seafood,Reefer,DBGT,5,3,0,0,0,0,0.854,35.1
TUTU2295050,Export,Seafood,Reefer,DBGT,10,3,0,0,1,0,0.761,29.7
TUTU8794864,Export,Seafood,Reefer,PSA_SICAL,7,4,0,0,0,0,0.87,34.1
TUTU4460777,Import,Machinery,ODC,DBGT,6,6,1,0,0,0,0.801,81.0
TUTU9423357,Import,Chemicals,Hazardous,PSA_SICAL,10,5,1,0,1,0,0.759,108.7
TUTU1257077,Export,Salt,Dry,PSA_SICAL,8,5,1,0,0,1,0.792,70.2
TUTU5042134,Export,Seafood,Reefer,PSA_SICAL,6,2,0,0,0,0,0.896,33.4
TUTU3108984,Export,Salt,Dry,DBGT,4,0,0,0,0,1,0.801,74.9
TUTU3380918,Export,Seafood,Reefer,DBGT,2,0,0,0,0,1,0.874,61.1
TUTU2735511,Import,Coal,Dry,DBGT,9,1,0,0,0,0,0.807,67.0
TUTU3341557,Import,Timber,Dry,PSA_SICAL,8,4,0,0,0,0,0.876,75.4
TUTU8005626,Export,Sugar,Dry,PSA_SICAL,5,2,0,0,0,0,0.793,42.0
TUTU6847677,Import,Machinery,ODC,DBGT,9,6,1,0,0,0,0.816,83.8
TUTU9305784,Export,Textiles,Dry,PSA_SICAL,4,2,0,0,0,0,0.884,63.9
TUTU1834509,Export,Textiles,Dry,PSA_SICAL,4,6,1,0,0,0,0.81,43.4
TUTU4643879,Import,Coal,Dry,PSA_SICAL,10,1,0,0,1,0,0.779,88.9
TUTU2821738,Import,Seafood,Reefer,DBGT,9,6,1,0,0,0,0.858,54.3
TUTU5814286,Import,Electronics,Dry,PSA_SICAL,3,4,0,0,0,0,0.817,61.8
TUTU4719096,Import,Machinery,ODC,DBGT,5,4,0,0,0,0,0.922,97.7
TUTU7318618,Import,Machinery,ODC,PSA_SICAL,9,4,0,0,0,0,0.83,79.7
TUTU4579853,Export,Granite,Dry,DBGT,8,5,1,0,0,0,0.778,53.2
TUTU4047626,Import,Timber,Dry,PSA_SICAL,1,0,0,0,0,0,0.795,68.5
TUTU2237986,Import,Timber,Dry,DBGT,4,2,0,0,0,1,0.83,97.3
TUTU1291911,Import,Electronics,Dry,PSA_SICAL,11,6,1,0,1,0,0.858,88.7
TUTU9494810,Import,Timber,Dry,PSA_SICAL,12,0,0,0,1,1,0.831,126.9
TUTU7751504,Export,Sugar,Dry,DBGT,8,5,1,0,0,0,0.772,43.5
TUTU9680873,Import,Electronics,Dry,DBGT,10,4,0,0,1,0,0.855,86.3
TUTU1581218,Import,Chemicals,Hazardous,DBGT,11,1,0,0,1,0,0.783,104.9
TUTU1951368,Export,Salt,Dry,DBGT,8,4,0,0,0,0,0.881,55.3
TUTU9944299,Import,Machinery,ODC,DBGT,9,0,0,0,0,0,0.793,83.8
TUTU5176061,Export,Seafood,Reefer,DBGT,9,4,0,0,0,1,0.871,60.4
TUTU7909512,Import,Timber,Dry,PSA_SICAL,4,0,0,0,0,0,0.847,70.8
TUTU1570311,Export,Salt,Dry,PSA_SICAL,6,6,1,0,0,0,0.883,59.8
TUTU1859276,Export,Seafood,Reefer,PSA_SICAL,2,4,0,0,0,0,0.852,32.3
TUTU6098712,Import,Coal,Dry,DBGT,5,1,0,0,0,0,0.814,71.7
TUTU8497308,Export,Seafood,Reefer,PSA_SICAL,9,6,1,0,0,0,0.837,33.2
TUTU2546161,Import,Coal,Dry,PSA_SICAL,2,5,1,0,0,0,0.855,93.8
TUTU2993640,Import,Timber,Dry,PSA_SICAL,4,0,0,0,0,0,0.804,68.6
TUTU4806705,Import,Machinery,ODC,PSA_SICAL,9,2,0,0,0,0,0.841,80.9
TUTU1031797,Import,Electronics,Dry,PSA_SICAL,7,3,0,0,0,0,0.905,77.2
TUTU9843801,Export,Textiles,Dry,PSA_SICAL,7,6,1,0,0,0,0.735,45.0
TUTU3697277,Import,Coal,Dry,DBGT,4,4,0,0,0,0,0.82,76.0
TUTU8711400,Import,Seafood,Reefer,PSA_SICAL,2,6,1,0,0,1,0.757,75.2
TUTU5020697,Export,Salt,Dry,PSA_SICAL,7,5,1,0,0,0,0.825,40.4
TUTU4784137,Import,Chemicals,Hazardous,PSA_SICAL,8,1,0,0,0,0,0.83,80.5
TUTU9709498,Export,Machinery,ODC,PSA_SICAL,10,0,0,0,1,0,0.773,71.6
TUTU1710457,Import,Coal,Dry,DBGT,2,3,0,0,0,0,0.849,79.5
TUTU3062184,Import,EdibleOil,LiquidBulk,PSA_SICAL,3,4,0,0,0,0,0.833,74.6
TUTU3547173,Export,Seafood,Reefer,PSA_SICAL,10,1,0,0,1,0,0.805,23.4
TUTU4065197,Export,Textiles,Dry,DBGT,10,3,0,0,1,0,0.856,56.8
TUTU8988493,Import,Machinery,ODC,PSA_SICAL,3,0,0,0,0,0,0.85,82.8
TUTU5633915,Export,Textiles,Dry,PSA_SICAL,10,1,0,0,1,0,0.836,58.1
TUTU5505695,Export,Salt,Dry,PSA_SICAL,11,5,1,0,1,0,0.78,48.1
TUTU9564316,Export,Salt,Dry,PSA_SICAL,3,2,0,0,0,0,0.727,34.2
TUTU1342178,Export,Salt,Dry,DBGT,9,2,0,0,0,0,0.932,68.5
TUTU9159174,Export,Seafood,Reefer,DBGT,1,1,0,1,0,0,0.876,52.4
TUTU6477066,Import,Electronics,Dry,DBGT,7,2,0,0,0,0,0.832,69.4
TUTU7065417,Import,Timber,Dry,DBGT,11,6,1,0,1,0,0.924,108.1
TUTU8146349,Export,Sugar,Dry,DBGT,11,1,0,0,1,0,0.835,55.0
TUTU6262679,Export,Seafood,Reefer,PSA_SICAL,4,4,0,0,0,0,0.796,31.0
TUTU5375595,Export,Granite,Dry,PSA_SICAL,5,4,0,0,0,0,0.898,66.2
TUTU5157293,Import,Electronics,Dry,PSA_SICAL,10,4,0,0,1,0,0.786,72.4
TUTU7706883,Export,Seafood,Reefer,PSA_SICAL,8,0,0,0,0,1,0.857,56.1
TUTU6786949,Export,Salt,Dry,DBGT,10,3,0,0,1,1,0.853,97.1
TUTU3721047,Export,Seafood,Reefer,DBGT,9,5,1,0,0,0,0.817,27.9
TUTU2964636,Import,Coal,Dry,PSA_SICAL,1,3,0,0,0,0,0.811,75.8
TUTU4414472,Export,Granite,Dry,PSA_SICAL,1,6,1,0,0,0,0.833,54.2
TUTU4414760,Import,Coal,Dry,PSA_SICAL,3,2,0,0,0,0,0.769,69.1
TUTU1683089,Import,Seafood,Reefer,DBGT,4,5,1,0,0,0,0.753,53.0
TUTU2688588,Export,Electronics,Dry,DBGT,6,1,0,0,0,0,0.794,45.7
TUTU8789648,Import,Chemicals,Hazardous,DBGT,2,2,0,0,0,1,0.825,117.8
TUTU3083007,Export,Granite,Dry,PSA_SICAL,3,0,0,0,0,0,0.834,49.9
TUTU2890059,Export,Salt,Dry,PSA_SICAL,2,3,0,0,0,0,0.822,37.6
TUTU1819444,Export,Sugar,Dry,PSA_SICAL,6,0,0,0,0,0,0.804,37.5
TUTU5436658,Export,Textiles,Dry,PSA_SICAL,7,2,0,0,0,0,0.84,44.5
TUTU7778969,Export,Granite,Dry,PSA_SICAL,2,1,0,0,0,0,0.81,46.5
TUTU1076542,Import,Electronics,Dry,DBGT,5,2,0,0,0,1,0.881,108.3
TUTU2826721,Import,Chemicals,Hazardous,DBGT,10,3,0,0,1,0,0.929,132.4
TUTU2737298,Export,Granite,Dry,PSA_SICAL,4,1,0,0,0,1,0.866,82.2
TUTU1599741,Import,Seafood,Reefer,DBGT,2,3,0,0,0,1,0.826,73.9
TUTU8797265,Export,Textiles,Dry,PSA_SICAL,3,2,0,0,0,0,0.73,48.7
TUTU6199036,Export,Salt,Dry,DBGT,1,4,0,0,0,0,0.881,48.5
TUTU6402349,Import,Machinery,ODC,PSA_SICAL,7,4,0,0,0,0,0.811,78.2
TUTU1051425,Import,Electronics,Dry,DBGT,10,0,0,0,1,0,0.878,99.7
TUTU8770902,Import,Timber,Dry,DBGT,12,3,0,0,1,0,0.825,87.4
TUTU5937430,Import,EdibleOil,LiquidBulk,PSA_SICAL,8,6,1,0,0,0,0.861,86.8
TUTU1734484,Import,Machinery,ODC,PSA_SICAL,2,2,0,0,0,0,0.872,87.9
TUTU2728528,Export,Salt,Dry,PSA_SICAL,4,5,1,0,0,0,0.791,46.8
TUTU5923927,Export,Salt,Dry,DBGT,2,2,0,0,0,0,0.822,36.5
TUTU7875848,Export,Machinery,ODC,PSA_SICAL,5,4,0,0,0,0,0.835,60.7
TUTU7965988,Import,Coal,Dry,DBGT,7,0,0,1,0,0,0.858,98.8
TUTU5793847,Import,Seafood,Reefer,PSA_SICAL,10,4,0,1,1,0,0.804,82.3
TUTU7767881,Import,Chemicals,Hazardous,PSA_SICAL,1,4,0,0,0,0,0.792,80.4
TUTU8818531,Export,Seafood,Reefer,DBGT,6,6,1,0,0,0,0.878,43.5
TUTU5506489,Export,Granite,Dry,PSA_SICAL,6,1,0,0,0,0,0.809,42.1
TUTU7511047,Import,Chemicals,Hazardous,PSA_SICAL,6,2,0,0,0,1,0.882,129.9
TUTU6494636,Export,Granite,Dry,DBGT,12,6,1,0,1,1,0.855,110.3
TUTU9495376,Export,Granite,Dry,PSA_SICAL,4,6,1,0,0,1,0.813,78.8
TUTU2421049,Import,Machinery,ODC,PSA_SICAL,1,3,0,0,0,0,0.755,69.1
TUTU2370715,Import,Electronics,Dry,PSA_SICAL,7,0,0,0,0,0,0.919,85.1
TUTU9216349,Export,Granite,Dry,PSA_SICAL,3,5,1,0,0,0,0.875,63.0
TUTU5486186,Export,Seafood,Reefer,PSA_SICAL,3,6,1,0,0,0,0.868,34.1
TUTU9790854,Import,Timber,Dry,DBGT,8,6,1,0,0,0,0.842,69.2
TUTU5447218,Export,Electronics,Dry,DBGT,2,5,1,0,0,0,0.742,44.8
TUTU2064642,Export,Sugar,Dry,PSA_SICAL,1,5,1,0,0,0,0.858,54.0
TUTU6474755,Export,Electronics,Dry,DBGT,2,5,1,0,0,0,0.844,59.4
TUTU5716079,Export,Sugar,Dry,PSA_SICAL,11,1,0,0,1,0,0.746,48.7
TUTU2938766,Export,Machinery,ODC,PSA_SICAL,4,3,0,0,0,0,0.731,47.8
TUTU3768310,Export,Salt,Dry,PSA_SICAL,2,0,0,0,0,0,0.745,31.3
TUTU9290601,Import,Seafood,Reefer,DBGT,7,5,1,0,0,0,0.699,49.8
TUTU8089802,Import,Machinery,ODC,PSA_SICAL,11,1,0,0,1,0,0.867,102.6
TUTU9383277,Export,Granite,Dry,PSA_SICAL,9,4,0,0,0,0,0.89,56.5
TUTU2056751,Export,Granite,Dry,PSA_SICAL,5,5,1,0,0,1,0.833,83.8
TUTU2797928,Export,Sugar,Dry,PSA_SICAL,1,3,0,0,0,0,0.845,45.5
TUTU5681758,Import,Timber,Dry,DBGT,7,6,1,0,0,0,0.849,80.6
TUTU2273487,Import,Machinery,ODC,PSA_SICAL,9,6,1,0,0,0,0.848,91.0
TUTU6482800,Import,EdibleOil,LiquidBulk,PSA_SICAL,7,4,0,0,0,0,0.846,79.7
TUTU1986623,Import,Timber,Dry,PSA_SICAL,3,4,0,0,0,0,0.865,74.4
TUTU2312381,Import,Timber,Dry,PSA_SICAL,6,6,1,0,0,0,0.77,75.0
TUTU1442519,Export,Granite,Dry,PSA_SICAL,1,2,0,0,0,0,0.816,53.3
TUTU3071375,Export,Seafood,Reefer,DBGT,11,2,0,0,1,0,0.868,39.6
TUTU4615727,Export,Salt,Dry,PSA_SICAL,6,0,0,0,0,0,0.756,37.4
TUTU5458330,Import,Machinery,ODC,PSA_SICAL,11,0,0,0,1,1,0.764,129.2
TUTU6724663,Import,Seafood,Reefer,DBGT,6,5,1,0,0,0,0.719,46.5
TUTU6088555,Export,Seafood,Reefer,PSA_SICAL,4,2,0,0,0,0,0.77,23.1
TUTU7316724,Export,Seafood,Reefer,PSA_SICAL,10,5,1,0,1,0,0.74,35.0
TUTU7695598,Export,Seafood,Reefer,DBGT,2,5,1,0,0,0,0.788,24.5
TUTU6769711,Export,Sugar,Dry,DBGT,5,0,0,0,0,0,0.8,36.0
TUTU2043665,Import,Seafood,Reefer,DBGT,10,5,1,0,1,0,0.846,73.3
TUTU3069068,Export,Seafood,Reefer,PSA_SICAL,10,1,0,0,1,0,0.858,30.3
TUTU8001464,Export,Sugar,Dry,PSA_SICAL,3,6,1,0,0,0,0.825,49.8
TUTU3723582,Import,Coal,Dry,DBGT,9,4,0,0,0,1,0.843,106.3
TUTU9293747,Export,Textiles,Dry,PSA_SICAL,11,6,1,0,1,0,0.873,67.3
TUTU9642590,Import,Seafood,Reefer,PSA_SICAL,3,6,1,0,0,1,0.845,86.1
TUTU8795723,Export,Granite,Dry,PSA_SICAL,5,0,0,0,0,1,0.806,71.8
TUTU6061573,Import,Coal,Dry,PSA_SICAL,4,5,1,0,0,0,0.829,75.0
TUTU3041410,Export,Salt,Dry,PSA_SICAL,12,5,1,0,1,0,0.843,63.7
TUTU5196786,Export,Textiles,Dry,PSA_SICAL,2,0,0,0,0,0,0.847,50.4
TUTU6410506,Export,Seafood,Reefer,PSA_SICAL,7,6,1,0,0,1,0.779,51.2
TUTU1134041,Export,Salt,Dry,PSA_SICAL,1,4,0,0,0,1,0.85,75.3
TUTU7285613,Export,Textiles,Dry,PSA_SICAL,7,6,1,1,0,0,0.77,70.7
TUTU1275121,Export,Electronics,Dry,PSA_SICAL,1,4,0,0,0,1,0.773,68.9
TUTU8349372,Export,Sugar,Dry,DBGT,10,2,0,0,1,0,0.904,72.0
TUTU5220592,Import,Coal,Dry,PSA_SICAL,7,6,1,0,0,0,0.776,79.1
TUTU8980138,Export,Salt,Dry,PSA_SICAL,12,6,1,0,1,0,0.817,56.1
TUTU4859420,Export,Sugar,Dry,DBGT,3,4,0,0,0,0,0.776,36.0
TUTU6494449,Export,Sugar,Dry,DBGT,7,2,0,0,0,1,0.805,77.7
TUTU5311262,Export,Electronics,Dry,DBGT,6,6,1,0,0,0,0.805,46.1
TUTU6438736,Import,Coal,Dry,PSA_SICAL,1,1,0,0,0,1,0.863,107.6
TUTU2598493,Export,Salt,Dry,PSA_SICAL,8,3,0,0,0,0,0.818,36.6
TUTU3689229,Import,Chemicals,Hazardous,PSA_SICAL,7,2,0,0,0,0,0.826,77.6
TUTU4436180,Import,Timber,Dry,PSA_SICAL,8,5,1,0,0,0,0.783,63.0
TUTU3463539,Import,Coal,Dry,PSA_SICAL,12,0,0,0,1,0,0.881,105.8
TUTU6737198,Export,Sugar,Dry,PSA_SICAL,12,0,0,1,1,1,0.784,114.8
TUTU4219847,Import,Seafood,Reefer,DBGT,4,3,0,0,0,0,0.818,44.6
TUTU6498060,Import,Seafood,Reefer,PSA_SICAL,8,2,0,0,0,0,0.736,38.5
TUTU7217690,Import,Coal,Dry,PSA_SICAL,2,3,0,0,0,0,0.858,78.4
TUTU8423307,Export,Sugar,Dry,PSA_SICAL,2,0,0,0,0,0,0.872,53.4
TUTU2237380,Export,Granite,Dry,PSA_SICAL,11,6,1,0,1,0,0.812,51.9
TUTU8504878,Export,Seafood,Reefer,DBGT,7,5,1,0,0,0,0.793,27.1
TUTU7367317,Import,Timber,Dry,DBGT,5,1,0,0,0,0,0.855,71.4
TUTU6834802,Export,Sugar,Dry,DBGT,11,4,0,0,1,1,0.723,83.4
TUTU6756242,Export,Granite,Dry,DBGT,2,1,0,0,0,0,0.812,44.2
TUTU3362263,Import,Electronics,Dry,DBGT,6,1,0,0,0,1,0.769,88.9
TUTU2303900,Export,Salt,Dry,PSA_SICAL,9,4,0,0,0,1,0.717,69.3
TUTU1940433,Import,EdibleOil,LiquidBulk,DBGT,5,5,1,0,0,0,0.829,85.3
TUTU5362562,Import,Machinery,ODC,DBGT,11,1,0,0,1,0,0.834,103.8
TUTU3140886,Import,Machinery,ODC,PSA_SICAL,10,1,0,0,1,0,0.954,125.8
TUTU1465800,Import,Timber,Dry,PSA_SICAL,9,2,0,0,0,1,0.778,94.3
TUTU9837478,Import,Seafood,Reefer,PSA_SICAL,11,5,1,0,1,0,0.744,64.9
TUTU3895179,Import,Timber,Dry,PSA_SICAL,10,5,1,0,1,1,0.873,144.5
TUTU1503196,Import,Coal,Dry,PSA_SICAL,11,6,1,0,1,0,0.782,91.2
TUTU2467436,Import,EdibleOil,LiquidBulk,DBGT,6,2,0,0,0,0,0.855,79.2
TUTU8257535,Export,Granite,Dry,PSA_SICAL,5,5,1,0,0,0,0.756,52.8
TUTU9351068,Export,Electronics,Dry,PSA_SICAL,11,3,0,0,1,0,0.883,64.7
TUTU5467338,Export,Salt,Dry,PSA_SICAL,4,0,0,0,0,0,0.826,36.9
TUTU2671337,Export,Granite,Dry,PSA_SICAL,2,0,0,0,0,1,0.828,75.0
TUTU6291205,Export,Seafood,Reefer,PSA_SICAL,5,0,0,0,0,0,0.789,20.5
TUTU8319095,Import,Electronics,Dry,DBGT,12,4,0,0,1,0,0.819,79.5
TUTU1572563,Export,Textiles,Dry,PSA_SICAL,2,0,0,0,0,0,0.719,36.6
TUTU9458917,Export,Salt,Dry,DBGT,3,5,1,0,0,0,0.836,51.7
TUTU1343884,Export,Seafood,Reefer,PSA_SICAL,5,4,0,0,0,0,0.8,18.8
TUTU8542226,Import,EdibleOil,LiquidBulk,DBGT,10,2,0,0,1,0,0.752,87.2
TUTU9418657,Export,Sugar,Dry,DBGT,1,3,0,0,0,0,0.852,49.0
TUTU6867643,Export,Seafood,Reefer,PSA_SICAL,6,6,1,0,0,1,0.738,55.0
TUTU7522815,Import,Coal,Dry,DBGT,5,0,0,0,0,0,0.786,68.6
TUTU2930045,Export,Salt,Dry,DBGT,3,3,0,0,0,0,0.715,38.6
TUTU2592922,Export,Seafood,Reefer,PSA_SICAL,3,4,0,1,0,0,0.854,59.7
TUTU8816500,Import,Timber,Dry,PSA_SICAL,9,1,0,0,0,1,0.825,100.3
TUTU9429889,Import,Coal,Dry,PSA_SICAL,5,6,1,0,0,1,0.8,116.4
TUTU4472748,Export,Granite,Dry,PSA_SICAL,11,1,0,0,1,0,0.897,74.0
TUTU5183691,Export,Sugar,Dry,PSA_SICAL,12,4,0,0,1,1,0.853,103.8
TUTU6754994,Export,Seafood,Reefer,DBGT,8,6,1,0,0,0,0.831,30.8
TUTU2506091,Export,Sugar,Dry,PSA_SICAL,8,2,0,0,0,1,0.857,78.8
TUTU1539439,Export,Salt,Dry,PSA_SICAL,7,2,0,0,0,1,0.821,67.9
TUTU9477654,Import,Electronics,Dry,DBGT,4,1,0,0,0,0,0.751,68.6
TUTU4112838,Export,Salt,Dry,DBGT,3,3,0,0,0,0,0.797,34.9
TUTU3960225,Import,Machinery,ODC,DBGT,1,0,0,0,0,0,0.834,84.3
TUTU7412873,Export,Seafood,Reefer,DBGT,12,4,0,0,1,0,0.792,26.7
TUTU4173845,Import,Coal,Dry,PSA_SICAL,7,4,0,0,0,0,0.782,71.3
TUTU5806719,Import,Coal,Dry,PSA_SICAL,2,4,0,0,0,1,0.791,98.6
TUTU1095567,Import,Machinery,ODC,PSA_SICAL,10,0,0,0,1,0,0.818,98.1
TUTU9128310,Import,Chemicals,Hazardous,PSA_SICAL,4,4,0,0,0,0,0.809,83.3
TUTU2734598,Export,Salt,Dry,DBGT,3,3,0,1,0,0,0.718,56.3
TUTU4019834,Export,Granite,Dry,PSA_SICAL,9,0,0,0,0,0,0.759,41.5
TUTU9361905,Export,Salt,Dry,PSA_SICAL,10,1,0,0,1,0,0.876,58.9
TUTU1947566,Import,EdibleOil,LiquidBulk,PSA_SICAL,2,0,0,0,0,0,0.896,92.0
TUTU4479311,Import,EdibleOil,LiquidBulk,PSA_SICAL,7,5,1,0,0,0,0.872,87.5
TUTU2488122,Export,Granite,Dry,DBGT,5,5,1,0,0,0,0.877,56.1
TUTU1832704,Export,Seafood,Reefer,PSA_SICAL,5,2,0,0,0,0,0.729,19.3
TUTU6715834,Import,Coal,Dry,DBGT,2,6,1,0,0,0,0.849,84.5
TUTU8928827,Import,Coal,Dry,DBGT,1,0,0,0,0,1,0.849,108.8
TUTU9477006,Export,Electronics,Dry,PSA_SICAL,9,3,0,0,0,0,0.865,45.5
TUTU3869325,Import,Timber,Dry,DBGT,9,3,0,0,0,0,0.85,74.1
TUTU2557138,Export,Textiles,Dry,DBGT,9,3,0,1,0,0,0.753,58.2
TUTU6018915,Import,Coal,Dry,DBGT,4,4,0,0,0,0,0.75,68.7
TUTU2522775,Export,Textiles,Dry,PSA_SICAL,11,3,0,0,1,0,0.857,59.3
TUTU6929698,Export,Seafood,Reefer,DBGT,1,6,1,0,0,0,0.845,25.3
TUTU6705842,Export,Seafood,Reefer,PSA_SICAL,9,3,0,0,0,0,0.852,24.6
TUTU3557498,Import,Chemicals,Hazardous,PSA_SICAL,6,6,1,0,0,0,0.796,82.1
TUTU3935170,Export,Seafood,Reefer,PSA_SICAL,5,5,1,0,0,1,0.809,52.4
TUTU7011990,Export,Seafood,Reefer,PSA_SICAL,7,1,0,0,0,1,0.789,52.5
TUTU1959111,Export,Machinery,ODC,PSA_SICAL,2,5,1,0,0,0,0.874,71.6
TUTU4738695,Export,Seafood,Reefer,PSA_SICAL,5,5,1,0,0,1,0.785,51.8
TUTU9077935,Import,Machinery,ODC,PSA_SICAL,6,5,1,0,0,0,0.92,102.2
TUTU5171642,Export,Sugar,Dry,PSA_SICAL,2,1,0,0,0,0,0.743,37.1
TUTU5533495,Import,Coal,Dry,PSA_SICAL,10,2,0,0,1,0,0.848,93.7
TUTU7231785,Import,Timber,Dry,PSA_SICAL,8,4,0,0,0,0,0.797,70.8
TUTU2973758,Export,Seafood,Reefer,PSA_SICAL,7,3,0,0,0,1,0.732,49.1
TUTU1935634,Export,Sugar,Dry,DBGT,12,4,0,0,1,0,0.803,53.6
TUTU3322974,Export,Seafood,Reefer,PSA_SICAL,7,6,1,0,0,1,0.819,55.0
TUTU7710390,Import,Chemicals,Hazardous,DBGT,7,0,0,0,0,0,0.835,91.2
TUTU1666177,Import,Chemicals,Hazardous,PSA_SICAL,9,4,0,0,0,0,0.824,81.7
TUTU7864958,Import,Timber,Dry,PSA_SICAL,8,5,1,0,0,0,0.861,84.6
TUTU1426309,Export,Textiles,Dry,DBGT,5,6,1,0,0,1,0.779,79.6
TUTU2043090,Export,Sugar,Dry,PSA_SICAL,3,2,0,0,0,0,0.793,36.3
TUTU4819168,Export,Granite,Dry,DBGT,1,5,1,0,0,0,0.924,66.5
TUTU3094348,Import,Timber,Dry,PSA_SICAL,6,1,0,0,0,0,0.845,73.0
TUTU2795724,Export,Electronics,Dry,DBGT,11,4,0,0,1,0,0.761,51.6
TUTU8339892,Import,EdibleOil,LiquidBulk,DBGT,11,2,0,0,1,0,0.846,94.4
TUTU5941964,Import,Electronics,Dry,PSA_SICAL,3,6,1,0,0,0,0.938,91.7
TUTU2602133,Export,Granite,Dry,DBGT,8,4,0,0,0,0,0.84,45.1
TUTU3015656,Import,Electronics,Dry,PSA_SICAL,6,6,1,0,0,0,0.732,58.2
TUTU1343676,Import,Machinery,ODC,PSA_SICAL,1,5,1,0,0,1,0.802,108.0
TUTU9781295,Import,Chemicals,Hazardous,PSA_SICAL,4,3,0,1,0,0,0.752,102.5
TUTU3835480,Export,Textiles,Dry,DBGT,6,1,0,0,0,0,0.861,65.0
TUTU8409697,Import,Chemicals,Hazardous,DBGT,8,3,0,0,0,0,0.738,76.1
TUTU7658803,Export,Granite,Dry,PSA_SICAL,1,6,1,0,0,1,0.763,80.3
TUTU1134617,Export,Salt,Dry,PSA_SICAL,7,3,0,0,0,0,0.798,34.1
TUTU6331010,Import,Electronics,Dry,DBGT,9,1,0,0,0,0,0.858,71.3
TUTU9102268,Export,Granite,Dry,PSA_SICAL,6,4,0,0,0,0,0.817,48.7
TUTU3852670,Export,Textiles,Dry,PSA_SICAL,6,4,0,0,0,0,0.803,40.3
TUTU1752077,Import,Machinery,ODC,PSA_SICAL,4,4,0,1,0,0,0.747,95.6
TUTU2675226,Import,Machinery,ODC,DBGT,6,0,0,0,0,0,0.816,75.6
TUTU3077580,Export,Electronics,Dry,PSA_SICAL,6,1,0,0,0,0,0.791,35.3
TUTU3913723,Import,Electronics,Dry,PSA_SICAL,9,0,0,0,0,1,0.808,90.9
TUTU8022161,Export,Granite,Dry,PSA_SICAL,10,3,0,0,1,1,0.821,96.8
TUTU4313980,Export,Sugar,Dry,PSA_SICAL,9,1,0,0,0,0,0.842,42.1
TUTU4579028,Import,EdibleOil,LiquidBulk,PSA_SICAL,7,1,0,0,0,0,0.779,77.8
TUTU9797727,Export,Textiles,Dry,PSA_SICAL,11,4,0,0,1,0,0.878,63.8
TUTU4948525,Export,Electronics,Dry,PSA_SICAL,4,4,0,0,0,0,0.849,46.2
TUTU5808436,Export,Seafood,Reefer,DBGT,11,1,0,0,1,0,0.749,22.7
TUTU2465095,Export,Textiles,Dry,PSA_SICAL,10,1,0,0,1,0,0.877,70.2
TUTU1993614,Import,Seafood,Reefer,DBGT,8,5,1,1,0,0,0.777,71.3
TUTU1588320,Export,Sugar,Dry,PSA_SICAL,2,6,1,0,0,0,0.861,54.3
TUTU1545766,Export,Electronics,Dry,DBGT,7,6,1,0,0,1,0.853,81.5
TUTU9322594,Import,Electronics,Dry,PSA_SICAL,5,4,0,0,0,0,0.812,61.3
TUTU8553702,Export,Textiles,Dry,DBGT,2,5,1,0,0,0,0.84,51.7
TUTU9409834,Import,Timber,Dry,PSA_SICAL,3,1,0,0,0,0,0.812,70.3
TUTU3291819,Import,Machinery,ODC,PSA_SICAL,1,1,0,0,0,0,0.816,80.6
TUTU2250135,Import,Seafood,Reefer,DBGT,9,4,0,0,0,1,0.909,89.1
TUTU8482713,Export,Seafood,Reefer,DBGT,4,3,0,0,0,0,0.815,21.4
TUTU9406761,Export,Granite,Dry,PSA_SICAL,6,6,1,0,0,0,0.904,68.2
TUTU5772023,Import,Machinery,ODC,DBGT,3,2,0,0,0,0,0.929,98.3
TUTU3134384,Export,Sugar,Dry,DBGT,7,4,0,0,0,0,0.797,33.8
TUTU8886584,Import,Electronics,Dry,PSA_SICAL,6,0,0,0,0,0,0.785,58.4
TUTU3891028,Import,Electronics,Dry,PSA_SICAL,10,1,0,0,1,0,0.748,74.4
TUTU4069722,Import,Coal,Dry,DBGT,8,2,0,0,0,0,0.856,79.7
TUTU3008010,Import,Chemicals,Hazardous,PSA_SICAL,9,2,0,0,0,0,0.765,74.8
TUTU7062832,Import,Timber,Dry,PSA_SICAL,1,5,1,0,0,0,0.82,68.4
TUTU8634387,Import,EdibleOil,LiquidBulk,DBGT,6,6,1,0,0,0,0.906,91.8
TUTU2041520,Import,Machinery,ODC,PSA_SICAL,1,0,0,0,0,0,0.856,84.0
TUTU2280243,Import,Machinery,ODC,PSA_SICAL,11,1,0,0,1,0,0.872,108.6
TUTU1026728,Import,EdibleOil,LiquidBulk,DBGT,11,3,0,0,1,1,0.835,135.5
TUTU3514449,Import,Coal,Dry,DBGT,1,2,0,0,0,1,0.903,122.9
TUTU8814987,Import,EdibleOil,LiquidBulk,DBGT,6,3,0,0,0,0,0.826,83.5
TUTU9469756,Import,Machinery,ODC,DBGT,5,4,0,0,0,1,0.804,117.4
TUTU5973108,Import,Machinery,ODC,DBGT,5,1,0,0,0,0,0.856,89.2
TUTU9104221,Export,Machinery,ODC,PSA_SICAL,11,2,0,0,1,0,0.719,66.3
TUTU1682458,Export,Granite,Dry,PSA_SICAL,7,5,1,0,0,1,0.843,83.2
TUTU7697288,Import,Machinery,ODC,DBGT,5,2,0,0,0,0,0.827,84.2
TUTU2298608,Import,Chemicals,Hazardous,DBGT,1,0,0,0,0,1,0.755,110.1
TUTU3757857,Import,Coal,Dry,PSA_SICAL,2,1,0,0,0,0,0.847,81.9
TUTU6639007,Export,Seafood,Reefer,PSA_SICAL,7,1,0,0,0,0,0.792,17.8
TUTU3385011,Import,Chemicals,Hazardous,PSA_SICAL,1,0,0,0,0,0,0.873,89.9
TUTU6500439,Import,Chemicals,Hazardous,DBGT,4,3,0,0,0,0,0.826,85.9
TUTU7403452,Export,Granite,Dry,DBGT,4,0,0,0,0,0,0.823,48.1
TUTU3227761,Export,Machinery,ODC,PSA_SICAL,9,4,0,0,0,0,0.842,64.7
TUTU6676985,Import,Timber,Dry,PSA_SICAL,9,1,0,0,0,0,0.841,72.6
TUTU6672290,Export,Salt,Dry,DBGT,9,1,0,0,0,1,0.774,67.1
TUTU6069376,Export,Electronics,Dry,PSA_SICAL,10,1,0,0,1,0,0.812,54.1
TUTU1731528,Import,Timber,Dry,PSA_SICAL,1,3,0,0,0,0,0.77,69.7
TUTU3692690,Import,Seafood,Reefer,PSA_SICAL,6,2,0,0,0,1,0.836,78.7
TUTU3992454,Export,Seafood,Reefer,DBGT,3,0,0,0,0,1,0.89,77.2
TUTU9678751,Import,Seafood,Reefer,DBGT,8,0,0,0,0,0,0.821,44.3
TUTU6920296,Import,Timber,Dry,DBGT,10,2,0,0,1,0,0.808,85.1
TUTU4501271,Import,Machinery,ODC,DBGT,10,6,1,0,1,0,0.82,106.5
TUTU1339222,Import,Machinery,ODC,DBGT,7,3,0,0,0,0,0.789,81.8
TUTU7810456,Import,Timber,Dry,DBGT,5,3,0,0,0,0,0.772,70.5
TUTU4630006,Export,Seafood,Reefer,PSA_SICAL,11,6,1,0,1,0,0.829,44.5
TUTU9215637,Import,EdibleOil,LiquidBulk,PSA_SICAL,5,5,1,0,0,0,0.86,86.3
TUTU4597479,Import,Timber,Dry,DBGT,11,1,0,0,1,1,0.764,116.4
TUTU6048269,Import,Chemicals,Hazardous,DBGT,11,4,0,0,1,0,0.76,98.4
TUTU8029151,Import,EdibleOil,LiquidBulk,DBGT,7,0,0,0,0,0,0.745,70.9
TUTU8676350,Import,Electronics,Dry,DBGT,5,4,0,0,0,0,0.772,62.3
TUTU9640028,Export,Sugar,Dry,DBGT,7,3,0,0,0,0,0.866,51.2
TUTU4399839,Export,Electronics,Dry,PSA_SICAL,10,1,0,0,1,0,0.753,46.3
TUTU7943435,Export,Salt,Dry,DBGT,5,5,1,0,0,0,0.8,40.4
TUTU3281064,Export,Granite,Dry,DBGT,11,4,0,0,1,0,0.801,49.4
TUTU1463564,Export,Seafood,Reefer,PSA_SICAL,8,6,1,0,0,0,0.757,21.3
TUTU4760460,Import,Machinery,ODC,PSA_SICAL,5,2,0,0,0,0,0.767,71.0
TUTU1995785,Export,Seafood,Reefer,DBGT,11,3,0,0,1,0,0.846,36.8
TUTU6313702,Import,Chemicals,Hazardous,PSA_SICAL,4,3,0,0,0,0,0.698,76.4
TUTU9167076,Import,Coal,Dry,DBGT,9,4,0,0,0,0,0.779,66.8
TUTU5051090,Export,Textiles,Dry,PSA_SICAL,11,1,0,0,1,0,0.807,53.8
TUTU8674587,Import,Machinery,ODC,DBGT,6,1,0,0,0,0,0.827,84.5
TUTU4188625,Import,Timber,Dry,DBGT,1,1,0,0,0,1,0.754,99.7
TUTU4175207,Import,Chemicals,Hazardous,PSA_SICAL,3,6,1,0,0,0,0.796,84.0
TUTU7145965,Export,Seafood,Reefer,PSA_SICAL,9,2,0,0,0,1,0.801,50.7
TUTU2647611,Export,Textiles,Dry,DBGT,10,1,0,0,1,0,0.781,53.5
TUTU8448768,Export,Electronics,Dry,DBGT,9,3,0,0,0,1,0.72,69.5
TUTU2746967,Import,EdibleOil,LiquidBulk,PSA_SICAL,11,6,1,0,1,0,0.776,105.1
TUTU8781380,Export,Salt,Dry,DBGT,3,1,0,0,0,0,0.822,46.8
TUTU3200114,Export,Seafood,Reefer,DBGT,10,4,0,0,1,0,0.804,26.3
TUTU7013745,Import,Coal,Dry,PSA_SICAL,2,5,1,0,0,1,0.822,105.1
TUTU5188767,Export,Salt,Dry,PSA_SICAL,10,5,1,0,1,1,0.9,111.9
TUTU6841923,Import,Machinery,ODC,PSA_SICAL,7,2,0,0,0,0,0.863,82.4
TUTU1350581,Import,Chemicals,Hazardous,DBGT,3,0,0,0,0,1,0.903,132.3
TUTU8133691,Import,Coal,Dry,DBGT,10,0,0,0,1,0,0.772,98.9
TUTU7971267,Export,Seafood,Reefer,PSA_SICAL,12,3,0,0,1,0,0.744,25.8
TUTU3424930,Export,Granite,Dry,PSA_SICAL,3,0,0,0,0,0,0.834,48.9
TUTU9094895,Import,Chemicals,Hazardous,PSA_SICAL,3,0,0,0,0,0,0.869,88.6
TUTU4667055,Export,Seafood,Reefer,DBGT,5,1,0,0,0,1,0.821,64.9
TUTU9860054,Export,Electronics,Dry,DBGT,10,6,1,0,1,0,0.774,52.3
TUTU8885254,Import,Chemicals,Hazardous,PSA_SICAL,6,4,0,0,0,0,0.767,82.3
TUTU4996106,Import,Electronics,Dry,PSA_SICAL,6,1,0,0,0,1,0.834,94.3
TUTU4138378,Export,Seafood,Reefer,PSA_SICAL,3,0,0,1,0,0,0.841,49.2
TUTU6717582,Import,Coal,Dry,DBGT,3,2,0,0,0,1,0.925,123.9
TUTU1319022,Export,Seafood,Reefer,PSA_SICAL,5,3,0,0,0,0,0.837,28.6
TUTU6287407,Export,Seafood,Reefer,PSA_SICAL,4,4,0,0,0,0,0.784,18.5
TUTU5162737,Export,Seafood,Reefer,DBGT,6,0,0,0,0,0,0.878,41.8
TUTU2966019,Export,Machinery,ODC,PSA_SICAL,2,2,0,0,0,0,0.851,64.6
TUTU9640738,Export,Seafood,Reefer,DBGT,3,1,0,0,0,1,0.846,56.7
TUTU5064254,Import,Coal,Dry,PSA_SICAL,6,3,0,0,0,0,0.84,76.3
TUTU7323117,Export,Granite,Dry,DBGT,4,5,1,0,0,0,0.903,66.1
TUTU3858293,Import,Chemicals,Hazardous,DBGT,12,4,0,0,1,1,0.793,134.3
TUTU1680802,Export,Seafood,Reefer,DBGT,7,1,0,0,0,0,0.74,16.7
TUTU3322786,Import,Chemicals,Hazardous,PSA_SICAL,12,0,0,0,1,1,0.878,151.3
TUTU1315774,Import,Coal,Dry,PSA_SICAL,1,1,0,0,0,0,0.861,78.7
TUTU8712610,Import,EdibleOil,LiquidBulk,PSA_SICAL,4,2,0,0,0,0,0.836,77.6
TUTU8537171,Import,Electronics,Dry,PSA_SICAL,4,2,0,0,0,0,0.762,58.6
TUTU3800188,Import,Coal,Dry,PSA_SICAL,2,3,0,0,0,0,0.799,66.8
TUTU1349991,Export,Granite,Dry,PSA_SICAL,10,5,1,0,1,1,0.852,109.5
TUTU5274684,Import,Electronics,Dry,PSA_SICAL,6,4,0,0,0,0,0.804,57.2
TUTU1240682,Import,Coal,Dry,DBGT,3,4,0,1,0,1,0.778,116.9
TUTU5426830,Export,Granite,Dry,DBGT,10,3,0,0,1,0,0.827,53.4
TUTU3441671,Import,Timber,Dry,PSA_SICAL,1,5,1,0,0,0,0.823,72.1
TUTU8554521,Export,Seafood,Reefer,DBGT,7,3,0,0,0,1,0.804,56.6
TUTU6420763,Import,Chemicals,Hazardous,PSA_SICAL,1,3,0,0,0,1,0.735,102.9
TUTU8089560,Export,Seafood,Reefer,PSA_SICAL,8,5,1,0,0,0,0.814,39.3
TUTU3487643,Import,Timber,Dry,DBGT,9,2,0,0,0,1,0.811,102.7
TUTU4619031,Export,Seafood,Reefer,DBGT,4,6,1,0,0,0,0.789,24.8
TUTU7599811,Export,Granite,Dry,DBGT,2,4,0,0,0,0,0.688,43.9
TUTU8831820,Import,Coal,Dry,PSA_SICAL,9,2,0,0,0,0,0.788,66.4
TUTU7987215,Import,Seafood,Reefer,PSA_SICAL,5,4,0,0,0,1,0.831,78.3
TUTU9137263,Import,Machinery,ODC,DBGT,11,1,0,0,1,0,0.74,93.9
TUTU1910279,Import,Coal,Dry,PSA_SICAL,4,5,1,0,0,0,0.819,74.4
TUTU5527223,Export,Textiles,Dry,PSA_SICAL,1,6,1,0,0,0,0.806,40.4
TUTU8400309,Export,Sugar,Dry,DBGT,5,0,0,0,0,0,0.789,34.9
TUTU4395301,Export,Seafood,Reefer,DBGT,10,0,0,0,1,0,0.76,20.9
TUTU6479220,Export,Granite,Dry,PSA_SICAL,9,1,0,0,0,0,0.895,61.1
TUTU4556833,Export,Salt,Dry,PSA_SICAL,12,3,0,0,1,0,0.869,57.3
TUTU3712166,Import,Machinery,ODC,DBGT,12,0,0,0,1,0,0.773,90.8
TUTU3282071,Import,Machinery,ODC,PSA_SICAL,2,4,0,0,0,0,0.737,78.9
TUTU5066400,Export,Granite,Dry,DBGT,7,6,1,0,0,0,0.722,44.2
TUTU9089822,Import,Electronics,Dry,PSA_SICAL,9,1,0,0,0,0,0.844,70.9
TUTU4508497,Import,EdibleOil,LiquidBulk,PSA_SICAL,7,6,1,0,0,0,0.882,90.2
TUTU8346263,Export,Granite,Dry,PSA_SICAL,10,4,0,0,1,1,0.757,94.2
TUTU9850799,Import,Electronics,Dry,PSA_SICAL,4,3,0,0,0,0,0.881,72.6
TUTU2007651,Export,Sugar,Dry,PSA_SICAL,6,4,0,0,0,0,0.743,34.8
TUTU6214118,Export,Sugar,Dry,PSA_SICAL,10,0,0,0,1,0,0.812,48.3
TUTU4335327,Export,Granite,Dry,DBGT,8,5,1,0,0,1,0.839,86.7
TUTU6231026,Export,Seafood,Reefer,PSA_SICAL,12,1,0,0,1,0,0.829,32.3
TUTU6118152,Import,Chemicals,Hazardous,PSA_SICAL,9,0,0,0,0,0,0.844,83.5
TUTU4254964,Export,Granite,Dry,PSA_SICAL,1,5,1,0,0,1,0.885,94.4
TUTU1507475,Export,Salt,Dry,DBGT,8,2,0,0,0,0,0.819,42.9
TUTU4063290,Import,Machinery,ODC,DBGT,9,0,0,0,0,0,0.839,87.6
TUTU1973266,Import,Chemicals,Hazardous,DBGT,9,4,0,0,0,0,0.894,99.6
TUTU6794112,Export,Sugar,Dry,PSA_SICAL,12,1,0,0,1,1,0.857,95.5
TUTU8916141,Import,Chemicals,Hazardous,PSA_SICAL,9,2,0,0,0,0,0.8,76.1
TUTU8750011,Export,Seafood,Reefer,DBGT,7,4,0,0,0,0,0.825,27.8
TUTU3938951,Import,Electronics,Dry,PSA_SICAL,5,3,0,0,0,0,0.848,68.7
TUTU3151784,Export,Machinery,ODC,PSA_SICAL,4,1,0,0,0,0,0.733,58.9
TUTU9433747,Import,EdibleOil,LiquidBulk,PSA_SICAL,11,5,1,0,1,0,0.778,90.1
TUTU1030260,Import,Chemicals,Hazardous,DBGT,1,2,0,0,0,0,0.786,74.3
TUTU2110124,Import,EdibleOil,LiquidBulk,PSA_SICAL,6,4,0,0,0,0,0.913,94.0
TUTU6389754,Export,Seafood,Reefer,PSA_SICAL,1,2,0,0,0,1,0.742,49.7
TUTU1257098,Import,Coal,Dry,PSA_SICAL,9,2,0,0,0,0,0.762,67.9
TUTU8661955,Import,EdibleOil,LiquidBulk,DBGT,5,1,0,0,0,0,0.856,83.7
TUTU5122189,Import,Machinery,ODC,DBGT,8,5,1,0,0,0,0.759,76.0
TUTU8096671,Import,EdibleOil,LiquidBulk,DBGT,9,2,0,0,0,1,0.83,107.2
TUTU4398898,Import,Timber,Dry,PSA_SICAL,10,5,1,0,1,0,0.753,85.9
TUTU4944109,Export,Salt,Dry,PSA_SICAL,2,3,0,0,0,0,0.813,38.5
TUTU9109589,Import,Coal,Dry,PSA_SICAL,1,3,0,0,0,0,0.823,72.3
TUTU7972310,Export,Granite,Dry,PSA_SICAL,4,5,1,0,0,0,0.913,62.1
TUTU3623705,Export,Seafood,Reefer,PSA_SICAL,8,6,1,0,0,0,0.765,23.7
TUTU7001223,Export,Electronics,Dry,DBGT,2,6,1,0,0,0,0.936,65.8
TUTU4723682,Export,Granite,Dry,PSA_SICAL,5,5,1,0,0,0,0.8,48.1
TUTU7873194,Export,Machinery,ODC,PSA_SICAL,4,0,0,0,0,0,0.808,53.2
TUTU6999433,Export,Electronics,Dry,PSA_SICAL,1,6,1,0,0,0,0.899,59.2
TUTU5291685,Import,Seafood,Reefer,PSA_SICAL,8,1,0,0,0,0,0.82,46.2
TUTU3852200,Export,Machinery,ODC,PSA_SICAL,6,3,0,0,0,0,0.875,63.1
TUTU6440264,Export,Sugar,Dry,DBGT,1,3,0,0,0,0,0.815,45.6
TUTU3019135,Export,Machinery,ODC,PSA_SICAL,10,3,0,0,1,0,0.823,75.9
TUTU4924478,Import,Timber,Dry,PSA_SICAL,9,1,0,0,0,0,0.846,72.4
TUTU3428298,Export,Seafood,Reefer,DBGT,1,3,0,0,0,0,0.819,25.1
TUTU8975440,Export,Sugar,Dry,PSA_SICAL,11,6,1,0,1,0,0.744,54.2
TUTU7658160,Export,Seafood,Reefer,PSA_SICAL,4,2,0,0,0,0,0.771,16.7
TUTU6405587,Export,Granite,Dry,DBGT,2,2,0,0,0,0,0.883,58.2
TUTU6289690,Export,Granite,Dry,PSA_SICAL,9,5,1,0,0,0,0.815,51.8
TUTU2793019,Export,Sugar,Dry,DBGT,5,2,0,0,0,0,0.867,47.0
TUTU1106005,Import,Machinery,ODC,DBGT,1,1,0,0,0,0,0.832,79.7
TUTU6777331,Import,Machinery,ODC,PSA_SICAL,10,4,0,0,1,1,0.865,143.7
TUTU1361315,Export,Salt,Dry,PSA_SICAL,7,0,0,0,0,0,0.902,58.3
TUTU1202773,Export,Electronics,Dry,DBGT,9,0,0,0,0,1,0.878,88.2
TUTU4663867,Import,Timber,Dry,PSA_SICAL,4,4,0,0,0,0,0.797,71.6
TUTU4426063,Import,Timber,Dry,DBGT,6,3,0,0,0,0,0.825,71.7
TUTU3545471,Export,Seafood,Reefer,PSA_SICAL,2,1,0,0,0,0,0.74,15.2
TUTU5831647,Export,Seafood,Reefer,DBGT,2,3,0,0,0,0,0.823,25.1
TUTU4649430,Import,Machinery,ODC,DBGT,1,2,0,0,0,1,0.799,106.9
TUTU4089039,Export,Granite,Dry,DBGT,6,3,0,0,0,0,0.83,50.6
TUTU7101696,Export,Seafood,Reefer,DBGT,6,0,0,0,0,0,0.82,26.0
TUTU7146751,Import,Seafood,Reefer,DBGT,1,2,0,0,0,0,0.797,42.6
TUTU8856590,Import,EdibleOil,LiquidBulk,PSA_SICAL,5,3,0,0,0,0,0.852,81.5
TUTU9141791,Export,Seafood,Reefer,PSA_SICAL,10,2,0,0,1,1,0.813,60.5
TUTU5489667,Export,Seafood,Reefer,PSA_SICAL,5,5,1,0,0,0,0.807,19.0
TUTU7619905,Export,Seafood,Reefer,DBGT,3,2,0,0,0,0,0.834,29.8
TUTU4352845,Import,Seafood,Reefer,PSA_SICAL,7,1,0,0,0,0,0.829,43.4
TUTU6661288,Import,Timber,Dry,DBGT,9,6,1,0,0,0,0.838,74.2
TUTU6714917,Export,Granite,Dry,PSA_SICAL,12,6,1,0,1,0,0.857,74.1
TUTU2694472,Import,Machinery,ODC,PSA_SICAL,5,2,0,0,0,0,0.858,87.2
TUTU5525787,Import,Machinery,ODC,PSA_SICAL,5,2,0,0,0,0,0.792,75.2
TUTU6757014,Import,Timber,Dry,PSA_SICAL,3,2,0,0,0,0,0.728,66.4
TUTU5028464,Import,Electronics,Dry,DBGT,11,3,0,0,1,1,0.867,125.1
TUTU8867040,Import,Timber,Dry,DBGT,2,5,1,0,0,0,0.743,68.0
TUTU4196798,Export,Machinery,ODC,PSA_SICAL,4,6,1,0,0,0,0.934,85.7
TUTU3113478,Export,Salt,Dry,PSA_SICAL,12,3,0,0,1,0,0.808,44.6
TUTU5517910,Export,Machinery,ODC,PSA_SICAL,4,5,1,0,0,0,0.839,59.6
TUTU7757476,Export,Salt,Dry,PSA_SICAL,5,5,1,0,0,0,0.822,37.1
TUTU7300309,Export,Seafood,Reefer,DBGT,7,2,0,0,0,0,0.843,28.7
TUTU2861653,Import,Electronics,Dry,DBGT,12,6,1,0,1,0,0.84,92.6
TUTU2026213,Import,Seafood,Reefer,PSA_SICAL,7,6,1,1,0,0,0.798,65.0
TUTU6855026,Export,Seafood,Reefer,PSA_SICAL,1,6,1,0,0,0,0.826,35.7
TUTU5148051,Import,Chemicals,Hazardous,PSA_SICAL,1,3,0,0,0,1,0.792,107.6
TUTU2466948,Export,Granite,Dry,DBGT,6,5,1,0,0,0,0.755,42.7
TUTU7883743,Import,Chemicals,Hazardous,PSA_SICAL,9,3,0,0,0,0,0.781,81.9
TUTU8587257,Export,Seafood,Reefer,PSA_SICAL,5,4,0,0,0,0,0.886,30.9
TUTU5287075,Export,Seafood,Reefer,DBGT,10,0,0,0,1,0,0.769,20.1
TUTU8290795,Import,Coal,Dry,PSA_SICAL,11,5,1,0,1,0,0.798,95.0
TUTU6219625,Export,Seafood,Reefer,DBGT,8,3,0,0,0,0,0.808,18.9
TUTU3184422,Import,Coal,Dry,PSA_SICAL,3,1,0,0,0,0,0.797,68.3
TUTU5464278,Import,Coal,Dry,PSA_SICAL,12,1,0,0,1,0,0.717,87.3
TUTU5963088,Export,Granite,Dry,DBGT,2,6,1,0,0,0,0.795,49.0
TUTU2079944,Import,Coal,Dry,PSA_SICAL,11,1,0,0,1,0,0.809,88.7
TUTU3904992,Import,Electronics,Dry,PSA_SICAL,7,1,0,0,0,1,0.776,88.2
TUTU9322566,Export,Seafood,Reefer,DBGT,9,2,0,0,0,0,0.812,23.4
TUTU3304225,Export,Salt,Dry,DBGT,1,3,0,0,0,0,0.884,51.9
TUTU4923813,Export,Granite,Dry,DBGT,5,6,1,0,0,0,0.823,43.4
TUTU3507318,Export,Electronics,Dry,PSA_SICAL,5,2,0,0,0,1,0.88,82.8
TUTU8822296,Export,Seafood,Reefer,DBGT,6,3,0,0,0,0,0.93,51.8
TUTU4801169,Import,Seafood,Reefer,DBGT,8,6,1,0,0,0,0.839,55.2
TUTU7788607,Export,Textiles,Dry,DBGT,7,4,0,0,0,0,0.802,40.4
TUTU6013854,Export,Textiles,Dry,DBGT,9,0,0,0,0,0,0.855,50.5
TUTU8090499,Import,Seafood,Reefer,PSA_SICAL,9,4,0,0,0,0,0.885,53.5
TUTU6998917,Export,Seafood,Reefer,PSA_SICAL,12,4,0,1,1,0,0.751,51.3
TUTU6852970,Export,Seafood,Reefer,PSA_SICAL,6,2,0,0,0,1,0.845,58.8
TUTU3409392,Export,Sugar,Dry,DBGT,10,0,0,0,1,0,0.765,43.3
TUTU8118133,Export,Salt,Dry,PSA_SICAL,2,4,0,0,0,0,0.856,45.3
TUTU6462697,Import,Coal,Dry,PSA_SICAL,4,2,0,0,0,0,0.84,75.0
TUTU7717736,Import,Timber,Dry,PSA_SICAL,12,0,0,0,1,1,0.745,121.1
TUTU9404078,Export,Salt,Dry,DBGT,8,1,0,0,0,0,0.86,47.6
TUTU9250520,Export,Salt,Dry,PSA_SICAL,6,5,1,0,0,0,0.763,37.0
TUTU3079160,Export,Sugar,Dry,PSA_SICAL,5,3,0,0,0,0,0.829,40.2
TUTU2250861,Export,Seafood,Reefer,DBGT,10,2,0,0,1,1,0.759,72.7
TUTU9414862,Export,Salt,Dry,DBGT,8,2,0,0,0,0,0.844,46.9
TUTU7260433,Import,Timber,Dry,PSA_SICAL,9,5,1,0,0,1,0.776,103.0
TUTU4058749,Export,Granite,Dry,PSA_SICAL,11,1,0,0,1,1,0.802,92.7
TUTU6027965,Export,Seafood,Reefer,PSA_SICAL,7,2,0,0,0,0,0.854,35.5
TUTU6425831,Export,Granite,Dry,PSA_SICAL,2,2,0,0,0,0,0.862,54.9
TUTU9937256,Export,Granite,Dry,PSA_SICAL,5,0,0,0,0,0,0.757,41.8
TUTU8016991,Export,Sugar,Dry,DBGT,8,6,1,0,0,0,0.802,42.8
TUTU6443523,Export,Salt,Dry,DBGT,9,6,1,0,0,0,0.789,38.0
TUTU9354748,Import,Coal,Dry,PSA_SICAL,2,2,0,0,0,0,0.861,83.1
TUTU6874061,Export,Seafood,Reefer,PSA_SICAL,7,2,0,0,0,0,0.806,19.4
TUTU8546513,Import,Electronics,Dry,DBGT,1,6,1,0,0,1,0.825,99.5
TUTU1298607,Export,Seafood,Reefer,PSA_SICAL,11,1,0,0,1,0,0.819,36.0
TUTU2615506,Import,Timber,Dry,DBGT,5,3,0,0,0,0,0.846,77.9
TUTU2846373,Import,Coal,Dry,PSA_SICAL,3,1,0,0,0,0,0.787,73.8
TUTU2443878,Import,Timber,Dry,PSA_SICAL,7,1,0,0,0,0,0.806,68.8
TUTU7544563,Import,Coal,Dry,PSA_SICAL,9,0,0,0,0,0,0.848,77.9
TUTU3867976,Export,Sugar,Dry,DBGT,4,2,0,0,0,0,0.858,47.4
TUTU2267493,Export,Sugar,Dry,DBGT,6,5,1,0,0,1,0.869,80.5
TUTU7525010,Export,Seafood,Reefer,PSA_SICAL,10,0,0,0,1,0,0.829,25.2
TUTU6366514,Export,Seafood,Reefer,DBGT,4,3,0,0,0,0,0.803,20.2
TUTU6009295,Export,Salt,Dry,PSA_SICAL,11,6,1,0,1,1,0.735,84.9
TUTU4121413,Export,Seafood,Reefer,PSA_SICAL,8,4,0,0,0,0,0.776,21.5
TUTU4132139,Export,Textiles,Dry,DBGT,4,5,1,0,0,0,0.857,53.0
TUTU8338864,Export,Salt,Dry,PSA_SICAL,3,1,0,0,0,0,0.763,38.4
TUTU9709789,Export,Granite,Dry,DBGT,4,5,1,0,0,1,0.828,92.0
TUTU8216680,Import,Electronics,Dry,PSA_SICAL,4,1,0,0,0,0,0.808,79.2
TUTU5499987,Export,Sugar,Dry,PSA_SICAL,1,5,1,0,0,0,0.736,41.2
TUTU2412523,Export,Sugar,Dry,PSA_SICAL,2,6,1,0,0,0,0.741,41.1
TUTU8984765,Import,Machinery,ODC,PSA_SICAL,3,5,1,0,0,0,0.826,84.0
TUTU8971444,Export,Granite,Dry,DBGT,11,4,0,0,1,0,0.832,66.6
TUTU2591985,Export,Seafood,Reefer,PSA_SICAL,12,5,1,0,1,0,0.936,55.9
TUTU3704706,Import,Coal,Dry,PSA_SICAL,7,0,0,0,0,0,0.906,89.3
TUTU1040554,Export,Seafood,Reefer,DBGT,5,4,0,0,0,0,0.745,25.0
TUTU1555072,Export,Seafood,Reefer,DBGT,11,5,1,0,1,0,0.884,47.5
TUTU4449667,Import,Coal,Dry,PSA_SICAL,2,0,0,0,0,0,0.855,78.8
TUTU2533713,Export,Electronics,Dry,PSA_SICAL,4,4,0,0,0,0,0.832,42.6
TUTU5972720,Import,Coal,Dry,DBGT,8,5,1,0,0,1,0.878,132.9
TUTU7876267,Import,Machinery,ODC,PSA_SICAL,5,2,0,0,0,0,0.876,87.9
TUTU7213164,Import,Timber,Dry,PSA_SICAL,11,3,0,0,1,0,0.793,81.0
TUTU5335345,Import,Machinery,ODC,DBGT,12,0,0,0,1,0,0.743,101.4
TUTU4737551,Import,Coal,Dry,PSA_SICAL,5,5,1,0,0,1,0.862,117.6
TUTU8699568,Import,Electronics,Dry,PSA_SICAL,11,4,0,0,1,0,0.787,72.4
TUTU2118967,Import,Electronics,Dry,PSA_SICAL,8,5,1,0,0,0,0.806,64.5
TUTU6935645,Export,Seafood,Reefer,PSA_SICAL,2,2,0,0,0,0,0.793,18.2
TUTU5594199,Import,Coal,Dry,DBGT,1,4,0,0,0,0,0.828,76.3
TUTU1714959,Import,Machinery,ODC,PSA_SICAL,6,3,0,0,0,1,0.882,117.3
TUTU3728046,Import,Coal,Dry,DBGT,4,3,0,0,0,0,0.787,71.6
TUTU7107762,Export,Seafood,Reefer,DBGT,1,3,0,0,0,0,0.763,17.5
TUTU2664440,Import,Timber,Dry,DBGT,3,4,0,0,0,1,0.843,101.8
TUTU5759088,Export,Granite,Dry,PSA_SICAL,10,3,0,0,1,0,0.807,53.4
TUTU4782741,Export,Granite,Dry,PSA_SICAL,7,2,0,0,0,0,0.798,37.6
TUTU8913017,Export,Granite,Dry,PSA_SICAL,3,5,1,0,0,0,0.768,49.6
TUTU6241960,Import,Coal,Dry,PSA_SICAL,9,5,1,0,0,0,0.787,73.7
TUTU6628982,Import,Chemicals,Hazardous,PSA_SICAL,6,4,0,0,0,0,0.851,85.2
TUTU2415342,Export,Electronics,Dry,DBGT,2,0,0,0,0,0,0.742,37.1
TUTU7054075,Import,Coal,Dry,PSA_SICAL,7,2,0,0,0,0,0.746,68.5
TUTU3029180,Export,Seafood,Reefer,PSA_SICAL,11,6,1,0,1,0,0.813,28.9
TUTU1250847,Import,Timber,Dry,DBGT,8,4,0,0,0,0,0.847,70.4
TUTU1033474,Import,Timber,Dry,DBGT,4,0,0,0,0,0,0.838,70.2
TUTU4054896,Import,Seafood,Reefer,PSA_SICAL,7,5,1,0,0,0,0.811,42.5
TUTU6902143,Export,Sugar,Dry,DBGT,3,5,1,0,0,0,0.877,58.8
TUTU7912388,Export,Seafood,Reefer,PSA_SICAL,7,2,0,0,0,0,0.864,35.4
TUTU1368499,Export,Textiles,Dry,DBGT,4,4,0,0,0,1,0.754,66.6
TUTU5272539,Import,Timber,Dry,PSA_SICAL,12,0,0,0,1,0,0.848,106.5
TUTU7311462,Export,Machinery,ODC,PSA_SICAL,5,0,0,0,0,1,0.752,80.6
TUTU2203667,Import,EdibleOil,LiquidBulk,DBGT,4,5,1,0,0,0,0.807,89.9
TUTU1760882,Import,Coal,Dry,PSA_SICAL,10,1,0,0,1,1,0.814,126.0
TUTU7849414,Export,Seafood,Reefer,DBGT,11,2,0,0,1,0,0.831,30.6
TUTU2851408,Import,Seafood,Reefer,DBGT,9,5,1,0,0,0,0.817,53.2
TUTU5753218,Export,Sugar,Dry,PSA_SICAL,4,3,0,0,0,0,0.768,45.0
TUTU9235708,Export,Seafood,Reefer,DBGT,10,4,0,0,1,0,0.744,30.4
TUTU3808242,Export,Sugar,Dry,DBGT,6,0,0,0,0,1,0.921,91.2
TUTU3115247,Import,Timber,Dry,PSA_SICAL,3,4,0,0,0,0,0.713,66.1
TUTU5303706,Import,Seafood,Reefer,DBGT,2,3,0,0,0,0,0.777,49.0
TUTU7123936,Export,Granite,Dry,PSA_SICAL,12,3,0,0,1,0,0.846,54.9
TUTU4734550,Import,Coal,Dry,PSA_SICAL,4,2,0,0,0,0,0.767,70.2
TUTU4330345,Export,Salt,Dry,PSA_SICAL,1,1,0,0,0,0,0.826,37.3
TUTU5786435,Export,Seafood,Reefer,DBGT,2,3,0,0,0,0,0.874,47.4
TUTU7559574,Export,Sugar,Dry,PSA_SICAL,2,5,1,0,0,1,0.853,80.1
TUTU9535594,Import,Seafood,Reefer,PSA_SICAL,5,2,0,0,0,0,0.824,45.5
TUTU2693630,Export,Electronics,Dry,PSA_SICAL,2,6,1,0,0,0,0.919,63.7
TUTU2319829,Export,Seafood,Reefer,PSA_SICAL,11,4,0,0,1,0,0.886,37.5
TUTU8366619,Import,Timber,Dry,DBGT,2,1,0,0,0,0,0.818,65.8
TUTU8504739,Export,Seafood,Reefer,DBGT,1,2,0,0,0,0,0.801,19.7
TUTU6452313,Import,Coal,Dry,PSA_SICAL,2,0,0,0,0,0,0.863,89.6
TUTU7168443,Export,Sugar,Dry,PSA_SICAL,1,6,1,0,0,0,0.894,55.2
TUTU3672788,Import,Seafood,Reefer,PSA_SICAL,2,6,1,0,0,0,0.839,52.0
TUTU5479293,Import,Coal,Dry,DBGT,5,3,0,0,0,0,0.803,68.2
TUTU4799657,Import,Chemicals,Hazardous,DBGT,5,2,0,0,0,0,0.865,87.7
TUTU9552347,Import,Electronics,Dry,DBGT,11,5,1,0,1,0,0.846,86.6
TUTU9692562,Import,Electronics,Dry,DBGT,8,6,1,0,0,0,0.825,63.0
TUTU2667950,Import,Coal,Dry,DBGT,7,5,1,0,0,0,0.794,80.5
TUTU2796135,Export,Seafood,Reefer,DBGT,1,0,0,0,0,1,0.824,55.8
TUTU3976119,Export,Salt,Dry,PSA_SICAL,4,4,0,0,0,1,0.914,84.6
TUTU9932255,Import,Chemicals,Hazardous,DBGT,8,1,0,0,0,0,0.769,81.3
TUTU5577616,Export,Machinery,ODC,PSA_SICAL,4,6,1,0,0,0,0.816,52.7
TUTU4657236,Export,Sugar,Dry,DBGT,2,0,0,0,0,0,0.872,46.4
TUTU9666785,Export,Textiles,Dry,PSA_SICAL,6,1,0,0,0,0,0.867,61.4
TUTU5997903,Export,Salt,Dry,DBGT,8,0,0,0,0,0,0.839,39.6
TUTU6519762,Import,Chemicals,Hazardous,PSA_SICAL,7,6,1,0,0,0,0.783,82.7
TUTU2594860,Export,Seafood,Reefer,DBGT,4,0,0,0,0,1,0.735,50.7
TUTU3987453,Export,Granite,Dry,PSA_SICAL,2,2,0,1,0,0,0.778,68.1
TUTU1550935,Export,Seafood,Reefer,PSA_SICAL,2,0,0,0,0,0,0.83,26.9
TUTU3429070,Export,Granite,Dry,DBGT,12,6,1,0,1,0,0.779,58.8
TUTU6519587,Import,Timber,Dry,PSA_SICAL,2,1,0,0,0,0,0.77,61.9
TUTU4453026,Import,Machinery,ODC,DBGT,10,4,0,1,1,0,0.787,122.2
TUTU4340319,Import,Machinery,ODC,PSA_SICAL,11,2,0,0,1,0,0.767,109.7
TUTU8066493,Import,EdibleOil,LiquidBulk,PSA_SICAL,3,6,1,0,0,1,0.888,121.5
TUTU9454718,Export,Machinery,ODC,PSA_SICAL,2,6,1,0,0,0,0.733,57.5
TUTU3857505,Export,Sugar,Dry,PSA_SICAL,5,4,0,0,0,0,0.932,62.6
TUTU4322050,Export,Machinery,ODC,PSA_SICAL,8,5,1,0,0,0,0.746,53.9
TUTU6418097,Import,Coal,Dry,PSA_SICAL,4,5,1,0,0,0,0.832,84.4
TUTU3239587,Export,Salt,Dry,PSA_SICAL,11,2,0,0,1,1,0.838,87.7
TUTU4756575,Import,Coal,Dry,PSA_SICAL,1,3,0,0,0,1,0.836,112.8
TUTU7025267,Import,Chemicals,Hazardous,PSA_SICAL,2,2,0,0,0,0,0.847,85.4
TUTU1716653,Import,Seafood,Reefer,DBGT,9,2,0,0,0,1,0.871,85.4
TUTU4845428,Export,Seafood,Reefer,DBGT,1,6,1,0,0,0,0.796,23.5
TUTU4162416,Export,Seafood,Reefer,DBGT,11,4,0,0,1,0,0.898,47.6
TUTU5385396,Export,Granite,Dry,PSA_SICAL,11,4,0,0,1,0,0.794,56.6
TUTU4415626,Export,Machinery,ODC,PSA_SICAL,2,3,0,0,0,0,0.799,48.7
TUTU4229917,Export,Machinery,ODC,DBGT,10,1,0,0,1,0,0.838,70.2
TUTU6110729,Export,Textiles,Dry,PSA_SICAL,2,2,0,0,0,0,0.798,44.0
TUTU2383691,Import,Chemicals,Hazardous,DBGT,12,6,1,0,1,0,0.873,114.3
TUTU1830707,Export,Granite,Dry,DBGT,10,2,0,0,1,0,0.797,50.4
TUTU5104292,Export,Granite,Dry,PSA_SICAL,12,6,1,0,1,0,0.725,51.5
TUTU9601773,Import,Timber,Dry,PSA_SICAL,1,6,1,0,0,0,0.919,93.9
TUTU6290969,Export,Sugar,Dry,PSA_SICAL,5,2,0,0,0,0,0.869,49.7
TUTU4835991,Import,Timber,Dry,PSA_SICAL,8,4,0,0,0,0,0.739,62.9
TUTU9530154,Import,Coal,Dry,DBGT,10,6,1,0,1,0,0.83,107.4
TUTU6522188,Import,Timber,Dry,DBGT,3,2,0,0,0,1,0.877,107.2
TUTU7269440,Import,Machinery,ODC,DBGT,11,3,0,0,1,0,0.829,97.5
TUTU3817671,Export,Textiles,Dry,DBGT,2,1,0,0,0,0,0.889,54.3
TUTU1528911,Import,Machinery,ODC,PSA_SICAL,9,3,0,0,0,0,0.757,79.2
TUTU3802089,Export,Granite,Dry,PSA_SICAL,9,1,0,0,0,0,0.901,67.1
TUTU8494135,Export,Seafood,Reefer,DBGT,9,5,1,0,0,0,0.825,38.3
TUTU1747170,Import,Seafood,Reefer,PSA_SICAL,9,5,1,0,0,0,0.88,61.5
TUTU6019952,Import,Machinery,ODC,DBGT,3,2,0,0,0,0,0.734,73.8
TUTU1999806,Import,Timber,Dry,DBGT,11,3,0,0,1,0,0.795,81.1
TUTU8765826,Import,Chemicals,Hazardous,DBGT,7,3,0,0,0,0,0.782,79.7
TUTU9220312,Export,Textiles,Dry,PSA_SICAL,6,6,1,0,0,0,0.808,41.9
TUTU7784076,Export,Seafood,Reefer,PSA_SICAL,2,2,0,0,0,0,0.883,35.6
TUTU7411248,Import,Chemicals,Hazardous,PSA_SICAL,1,4,0,0,0,0,0.83,93.7
TUTU1971540,Import,Machinery,ODC,DBGT,6,1,0,0,0,0,0.835,87.1
TUTU1379626,Export,Seafood,Reefer,DBGT,4,3,0,0,0,0,0.831,28.0
TUTU1832029,Import,Electronics,Dry,DBGT,4,6,1,0,0,0,0.878,76.5
TUTU5717277,Export,Granite,Dry,PSA_SICAL,2,4,0,0,0,0,0.715,39.8
TUTU3458995,Export,Sugar,Dry,PSA_SICAL,11,2,0,0,1,0,0.782,48.5
TUTU6837111,Export,Salt,Dry,DBGT,5,6,1,0,0,0,0.899,77.6
TUTU3260084,Import,Seafood,Reefer,PSA_SICAL,6,0,0,0,0,0,0.806,41.4
TUTU9423101,Import,Timber,Dry,PSA_SICAL,4,6,1,0,0,0,0.876,84.6
TUTU8664604,Import,Chemicals,Hazardous,PSA_SICAL,5,4,0,0,0,0,0.701,75.4
TUTU9723039,Export,Salt,Dry,DBGT,8,5,1,0,0,0,0.815,42.9
TUTU8356058,Export,Salt,Dry,PSA_SICAL,3,5,1,0,0,1,0.754,75.3
TUTU5119975,Import,Coal,Dry,DBGT,4,2,0,0,0,0,0.764,71.5
TUTU2711823,Import,Chemicals,Hazardous,PSA_SICAL,11,3,0,0,1,0,0.836,105.1
TUTU6603542,Export,Textiles,Dry,DBGT,2,6,1,0,0,0,0.801,41.6
TUTU6958327,Export,Machinery,ODC,PSA_SICAL,4,0,0,0,0,1,0.891,100.7
TUTU6385418,Export,Electronics,Dry,PSA_SICAL,10,0,0,0,1,0,0.864,57.4
TUTU9504464,Export,Granite,Dry,PSA_SICAL,3,3,0,0,0,0,0.779,48.4
TUTU9871127,Export,Granite,Dry,PSA_SICAL,4,4,0,0,0,0,0.795,49.4
TUTU9550351,Export,Machinery,ODC,PSA_SICAL,9,5,1,1,0,0,0.79,87.0
TUTU9490634,Export,Seafood,Reefer,DBGT,5,4,0,0,0,0,0.817,24.2
TUTU4631551,Import,Seafood,Reefer,PSA_SICAL,10,1,0,0,1,0,0.814,58.6
TUTU4762278,Export,Sugar,Dry,PSA_SICAL,3,4,0,0,0,1,0.763,64.5
TUTU8873010,Export,Salt,Dry,PSA_SICAL,11,1,0,0,1,0,0.879,60.5
TUTU9516444,Import,Electronics,Dry,PSA_SICAL,5,4,0,0,0,0,0.811,64.1
TUTU8282721,Export,Seafood,Reefer,PSA_SICAL,5,1,0,0,0,0,0.692,28.5
TUTU8011541,Export,Salt,Dry,PSA_SICAL,12,4,0,0,1,0,0.814,45.6
TUTU6568174,Export,Seafood,Reefer,PSA_SICAL,12,0,0,0,1,1,0.768,65.3
TUTU3819846,Export,Granite,Dry,PSA_SICAL,2,4,0,0,0,0,0.834,48.4
TUTU1051680,Import,EdibleOil,LiquidBulk,PSA_SICAL,11,1,0,0,1,0,0.858,100.3
TUTU1102914,Import,Coal,Dry,DBGT,5,3,0,0,0,1,0.862,109.6
TUTU9150235,Import,Seafood,Reefer,DBGT,11,4,0,0,1,0,0.944,74.9
TUTU4212700,Export,Salt,Dry,PSA_SICAL,2,6,1,0,0,0,0.732,39.1
TUTU4005933,Export,Granite,Dry,PSA_SICAL,8,6,1,0,0,0,0.837,54.6
TUTU3017038,Export,Sugar,Dry,PSA_SICAL,9,0,0,0,0,0,0.844,54.6
TUTU6691396,Import,Timber,Dry,PSA_SICAL,12,5,1,0,1,0,0.821,89.5
TUTU3249924,Export,Salt,Dry,PSA_SICAL,10,6,1,0,1,0,0.837,56.7
TUTU1977811,Export,Granite,Dry,DBGT,12,4,0,0,1,0,0.771,56.5
TUTU2064983,Import,Coal,Dry,PSA_SICAL,12,5,1,0,1,0,0.892,106.3
TUTU4030943,Export,Salt,Dry,DBGT,2,6,1,0,0,0,0.765,40.7
TUTU7963548,Export,Salt,Dry,PSA_SICAL,5,5,1,0,0,0,0.794,41.7
TUTU7906341,Import,Timber,Dry,PSA_SICAL,8,0,0,0,0,1,0.84,105.5
TUTU8046037,Export,Seafood,Reefer,PSA_SICAL,6,0,0,0,0,0,0.849,27.0
TUTU3464512,Import,EdibleOil,LiquidBulk,PSA_SICAL,10,4,0,0,1,0,0.789,94.5
TUTU1451753,Import,Chemicals,Hazardous,DBGT,6,6,1,0,0,0,0.73,77.4
TUTU5393399,Export,Machinery,ODC,DBGT,11,0,0,0,1,0,0.815,67.9
TUTU6737569,Import,Seafood,Reefer,PSA_SICAL,1,6,1,0,0,0,0.866,57.9
TUTU3712829,Import,Timber,Dry,DBGT,2,2,0,0,0,0,0.822,69.4
TUTU6398119,Export,Seafood,Reefer,PSA_SICAL,2,1,0,0,0,0,0.786,23.5
TUTU8125152,Import,Chemicals,Hazardous,DBGT,12,5,1,0,1,0,0.854,115.4
TUTU7670718,Export,Seafood,Reefer,PSA_SICAL,6,0,0,0,0,1,0.785,52.8
TUTU3723857,Import,Coal,Dry,DBGT,1,4,0,0,0,0,0.846,77.5
TUTU2265157,Import,Coal,Dry,PSA_SICAL,1,1,0,0,0,0,0.694,65.2
TUTU1933094,Import,Coal,Dry,PSA_SICAL,3,4,0,0,0,0,0.859,78.2
TUTU3332527,Export,Sugar,Dry,DBGT,2,2,0,0,0,0,0.897,54.2
TUTU3492716,Import,Coal,Dry,DBGT,2,6,1,0,0,0,0.893,88.6
TUTU9806543,Import,EdibleOil,LiquidBulk,DBGT,10,1,0,0,1,0,0.814,92.7
TUTU4234912,Import,Coal,Dry,PSA_SICAL,4,2,0,0,0,0,0.873,79.4
TUTU8550885,Import,Seafood,Reefer,DBGT,2,1,0,0,0,0,0.78,44.8
TUTU6806627,Import,Coal,Dry,PSA_SICAL,11,3,0,0,1,0,0.817,88.2
TUTU7023181,Import,Chemicals,Hazardous,DBGT,3,1,0,0,0,0,0.813,77.7
TUTU1736823,Export,Salt,Dry,PSA_SICAL,2,6,1,0,0,0,0.901,55.8
TUTU1904410,Export,Textiles,Dry,PSA_SICAL,3,3,0,1,0,0,0.887,96.4
TUTU5146285,Export,Salt,Dry,PSA_SICAL,6,2,0,0,0,1,0.785,65.6
TUTU2460677,Import,Chemicals,Hazardous,DBGT,7,6,1,0,0,0,0.718,84.4
TUTU7534531,Import,Coal,Dry,DBGT,11,5,1,0,1,0,0.798,95.2
TUTU4765133,Export,Electronics,Dry,PSA_SICAL,2,4,0,0,0,1,0.795,73.4
TUTU6414889,Import,Coal,Dry,DBGT,7,6,1,0,0,0,0.792,71.0
TUTU4848397,Export,Granite,Dry,DBGT,7,6,1,0,0,0,0.836,57.0
TUTU7705726,Import,Machinery,ODC,DBGT,2,2,0,0,0,1,0.783,99.2
TUTU7774904,Export,Granite,Dry,DBGT,7,5,1,0,0,0,0.79,52.6
TUTU9056838,Export,Electronics,Dry,PSA_SICAL,5,6,1,0,0,0,0.817,51.0
TUTU9149396,Export,Machinery,ODC,PSA_SICAL,7,0,0,0,0,0,0.836,64.2
TUTU2724817,Export,Granite,Dry,DBGT,10,5,1,0,1,0,0.808,62.0
TUTU5574240,Export,Textiles,Dry,PSA_SICAL,5,1,0,0,0,1,0.713,67.7
TUTU8998616,Export,Machinery,ODC,DBGT,2,0,0,0,0,0,0.817,55.5
TUTU7141490,Import,Machinery,ODC,PSA_SICAL,6,0,0,0,0,0,0.845,79.6
TUTU1050834,Import,Machinery,ODC,DBGT,8,1,0,0,0,1,0.816,106.6
TUTU4400361,Export,Granite,Dry,PSA_SICAL,7,5,1,0,0,0,0.855,57.2
TUTU8633893,Export,Textiles,Dry,DBGT,11,5,1,0,1,0,0.837,66.9
TUTU8915641,Export,Machinery,ODC,PSA_SICAL,8,2,0,0,0,0,0.783,55.6
TUTU2509017,Import,Coal,Dry,PSA_SICAL,5,0,0,0,0,0,0.836,84.8
TUTU3793584,Import,Timber,Dry,PSA_SICAL,6,5,1,0,0,0,0.757,66.1
TUTU2364524,Export,Seafood,Reefer,PSA_SICAL,9,4,0,0,0,0,0.782,18.1
TUTU3395181,Import,EdibleOil,LiquidBulk,DBGT,12,4,0,0,1,0,0.928,113.6
TUTU1959549,Import,Coal,Dry,PSA_SICAL,1,0,0,0,0,0,0.865,88.2
TUTU3991652,Import,Timber,Dry,DBGT,8,1,0,0,0,0,0.796,68.3
TUTU1816258,Import,Machinery,ODC,DBGT,8,1,0,0,0,0,0.828,77.7
TUTU4711470,Import,Timber,Dry,PSA_SICAL,6,2,0,0,0,0,0.914,82.3
TUTU7934645,Export,Granite,Dry,PSA_SICAL,10,6,1,0,1,0,0.849,70.5
TUTU8754493,Export,Granite,Dry,PSA_SICAL,6,2,0,0,0,0,0.836,47.9
TUTU6093302,Import,Coal,Dry,PSA_SICAL,1,0,0,0,0,0,0.795,69.4
TUTU8837386,Export,Textiles,Dry,PSA_SICAL,2,3,0,0,0,0,0.78,35.9
TUTU3550501,Export,Machinery,ODC,PSA_SICAL,3,4,0,0,0,1,0.787,86.6
TUTU4807394,Import,Timber,Dry,DBGT,9,5,1,0,0,0,0.85,78.7
TUTU9036673,Export,Salt,Dry,DBGT,9,1,0,0,0,1,0.856,80.5
TUTU2891531,Import,EdibleOil,LiquidBulk,DBGT,2,2,0,0,0,0,0.837,81.0
TUTU2019413,Import,Electronics,Dry,PSA_SICAL,10,6,1,0,1,0,0.908,95.2
TUTU2896814,Export,Seafood,Reefer,PSA_SICAL,11,2,0,0,1,0,0.832,26.9
TUTU4422329,Export,Machinery,ODC,PSA_SICAL,10,5,1,0,1,1,0.89,130.4
TUTU7394141,Import,EdibleOil,LiquidBulk,DBGT,6,4,0,0,0,0,0.88,83.8
TUTU1078488,Export,Textiles,Dry,PSA_SICAL,3,1,0,0,0,1,0.798,67.0
TUTU2884130,Export,Salt,Dry,PSA_SICAL,1,4,0,0,0,1,0.81,74.9
TUTU8727219,Export,Salt,Dry,DBGT,11,0,0,0,1,0,0.823,51.9
TUTU6695078,Import,Electronics,Dry,DBGT,10,1,0,0,1,0,0.854,82.6
TUTU6623871,Import,Coal,Dry,PSA_SICAL,1,5,1,0,0,0,0.887,88.3
TUTU2426564,Export,Salt,Dry,DBGT,12,2,0,0,1,0,0.83,48.4
TUTU2914663,Export,Salt,Dry,DBGT,7,5,1,0,0,0,0.903,57.5
TUTU8967252,Export,Salt,Dry,PSA_SICAL,3,2,0,0,0,1,0.84,83.2
TUTU4304549,Import,Coal,Dry,PSA_SICAL,6,5,1,0,0,0,0.798,67.9
TUTU7573195,Export,Granite,Dry,DBGT,4,1,0,0,0,1,0.746,75.0
TUTU8075153,Export,Granite,Dry,PSA_SICAL,3,2,0,0,0,0,0.794,38.9
TUTU2304554,Export,Textiles,Dry,PSA_SICAL,5,2,0,0,0,0,0.846,44.1
TUTU9520448,Import,Timber,Dry,DBGT,12,3,0,0,1,0,0.9,100.6
TUTU5260086,Export,Granite,Dry,PSA_SICAL,3,4,0,0,0,1,0.789,72.3
TUTU1975377,Export,Sugar,Dry,DBGT,3,3,0,0,0,0,0.817,44.2
TUTU4255252,Import,Timber,Dry,PSA_SICAL,7,0,0,0,0,0,0.854,77.4
TUTU8374825,Export,Seafood,Reefer,PSA_SICAL,12,6,1,0,1,1,0.784,64.5
TUTU9971000,Import,Chemicals,Hazardous,PSA_SICAL,11,6,1,0,1,1,0.761,149.3
TUTU3823727,Import,EdibleOil,LiquidBulk,PSA_SICAL,9,3,0,0,0,0,0.935,96.5
TUTU4869167,Export,Granite,Dry,PSA_SICAL,4,5,1,1,0,0,0.831,75.7
TUTU7706052,Export,Granite,Dry,DBGT,7,5,1,0,0,0,0.815,46.8
TUTU4188591,Export,Machinery,ODC,PSA_SICAL,8,4,0,0,0,0,0.725,48.2
TUTU8275135,Import,Seafood,Reefer,PSA_SICAL,12,0,0,0,1,0,0.817,58.9
TUTU5241209,Export,Sugar,Dry,PSA_SICAL,3,1,0,0,0,1,0.839,75.4
TUTU1990553,Export,Granite,Dry,PSA_SICAL,3,2,0,1,0,1,0.821,94.5
TUTU3629410,Import,EdibleOil,LiquidBulk,DBGT,4,1,0,0,0,0,0.783,72.8
TUTU9427726,Export,Seafood,Reefer,PSA_SICAL,10,3,0,0,1,0,0.754,32.8
TUTU6304715,Export,Machinery,ODC,PSA_SICAL,9,1,0,0,0,0,0.804,55.5
TUTU7050787,Export,Seafood,Reefer,DBGT,10,4,0,0,1,0,0.809,22.5
TUTU3466682,Export,Sugar,Dry,PSA_SICAL,4,2,0,0,0,0,0.766,35.3
TUTU9332221,Export,Seafood,Reefer,PSA_SICAL,8,6,1,0,0,0,0.86,38.1
TUTU1519548,Import,Coal,Dry,DBGT,4,3,0,0,0,1,0.777,96.4
TUTU2489249,Import,Electronics,Dry,PSA_SICAL,3,4,0,0,0,0,0.845,66.9
TUTU7946937,Export,Salt,Dry,PSA_SICAL,12,6,1,0,1,1,0.823,90.0
TUTU7022512,Import,Machinery,ODC,DBGT,4,6,1,0,0,0,0.85,86.3
TUTU3066559,Export,Machinery,ODC,DBGT,6,0,0,0,0,0,0.868,66.0
TUTU3480575,Import,Timber,Dry,PSA_SICAL,5,0,0,0,0,0,0.78,71.2
TUTU3740475,Import,Coal,Dry,PSA_SICAL,8,3,0,0,0,0,0.892,82.9
TUTU3633787,Import,Timber,Dry,DBGT,4,4,0,0,0,1,0.8,91.4
TUTU8467158,Export,Granite,Dry,DBGT,4,1,0,0,0,0,0.962,71.7
TUTU1086066,Import,Timber,Dry,PSA_SICAL,6,0,0,0,0,0,0.83,70.9
TUTU1925575,Import,Chemicals,Hazardous,DBGT,1,0,0,0,0,0,0.871,87.9
TUTU9583421,Export,Salt,Dry,DBGT,5,3,0,0,0,0,0.873,47.7
TUTU7014924,Export,Salt,Dry,PSA_SICAL,9,3,0,0,0,0,0.832,39.1
TUTU4114627,Import,Chemicals,Hazardous,DBGT,3,3,0,0,0,0,0.865,92.3
TUTU6336142,Import,Coal,Dry,PSA_SICAL,8,6,1,0,0,1,0.76,101.9
TUTU3873745,Export,Salt,Dry,PSA_SICAL,11,0,0,0,1,1,0.9,97.2
TUTU3235779,Export,Seafood,Reefer,PSA_SICAL,7,5,1,0,0,0,0.837,36.1
TUTU7055037,Export,Seafood,Reefer,PSA_SICAL,11,6,1,0,1,0,0.852,36.6
TUTU7865359,Export,Electronics,Dry,DBGT,11,1,0,0,1,0,0.873,57.0
TUTU2466505,Import,Machinery,ODC,PSA_SICAL,8,4,0,0,0,0,0.765,77.7
TUTU2513720,Import,Machinery,ODC,PSA_SICAL,2,0,0,0,0,0,0.838,82.3
TUTU9514730,Import,Coal,Dry,PSA_SICAL,12,6,1,0,1,1,0.837,138.2
TUTU6704075,Export,Salt,Dry,PSA_SICAL,8,1,0,0,0,0,0.854,41.6
TUTU6393513,Import,Machinery,ODC,PSA_SICAL,9,2,0,0,0,0,0.701,78.3
TUTU7444980,Import,Coal,Dry,PSA_SICAL,5,6,1,0,0,0,0.901,93.9
TUTU9565900,Export,Seafood,Reefer,PSA_SICAL,5,5,1,0,0,0,0.84,33.9
TUTU5972755,Import,Machinery,ODC,PSA_SICAL,12,0,0,0,1,0,0.869,102.6
TUTU5796636,Export,Textiles,Dry,PSA_SICAL,4,0,0,1,0,0,0.808,61.7
TUTU9427904,Export,Sugar,Dry,DBGT,7,4,0,0,0,0,0.836,45.4
TUTU6078893,Export,Seafood,Reefer,PSA_SICAL,3,1,0,0,0,0,0.836,26.4
TUTU6754582,Import,Coal,Dry,PSA_SICAL,2,1,0,0,0,0,0.809,74.0
TUTU7579896,Export,Salt,Dry,PSA_SICAL,7,5,1,0,0,0,0.824,48.4
TUTU5302306,Import,Chemicals,Hazardous,PSA_SICAL,1,1,0,0,0,0,0.792,78.1
TUTU8062099,Export,Salt,Dry,DBGT,11,1,0,0,1,1,0.815,82.9
TUTU3203565,Export,Salt,Dry,DBGT,7,1,0,0,0,0,0.788,34.9
TUTU7243286,Export,Textiles,Dry,PSA_SICAL,8,1,0,0,0,0,0.81,41.5
TUTU5831516,Export,Seafood,Reefer,DBGT,2,1,0,0,0,1,0.879,67.0
TUTU3527087,Import,Coal,Dry,PSA_SICAL,1,4,0,0,0,0,0.786,71.5
TUTU3895127,Export,Textiles,Dry,PSA_SICAL,9,6,1,0,0,0,0.75,39.8
TUTU6672479,Export,Textiles,Dry,DBGT,12,5,1,0,1,0,0.76,55.5
TUTU1594156,Export,Granite,Dry,PSA_SICAL,8,4,0,0,0,0,0.802,39.3
TUTU7766156,Export,Machinery,ODC,PSA_SICAL,11,6,1,0,1,0,0.834,99.8
TUTU1383694,Export,Salt,Dry,DBGT,1,1,0,0,0,0,0.904,49.8
TUTU7821016,Import,Electronics,Dry,PSA_SICAL,6,4,0,0,0,1,0.787,88.7
TUTU3421678,Export,Seafood,Reefer,PSA_SICAL,3,5,1,0,0,0,0.812,33.0
TUTU9941500,Export,Seafood,Reefer,PSA_SICAL,9,1,0,0,0,0,0.837,32.4
TUTU3108926,Export,Sugar,Dry,PSA_SICAL,8,6,1,1,0,0,0.871,83.0
TUTU1175592,Import,Machinery,ODC,PSA_SICAL,12,3,0,0,1,0,0.769,90.0
TUTU1664853,Export,Textiles,Dry,PSA_SICAL,1,4,0,0,0,0,0.829,42.7
TUTU7463524,Export,Machinery,ODC,DBGT,9,4,0,0,0,0,0.919,71.1
TUTU4985190,Export,Seafood,Reefer,PSA_SICAL,5,1,0,0,0,0,0.895,38.4
TUTU7550196,Export,Seafood,Reefer,PSA_SICAL,6,5,1,0,0,0,0.863,31.7
TUTU8300294,Export,Machinery,ODC,PSA_SICAL,5,5,1,0,0,0,0.77,58.4
TUTU9534971,Export,Machinery,ODC,DBGT,9,5,1,0,0,0,0.843,58.5
TUTU6293646,Export,Granite,Dry,PSA_SICAL,2,1,0,0,0,0,0.811,43.2
TUTU1809318,Import,Chemicals,Hazardous,PSA_SICAL,12,1,0,0,1,0,0.824,100.5
TUTU7180573,Import,Coal,Dry,DBGT,5,3,0,0,0,0,0.888,93.4
TUTU9091034,Import,Electronics,Dry,DBGT,8,2,0,0,0,0,0.831,64.5
TUTU9757347,Import,Chemicals,Hazardous,DBGT,4,4,0,0,0,1,0.954,135.4
TUTU8456551,Import,Chemicals,Hazardous,PSA_SICAL,5,1,0,0,0,0,0.738,75.5
TUTU7108688,Import,Seafood,Reefer,PSA_SICAL,9,5,1,1,0,0,0.82,78.9
TUTU9566788,Export,Salt,Dry,PSA_SICAL,8,1,0,0,0,0,0.808,37.4
TUTU2998113,Import,Coal,Dry,DBGT,4,4,0,0,0,0,0.843,75.0
TUTU9600056,Export,Seafood,Reefer,DBGT,8,6,1,0,0,1,0.852,67.1
TUTU4827393,Export,Salt,Dry,PSA_SICAL,1,1,0,0,0,0,0.813,34.4
TUTU6113146,Import,Coal,Dry,DBGT,10,4,0,0,1,0,0.861,98.2
TUTU3001622,Export,Textiles,Dry,PSA_SICAL,5,3,0,0,0,0,0.858,57.7
TUTU7259304,Import,Timber,Dry,PSA_SICAL,1,1,0,0,0,0,0.819,69.4
TUTU3154991,Export,Electronics,Dry,PSA_SICAL,7,0,0,0,0,0,0.814,43.9
TUTU2876526,Export,Granite,Dry,PSA_SICAL,7,6,1,0,0,1,0.797,74.2
TUTU5303489,Export,Sugar,Dry,PSA_SICAL,7,3,0,0,0,0,0.813,38.2
TUTU4172840,Export,Sugar,Dry,PSA_SICAL,3,4,0,0,0,0,0.832,43.9
TUTU3558928,Import,Chemicals,Hazardous,DBGT,5,6,1,0,0,0,0.802,83.3
TUTU5473500,Import,Electronics,Dry,PSA_SICAL,10,0,0,0,1,0,0.864,99.7
TUTU8365564,Export,Granite,Dry,PSA_SICAL,9,3,0,0,0,0,0.866,58.1
TUTU9106158,Export,Granite,Dry,PSA_SICAL,8,0,0,0,0,0,0.851,52.2
TUTU7315009,Import,EdibleOil,LiquidBulk,PSA_SICAL,6,5,1,0,0,0,0.781,83.5
TUTU8469761,Import,Coal,Dry,PSA_SICAL,5,1,0,0,0,1,0.805,112.1
TUTU1358046,Import,Machinery,ODC,PSA_SICAL,2,0,0,0,0,1,0.774,101.9
TUTU3813508,Import,Electronics,Dry,PSA_SICAL,11,2,0,1,1,0,0.82,106.7
TUTU1633104,Export,Electronics,Dry,PSA_SICAL,8,2,0,0,0,1,0.88,80.3
TUTU3290050,Export,Salt,Dry,DBGT,4,2,0,0,0,0,0.836,44.3
TUTU7019888,Import,Seafood,Reefer,DBGT,4,0,0,0,0,0,0.799,42.4
TUTU6551863,Export,Seafood,Reefer,PSA_SICAL,12,1,0,0,1,0,0.811,23.8
TUTU9120021,Import,Timber,Dry,DBGT,9,1,0,0,0,0,0.918,89.4
TUTU9957229,Export,Seafood,Reefer,PSA_SICAL,7,5,1,0,0,0,0.776,28.4
TUTU7892832,Export,Seafood,Reefer,DBGT,12,2,0,0,1,0,0.823,27.0
TUTU6614489,Export,Seafood,Reefer,PSA_SICAL,12,3,0,0,1,1,0.665,62.0
TUTU1303091,Import,Chemicals,Hazardous,DBGT,10,0,0,0,1,1,0.769,142.5
TUTU7655398,Import,Seafood,Reefer,PSA_SICAL,4,0,0,0,0,1,0.831,74.9
TUTU2221842,Import,Coal,Dry,DBGT,2,1,0,0,0,0,0.897,92.1
TUTU3224381,Export,Seafood,Reefer,DBGT,4,3,0,0,0,0,0.748,17.3
TUTU8248625,Export,Salt,Dry,PSA_SICAL,6,0,0,0,0,0,0.821,41.6
TUTU6142012,Export,Salt,Dry,PSA_SICAL,8,4,0,0,0,0,0.754,39.0
TUTU6430677,Import,EdibleOil,LiquidBulk,DBGT,7,1,0,0,0,1,0.892,128.5
TUTU1998922,Import,Machinery,ODC,DBGT,2,0,0,0,0,0,0.759,74.7
TUTU1314264,Export,Salt,Dry,PSA_SICAL,12,0,0,0,1,0,0.761,50.3
TUTU1785919,Export,Salt,Dry,PSA_SICAL,3,2,0,0,0,0,0.826,39.1
TUTU5029427,Import,Timber,Dry,DBGT,5,4,0,0,0,0,0.713,66.8
TUTU2339158,Export,Seafood,Reefer,PSA_SICAL,8,1,0,0,0,0,0.742,18.8
TUTU6828215,Export,Sugar,Dry,PSA_SICAL,9,4,0,0,0,0,0.82,43.9
TUTU4832221,Import,Machinery,ODC,PSA_SICAL,4,5,1,0,0,0,0.814,84.1
TUTU4432975,Export,Granite,Dry,PSA_SICAL,8,6,1,0,0,0,0.856,64.3
TUTU1740472,Import,Seafood,Reefer,PSA_SICAL,10,2,0,0,1,0,0.781,53.5
TUTU1650719,Import,Coal,Dry,PSA_SICAL,12,4,0,0,1,0,0.811,97.0
TUTU8012110,Import,Seafood,Reefer,PSA_SICAL,4,5,1,0,0,0,0.806,42.3
TUTU2579504,Export,Sugar,Dry,PSA_SICAL,2,2,0,1,0,0,0.784,56.8
TUTU3486478,Export,Granite,Dry,PSA_SICAL,5,4,0,0,0,0,0.825,46.1
TUTU4905794,Import,Coal,Dry,PSA_SICAL,12,2,0,0,1,0,0.834,94.7
TUTU6782002,Export,Granite,Dry,DBGT,5,1,0,0,0,0,0.852,53.3
TUTU6531404,Export,Granite,Dry,PSA_SICAL,4,6,1,0,0,0,0.88,65.2
TUTU8599005,Import,Machinery,ODC,DBGT,5,6,1,0,0,0,0.889,92.3
TUTU1090667,Export,Salt,Dry,PSA_SICAL,8,6,1,0,0,0,0.741,41.4
TUTU2384503,Import,Machinery,ODC,DBGT,5,1,0,0,0,0,0.835,76.3
TUTU8254033,Import,Machinery,ODC,DBGT,9,0,0,0,0,0,0.793,74.1
TUTU1192127,Export,Seafood,Reefer,DBGT,4,0,0,0,0,0,0.792,15.8
TUTU4312217,Export,Machinery,ODC,DBGT,12,3,0,0,1,0,0.777,62.2
TUTU2133396,Export,Seafood,Reefer,DBGT,8,0,0,0,0,0,0.76,17.8
TUTU6526481,Import,Chemicals,Hazardous,PSA_SICAL,9,6,1,0,0,0,0.846,89.3
TUTU9883496,Import,Chemicals,Hazardous,PSA_SICAL,4,5,1,0,0,0,0.798,76.3
TUTU8816727,Export,Textiles,Dry,PSA_SICAL,5,5,1,0,0,0,0.796,50.9
TUTU6578384,Import,Seafood,Reefer,PSA_SICAL,3,2,0,0,0,0,0.718,48.7
TUTU9911137,Import,Coal,Dry,DBGT,5,1,0,0,0,0,0.823,76.1
TUTU8145310,Import,Machinery,ODC,PSA_SICAL,2,6,1,0,0,0,0.711,76.0
TUTU5158465,Export,Textiles,Dry,PSA_SICAL,7,0,0,0,0,0,0.699,43.9
TUTU5339119,Import,Coal,Dry,PSA_SICAL,2,4,0,0,0,0,0.747,68.0
TUTU8466916,Export,Textiles,Dry,PSA_SICAL,6,6,1,0,0,1,0.813,86.6
TUTU9042586,Export,Granite,Dry,PSA_SICAL,12,2,0,0,1,0,0.774,58.0
TUTU6607392,Export,Salt,Dry,PSA_SICAL,4,5,1,0,0,0,0.884,56.3
TUTU1594900,Import,Timber,Dry,DBGT,1,3,0,0,0,0,0.799,65.6
TUTU2971101,Export,Salt,Dry,DBGT,8,5,1,0,0,1,0.872,82.2
TUTU8792410,Export,Textiles,Dry,DBGT,6,1,0,1,0,0,0.802,78.8
TUTU9898881,Import,Machinery,ODC,PSA_SICAL,10,6,1,0,1,0,0.824,100.7
TUTU3981892,Import,Chemicals,Hazardous,PSA_SICAL,3,4,0,0,0,1,0.82,115.4
TUTU4153630,Export,Seafood,Reefer,PSA_SICAL,3,5,1,0,0,0,0.798,29.7
TUTU8013503,Import,Electronics,Dry,DBGT,8,0,0,0,0,0,0.799,67.6
TUTU1750009,Export,Salt,Dry,PSA_SICAL,3,0,0,1,0,1,0.806,93.2
TUTU2320981,Import,EdibleOil,LiquidBulk,PSA_SICAL,5,2,0,0,0,0,0.945,96.9
TUTU8755700,Export,Sugar,Dry,PSA_SICAL,12,2,0,0,1,0,0.831,66.3
TUTU2872641,Import,Machinery,ODC,PSA_SICAL,2,3,0,0,0,0,0.877,87.2
TUTU3296749,Import,Coal,Dry,PSA_SICAL,6,5,1,0,0,0,0.764,82.9
TUTU8349069,Export,Machinery,ODC,PSA_SICAL,5,0,0,0,0,0,0.803,48.6
TUTU7768690,Import,Machinery,ODC,PSA_SICAL,11,5,1,0,1,0,0.768,98.8
TUTU4840310,Export,Machinery,ODC,DBGT,7,5,1,0,0,0,0.861,70.8
TUTU9951085,Export,Sugar,Dry,PSA_SICAL,12,2,0,0,1,0,0.84,52.9
TUTU1996030,Export,Salt,Dry,PSA_SICAL,6,6,1,0,0,0,0.818,48.6
TUTU9962567,Import,Machinery,ODC,DBGT,4,1,0,0,0,0,0.872,91.2
TUTU5459339,Export,Sugar,Dry,DBGT,2,0,0,0,0,0,0.898,53.3
TUTU4638831,Import,Electronics,Dry,PSA_SICAL,5,6,1,0,0,1,0.751,99.5
TUTU4082778,Export,Salt,Dry,PSA_SICAL,7,2,0,0,0,0,0.822,41.3
TUTU9424471,Import,EdibleOil,LiquidBulk,DBGT,5,5,1,0,0,1,0.935,128.4
TUTU9399058,Export,Electronics,Dry,PSA_SICAL,6,4,0,0,0,1,0.809,72.8
TUTU1065873,Export,Seafood,Reefer,PSA_SICAL,5,4,0,0,0,1,0.838,52.8
TUTU6801195,Import,Timber,Dry,PSA_SICAL,1,2,0,0,0,0,0.804,62.2
TUTU3663499,Export,Granite,Dry,PSA_SICAL,2,3,0,0,0,0,0.777,44.8
TUTU4253627,Export,Sugar,Dry,DBGT,8,1,0,0,0,0,0.858,47.6
TUTU4045665,Import,Coal,Dry,DBGT,11,6,1,0,1,0,0.779,99.4
TUTU7863032,Import,Coal,Dry,DBGT,7,1,0,0,0,0,0.822,70.6
TUTU9351521,Export,Salt,Dry,PSA_SICAL,2,2,0,0,0,0,0.8,35.1
TUTU1936969,Export,Seafood,Reefer,DBGT,10,2,0,0,1,0,0.853,33.2
TUTU6822748,Import,Machinery,ODC,DBGT,1,1,0,0,0,1,0.792,100.8
TUTU4531046,Import,Machinery,ODC,DBGT,2,2,0,0,0,1,0.771,110.7
TUTU7769588,Import,Chemicals,Hazardous,PSA_SICAL,7,0,0,0,0,1,0.908,131.4
TUTU3350309,Export,Salt,Dry,PSA_SICAL,8,6,1,0,0,0,0.794,41.7
TUTU5597188,Export,Seafood,Reefer,DBGT,7,0,0,0,0,0,0.789,20.6
TUTU3411133,Export,Machinery,ODC,DBGT,1,6,1,0,0,0,0.898,73.3
TUTU2020684,Export,Granite,Dry,PSA_SICAL,1,5,1,0,0,0,0.83,44.1
TUTU7632510,Import,EdibleOil,LiquidBulk,DBGT,2,2,0,0,0,0,0.807,74.8
TUTU6788671,Import,Coal,Dry,PSA_SICAL,4,2,0,0,0,0,0.808,79.3
TUTU3006392,Import,Electronics,Dry,DBGT,2,3,0,0,0,0,0.804,58.0
TUTU3520001,Export,Machinery,ODC,DBGT,5,5,1,0,0,0,0.84,71.1
TUTU7154115,Export,Machinery,ODC,PSA_SICAL,10,5,1,0,1,0,0.695,70.7
TUTU4012198,Export,Salt,Dry,PSA_SICAL,12,5,1,0,1,0,0.921,70.3
TUTU8424784,Import,Seafood,Reefer,PSA_SICAL,9,5,1,0,0,1,0.782,74.1
TUTU2617555,Export,Salt,Dry,DBGT,5,5,1,0,0,0,0.792,38.7
TUTU6090990,Import,Coal,Dry,PSA_SICAL,12,3,0,0,1,1,0.908,144.2
TUTU5564631,Import,Machinery,ODC,PSA_SICAL,1,4,0,0,0,1,0.865,119.8
TUTU6987770,Import,Machinery,ODC,PSA_SICAL,1,6,1,0,0,0,0.833,95.1
TUTU5079948,Import,Timber,Dry,PSA_SICAL,2,4,0,0,0,0,0.781,62.2
TUTU2307015,Import,Coal,Dry,DBGT,10,4,0,0,1,0,0.817,90.8
TUTU6616867,Import,Coal,Dry,PSA_SICAL,11,6,1,0,1,1,0.841,141.1
TUTU9328882,Export,Textiles,Dry,DBGT,6,2,0,0,0,0,0.833,42.5
TUTU4716179,Import,Timber,Dry,PSA_SICAL,5,2,0,0,0,1,0.757,98.1
TUTU1617094,Export,Salt,Dry,PSA_SICAL,4,6,1,0,0,0,0.788,38.1
TUTU2144313,Import,EdibleOil,LiquidBulk,PSA_SICAL,7,2,0,0,0,0,0.845,81.9
TUTU7693145,Export,Machinery,ODC,DBGT,9,0,0,0,0,0,0.881,68.7
TUTU2868962,Import,Seafood,Reefer,PSA_SICAL,12,0,0,0,1,0,0.799,50.8
TUTU3548534,Export,Textiles,Dry,PSA_SICAL,9,6,1,0,0,0,0.833,50.4
TUTU2548566,Export,Salt,Dry,PSA_SICAL,8,6,1,0,0,0,0.856,51.3
TUTU1929761,Export,Electronics,Dry,DBGT,12,5,1,0,1,0,0.878,65.2
TUTU7466967,Import,Coal,Dry,DBGT,2,3,0,0,0,0,0.876,89.6
TUTU6659462,Import,Coal,Dry,PSA_SICAL,2,4,0,0,0,0,0.881,89.0
TUTU1959731,Import,Chemicals,Hazardous,DBGT,1,4,0,0,0,1,0.853,132.5
TUTU7461794,Export,Sugar,Dry,PSA_SICAL,9,3,0,0,0,0,0.773,39.4
TUTU3676290,Import,Timber,Dry,PSA_SICAL,1,5,1,0,0,0,0.87,93.8
TUTU3380203,Import,Machinery,ODC,DBGT,2,6,1,0,0,1,0.776,107.0
TUTU3901800,Import,EdibleOil,LiquidBulk,PSA_SICAL,4,0,0,0,0,1,0.752,104.7
TUTU8126337,Import,Chemicals,Hazardous,PSA_SICAL,11,4,0,0,1,0,0.823,99.7
TUTU1199232,Export,Granite,Dry,PSA_SICAL,10,5,1,0,1,0,0.702,57.4
TUTU2667534,Import,Chemicals,Hazardous,DBGT,7,2,0,0,0,0,0.809,75.9
TUTU7335902,Export,Granite,Dry,PSA_SICAL,1,0,0,0,0,0,0.832,52.0
TUTU8320907,Export,Granite,Dry,DBGT,1,0,0,0,0,0,0.74,39.5
TUTU8238631,Export,Granite,Dry,PSA_SICAL,11,2,0,0,1,0,0.895,77.6
TUTU8007213,Export,Seafood,Reefer,PSA_SICAL,7,0,0,0,0,1,0.89,64.2
TUTU9584475,Export,Granite,Dry,DBGT,7,0,0,0,0,0,0.819,49.7
TUTU5760892,Import,Timber,Dry,DBGT,7,0,0,0,0,0,0.77,70.9
TUTU8723672,Export,Granite,Dry,PSA_SICAL,4,1,0,1,0,0,0.811,66.4
TUTU8784406,Export,Electronics,Dry,PSA_SICAL,11,3,0,0,1,0,0.869,59.1
TUTU7682640,Import,Chemicals,Hazardous,PSA_SICAL,2,1,0,0,0,0,0.75,73.7
TUTU5558606,Export,Textiles,Dry,PSA_SICAL,4,6,1,0,0,1,0.791,68.0
TUTU2707413,Export,Textiles,Dry,PSA_SICAL,3,6,1,0,0,0,0.89,70.9
TUTU6904377,Export,Seafood,Reefer,PSA_SICAL,7,0,0,0,0,1,0.836,58.1
TUTU4629294,Export,Salt,Dry,DBGT,8,6,1,0,0,0,0.822,46.3
TUTU1410065,Export,Textiles,Dry,DBGT,3,0,0,0,0,1,0.806,73.0
TUTU3077560,Import,Machinery,ODC,DBGT,10,2,0,0,1,0,0.913,116.6
TUTU2352341,Import,EdibleOil,LiquidBulk,DBGT,6,5,1,0,0,0,0.75,82.9
TUTU2919966,Export,Salt,Dry,PSA_SICAL,10,0,0,0,1,0,0.879,70.5
TUTU3206925,Import,Machinery,ODC,PSA_SICAL,11,6,1,0,1,0,0.738,102.7
TUTU7723708,Import,Seafood,Reefer,PSA_SICAL,7,0,0,0,0,0,0.903,58.1
TUTU3840636,Import,Electronics,Dry,DBGT,7,6,1,1,0,0,0.834,94.9
TUTU3906110,Export,Seafood,Reefer,DBGT,11,1,0,0,1,0,0.695,25.3
TUTU6593249,Export,Seafood,Reefer,PSA_SICAL,11,4,0,0,1,0,0.701,28.8
TUTU9243185,Export,Granite,Dry,PSA_SICAL,2,0,0,0,0,1,0.771,68.5
TUTU3250960,Export,Textiles,Dry,DBGT,8,2,0,0,0,0,0.793,51.3
TUTU1323471,Import,Coal,Dry,DBGT,12,6,1,0,1,0,0.806,94.8
TUTU4617602,Import,Electronics,Dry,DBGT,8,3,0,0,0,1,0.765,90.9
TUTU3456432,Export,Salt,Dry,DBGT,9,5,1,0,0,0,0.835,45.7
TUTU3189214,Import,Coal,Dry,PSA_SICAL,12,0,0,0,1,0,0.875,102.6
TUTU7346270,Import,Timber,Dry,PSA_SICAL,3,5,1,0,0,0,0.882,93.7
TUTU4370089,Import,Coal,Dry,PSA_SICAL,4,2,0,0,0,0,0.734,75.1
TUTU9666755,Export,Electronics,Dry,DBGT,10,6,1,0,1,0,0.815,60.0
TUTU2701484,Import,Chemicals,Hazardous,DBGT,2,4,0,0,0,0,0.836,82.6
TUTU8346024,Import,Coal,Dry,PSA_SICAL,7,1,0,0,0,0,0.812,87.3
TUTU8934416,Export,Seafood,Reefer,DBGT,5,5,1,0,0,1,0.791,57.4
TUTU5505822,Import,Electronics,Dry,PSA_SICAL,6,2,0,0,0,0,0.853,66.0
TUTU5766952,Import,Electronics,Dry,DBGT,8,0,0,0,0,1,0.794,92.6
TUTU2881961,Export,Granite,Dry,PSA_SICAL,6,1,0,0,0,0,0.878,61.9
TUTU9196079,Export,Salt,Dry,DBGT,6,5,1,0,0,1,0.806,70.0
TUTU4646406,Export,Seafood,Reefer,DBGT,2,0,0,0,0,0,0.818,20.5
TUTU6447286,Export,Seafood,Reefer,DBGT,1,2,0,0,0,0,0.864,35.0
TUTU3170081,Export,Seafood,Reefer,DBGT,5,5,1,0,0,0,0.835,31.5
TUTU2611402,Import,EdibleOil,LiquidBulk,DBGT,10,3,0,0,1,0,0.867,107.8
TUTU1115325,Import,Chemicals,Hazardous,PSA_SICAL,4,6,1,0,0,0,0.853,89.8
TUTU7487593,Import,Coal,Dry,PSA_SICAL,6,5,1,0,0,0,0.721,74.6
TUTU9699098,Export,Seafood,Reefer,DBGT,9,2,0,0,0,1,0.719,56.6
TUTU6296697,Export,Sugar,Dry,PSA_SICAL,6,3,0,0,0,0,0.953,67.8
TUTU5133791,Import,Electronics,Dry,PSA_SICAL,2,3,0,0,0,0,0.806,63.7
TUTU3515194,Export,Textiles,Dry,DBGT,4,5,1,1,0,1,0.871,111.9
TUTU9611601,Export,Textiles,Dry,DBGT,10,5,1,0,1,0,0.862,58.0
TUTU8576098,Export,Seafood,Reefer,PSA_SICAL,5,2,0,0,0,0,0.792,25.2
TUTU1972824,Import,Machinery,ODC,DBGT,1,3,0,0,0,0,0.811,77.6
TUTU9655149,Import,Coal,Dry,PSA_SICAL,4,1,0,0,0,0,0.772,71.7
TUTU6029927,Import,Seafood,Reefer,PSA_SICAL,2,0,0,0,0,0,0.784,44.0
TUTU9296119,Export,Salt,Dry,PSA_SICAL,11,3,0,0,1,0,0.89,58.1
TUTU4596743,Export,Granite,Dry,PSA_SICAL,5,5,1,0,0,0,0.799,47.8
TUTU3967709,Export,Seafood,Reefer,PSA_SICAL,12,3,0,0,1,0,0.855,37.0
TUTU3577331,Import,Timber,Dry,PSA_SICAL,11,5,1,0,1,0,0.715,90.3
TUTU5431111,Export,Electronics,Dry,PSA_SICAL,11,4,0,0,1,0,0.786,50.9
TUTU4311633,Export,Seafood,Reefer,DBGT,8,0,0,0,0,0,0.754,19.2
TUTU7643629,Import,Machinery,ODC,PSA_SICAL,7,3,0,0,0,0,0.848,84.2
TUTU8113735,Import,EdibleOil,LiquidBulk,PSA_SICAL,8,3,0,0,0,0,0.911,93.9
TUTU4651766,Import,Coal,Dry,DBGT,5,3,0,0,0,0,0.696,70.0
TUTU5022563,Export,Sugar,Dry,DBGT,1,1,0,0,0,1,0.857,84.9
TUTU4654186,Import,Coal,Dry,DBGT,6,0,0,0,0,0,0.781,75.1
TUTU3119997,Export,Salt,Dry,PSA_SICAL,10,3,0,0,1,0,0.74,51.3
TUTU8915637,Export,Sugar,Dry,PSA_SICAL,8,1,0,0,0,1,0.796,70.4
TUTU1903050,Export,Sugar,Dry,PSA_SICAL,7,5,1,0,0,0,0.787,36.6
TUTU5340935,Import,Coal,Dry,PSA_SICAL,1,3,0,0,0,0,0.822,70.8
TUTU5472559,Import,Chemicals,Hazardous,PSA_SICAL,8,5,1,0,0,1,0.795,105.9
TUTU7925074,Import,Coal,Dry,PSA_SICAL,12,1,0,0,1,0,0.841,97.0
TUTU1688580,Export,Salt,Dry,DBGT,9,4,0,0,0,0,0.907,51.0
TUTU4546507,Export,Salt,Dry,PSA_SICAL,6,1,0,0,0,0,0.791,31.9
TUTU1217386,Import,Machinery,ODC,DBGT,3,2,0,0,0,0,0.81,72.4
TUTU2031492,Export,Granite,Dry,DBGT,12,2,0,0,1,0,0.845,59.9
TUTU9915439,Export,Sugar,Dry,PSA_SICAL,4,5,1,0,0,0,0.822,50.6
TUTU3064463,Export,Electronics,Dry,DBGT,2,0,0,0,0,0,0.908,59.2
TUTU2492023,Export,Machinery,ODC,PSA_SICAL,12,3,0,0,1,0,0.837,69.4
TUTU9282723,Export,Machinery,ODC,DBGT,8,5,1,0,0,0,0.891,73.9
TUTU8560934,Import,Chemicals,Hazardous,PSA_SICAL,8,4,0,0,0,1,0.754,108.1
TUTU2275325,Import,Timber,Dry,PSA_SICAL,3,6,1,0,0,0,0.745,69.3
TUTU3035334,Import,Seafood,Reefer,DBGT,10,2,0,0,1,0,0.842,66.2
TUTU1536137,Import,Machinery,ODC,DBGT,10,0,0,0,1,0,0.8,95.2
TUTU2148931,Import,EdibleOil,LiquidBulk,DBGT,6,1,0,0,0,0,0.883,93.5
TUTU3063936,Export,Electronics,Dry,PSA_SICAL,8,3,0,0,0,0,0.845,41.2
TUTU2924957,Export,Seafood,Reefer,DBGT,9,6,1,0,0,0,0.865,34.3
TUTU3365387,Export,Machinery,ODC,PSA_SICAL,8,5,1,0,0,1,0.853,96.5
TUTU9114262,Import,EdibleOil,LiquidBulk,PSA_SICAL,3,5,1,1,0,0,0.901,121.5
TUTU7435249,Import,Timber,Dry,PSA_SICAL,7,6,1,0,0,0,0.724,71.1
TUTU3607273,Export,Seafood,Reefer,DBGT,11,6,1,0,1,0,0.788,33.9
TUTU4340418,Import,Machinery,ODC,PSA_SICAL,3,5,1,0,0,0,0.809,79.3
TUTU9999518,Export,Salt,Dry,DBGT,2,5,1,0,0,0,0.797,43.8
TUTU6365637,Export,Granite,Dry,DBGT,8,4,0,0,0,0,0.852,58.4
TUTU7777049,Export,Seafood,Reefer,DBGT,2,0,0,0,0,0,0.729,34.2
TUTU3335209,Export,Granite,Dry,PSA_SICAL,7,1,0,0,0,0,0.815,48.9
TUTU3834866,Import,Coal,Dry,PSA_SICAL,5,2,0,0,0,0,0.814,74.1
TUTU8260023,Import,Timber,Dry,DBGT,1,2,0,0,0,0,0.756,67.0
TUTU5422956,Export,Granite,Dry,DBGT,10,2,0,0,1,0,0.86,68.3
TUTU1137451,Import,Timber,Dry,DBGT,12,5,1,0,1,0,0.789,92.0
TUTU9666318,Import,Seafood,Reefer,PSA_SICAL,2,2,0,0,0,1,0.874,83.8
TUTU6728464,Export,Textiles,Dry,PSA_SICAL,4,0,0,0,0,0,0.835,44.1
TUTU5184876,Export,Seafood,Reefer,PSA_SICAL,2,2,0,0,0,0,0.781,16.7
TUTU1906723,Export,Granite,Dry,DBGT,10,6,1,1,1,0,0.853,91.9
TUTU5567195,Export,Textiles,Dry,DBGT,8,1,0,0,0,0,0.866,52.1
TUTU2279203,Import,Chemicals,Hazardous,DBGT,3,5,1,0,0,0,0.832,86.7
TUTU8852176,Import,Coal,Dry,DBGT,2,2,0,0,0,0,0.712,69.3
TUTU1409136,Export,Granite,Dry,PSA_SICAL,5,6,1,0,0,0,0.812,48.4
TUTU3294922,Import,Timber,Dry,PSA_SICAL,9,1,0,0,0,0,0.794,61.2
TUTU7228655,Export,Sugar,Dry,PSA_SICAL,7,3,0,0,0,0,0.772,38.1
TUTU3249030,Export,Seafood,Reefer,PSA_SICAL,4,4,0,0,0,0,0.83,24.5
TUTU3374708,Import,Coal,Dry,DBGT,4,3,0,0,0,0,0.822,82.4
TUTU8356043,Export,Textiles,Dry,PSA_SICAL,12,0,0,0,1,0,0.807,61.5
TUTU8309507,Export,Granite,Dry,PSA_SICAL,12,0,0,0,1,0,0.778,59.1
TUTU7319295,Import,Electronics,Dry,PSA_SICAL,3,1,0,0,0,0,0.845,64.5
TUTU9737062,Import,Coal,Dry,DBGT,1,1,0,0,0,1,0.792,98.7
TUTU3291650,Export,Sugar,Dry,PSA_SICAL,10,2,0,0,1,0,0.764,55.0
TUTU3749789,Export,Granite,Dry,PSA_SICAL,12,1,0,0,1,0,0.889,64.9
TUTU2543434,Import,Chemicals,Hazardous,PSA_SICAL,9,1,0,0,0,0,0.846,84.3
TUTU1036552,Export,Granite,Dry,PSA_SICAL,7,2,0,1,0,0,0.745,60.8
TUTU3326432,Export,Salt,Dry,PSA_SICAL,7,1,0,0,0,0,0.839,41.1
TUTU1189785,Import,Machinery,ODC,PSA_SICAL,3,5,1,0,0,0,0.774,81.3
TUTU1666695,Export,Granite,Dry,DBGT,1,4,0,0,0,0,0.776,38.0
TUTU9276860,Export,Seafood,Reefer,PSA_SICAL,2,1,0,0,0,0,0.766,17.5
TUTU7354995,Import,Machinery,ODC,DBGT,1,0,0,0,0,0,0.97,119.7
TUTU1147072,Import,Seafood,Reefer,PSA_SICAL,10,0,0,1,1,0,0.858,87.5
TUTU4214746,Import,Coal,Dry,PSA_SICAL,4,4,0,0,0,0,0.812,72.9
TUTU5891918,Import,Electronics,Dry,DBGT,7,2,0,0,0,0,0.744,66.9
TUTU4781359,Export,Electronics,Dry,DBGT,2,1,0,0,0,0,0.871,53.9
TUTU9379188,Export,Seafood,Reefer,DBGT,6,3,0,0,0,0,0.852,27.2
TUTU3846548,Import,Electronics,Dry,PSA_SICAL,1,1,0,0,0,0,0.84,66.7
TUTU4977302,Import,Machinery,ODC,PSA_SICAL,2,5,1,0,0,0,0.814,80.0
TUTU1087515,Import,Chemicals,Hazardous,PSA_SICAL,3,0,0,0,0,0,0.894,105.6
TUTU2361389,Export,Salt,Dry,PSA_SICAL,11,0,0,0,1,0,0.805,47.9
TUTU1267909,Export,Salt,Dry,DBGT,7,6,1,0,0,0,0.725,34.6
TUTU4611501,Import,Timber,Dry,PSA_SICAL,8,5,1,0,0,0,0.877,81.7
TUTU2923756,Import,Chemicals,Hazardous,PSA_SICAL,1,6,1,0,0,0,0.879,100.4
TUTU3636929,Export,Seafood,Reefer,DBGT,7,2,0,0,0,1,0.856,74.8
TUTU9820925,Export,Seafood,Reefer,PSA_SICAL,3,2,0,0,0,0,0.736,30.4
TUTU2128592,Import,Electronics,Dry,DBGT,7,5,1,0,0,0,0.851,75.7
TUTU9414254,Import,EdibleOil,LiquidBulk,PSA_SICAL,9,5,1,0,0,0,0.819,85.9
TUTU6408246,Export,Salt,Dry,DBGT,4,5,1,0,0,0,0.778,55.8
TUTU4519930,Export,Sugar,Dry,PSA_SICAL,1,4,0,0,0,0,0.848,55.0
TUTU4784432,Export,Electronics,Dry,PSA_SICAL,10,1,0,0,1,1,0.765,84.0
TUTU4624713,Export,Granite,Dry,PSA_SICAL,10,1,0,0,1,1,0.766,88.6
TUTU6982985,Export,Seafood,Reefer,DBGT,12,5,1,0,1,1,0.859,80.6
TUTU3617230,Import,Chemicals,Hazardous,PSA_SICAL,7,2,0,0,0,0,0.816,82.0
TUTU1137552,Export,Textiles,Dry,PSA_SICAL,10,1,0,0,1,0,0.804,48.2
TUTU1509358,Import,Timber,Dry,DBGT,6,5,1,0,0,1,0.793,100.4
TUTU1651023,Import,Coal,Dry,DBGT,7,5,1,0,0,0,0.833,77.8
TUTU3081664,Export,Seafood,Reefer,PSA_SICAL,1,4,0,0,0,0,0.818,21.7
TUTU6192612,Export,Salt,Dry,DBGT,1,0,0,0,0,0,0.768,37.0
TUTU1719343,Import,Electronics,Dry,PSA_SICAL,1,3,0,0,0,0,0.809,62.1
TUTU6766160,Export,Textiles,Dry,PSA_SICAL,8,6,1,0,0,0,0.829,49.1
TUTU6321866,Export,Sugar,Dry,PSA_SICAL,12,3,0,0,1,0,0.8,50.3
TUTU4308015,Export,Sugar,Dry,DBGT,10,4,0,0,1,0,0.851,62.3
TUTU5793283,Export,Salt,Dry,PSA_SICAL,9,1,0,0,0,0,0.849,42.7
TUTU2416396,Import,Machinery,ODC,DBGT,8,3,0,0,0,1,0.843,109.4
TUTU8753248,Export,Sugar,Dry,DBGT,8,4,0,0,0,0,0.815,41.2
TUTU2988988,Import,Coal,Dry,PSA_SICAL,12,3,0,0,1,0,0.824,97.6
TUTU4166229,Import,Machinery,ODC,PSA_SICAL,6,6,1,0,0,0,0.76,84.1
TUTU6789055,Export,Seafood,Reefer,PSA_SICAL,12,0,0,0,1,0,0.742,24.1
TUTU8899271,Import,Timber,Dry,DBGT,12,2,0,0,1,0,0.877,94.2
TUTU6338471,Export,Salt,Dry,PSA_SICAL,6,4,0,0,0,1,0.81,63.2
TUTU1654373,Import,Coal,Dry,DBGT,9,0,0,0,0,1,0.818,107.0
TUTU9943882,Import,Electronics,Dry,PSA_SICAL,6,2,0,0,0,0,0.771,55.7
TUTU9295658,Export,Seafood,Reefer,PSA_SICAL,3,1,0,0,0,0,0.839,24.7
TUTU9128823,Import,Chemicals,Hazardous,DBGT,7,1,0,0,0,0,0.711,74.4
TUTU2475476,Import,Timber,Dry,PSA_SICAL,5,4,0,0,0,0,0.856,74.8
TUTU8124628,Export,Machinery,ODC,PSA_SICAL,9,4,0,0,0,0,0.743,51.2
TUTU1104464,Export,Salt,Dry,PSA_SICAL,1,4,0,0,0,0,0.791,39.9
TUTU3665897,Import,Coal,Dry,DBGT,11,0,0,0,1,0,0.855,95.8
TUTU3328696,Import,Timber,Dry,DBGT,7,5,1,0,0,1,0.894,119.9
TUTU2019840,Import,Coal,Dry,DBGT,2,3,0,0,0,1,0.865,114.3
TUTU9376191,Export,Seafood,Reefer,DBGT,1,3,0,0,0,0,0.816,26.4
TUTU7176419,Import,Coal,Dry,DBGT,9,1,0,0,0,1,0.829,106.8
TUTU1163560,Export,Sugar,Dry,DBGT,8,6,1,0,0,0,0.819,50.6
TUTU2964280,Import,Coal,Dry,PSA_SICAL,5,5,1,0,0,0,0.774,76.3
TUTU7143776,Import,Coal,Dry,PSA_SICAL,3,2,0,0,0,1,0.841,108.5
TUTU9381303,Export,Seafood,Reefer,PSA_SICAL,3,4,0,0,0,0,0.884,32.4
TUTU3948538,Import,Chemicals,Hazardous,PSA_SICAL,4,4,0,0,0,0,0.693,80.4
TUTU8458134,Import,Machinery,ODC,PSA_SICAL,4,6,1,0,0,0,0.79,81.5
TUTU1449806,Import,Coal,Dry,PSA_SICAL,11,4,0,0,1,0,0.775,91.0
TUTU5356884,Import,Coal,Dry,PSA_SICAL,2,3,0,0,0,0,0.827,72.1
TUTU4118451,Export,Seafood,Reefer,PSA_SICAL,3,0,0,0,0,0,0.798,17.4
TUTU1000173,Import,Coal,Dry,PSA_SICAL,6,0,0,0,0,0,0.769,70.7
TUTU4655081,Export,Salt,Dry,DBGT,4,4,0,0,0,0,0.893,53.8
TUTU9484241,Export,Electronics,Dry,DBGT,8,4,0,0,0,0,0.801,38.8
TUTU1061030,Import,Coal,Dry,PSA_SICAL,2,4,0,0,0,0,0.747,72.8
TUTU5180891,Export,Machinery,ODC,DBGT,3,1,0,0,0,0,0.815,51.0
TUTU4882064,Export,Textiles,Dry,DBGT,5,4,0,0,0,0,0.761,40.1
TUTU6054144,Import,Chemicals,Hazardous,PSA_SICAL,2,5,1,0,0,0,0.799,83.2
TUTU6459277,Export,Granite,Dry,DBGT,11,4,0,0,1,1,0.802,92.1
TUTU3858929,Export,Granite,Dry,PSA_SICAL,7,6,1,0,0,0,0.878,62.6
TUTU3717815,Export,Textiles,Dry,DBGT,10,6,1,0,1,0,0.785,61.8
TUTU1655704,Export,Sugar,Dry,PSA_SICAL,1,5,1,0,0,0,0.867,60.2
TUTU1973476,Export,Salt,Dry,DBGT,6,3,0,0,0,0,0.865,44.8
TUTU5378381,Export,Granite,Dry,PSA_SICAL,3,0,0,0,0,0,0.774,40.3
TUTU5937235,Export,Seafood,Reefer,PSA_SICAL,6,4,0,0,0,0,0.708,19.5
TUTU7099241,Export,Seafood,Reefer,PSA_SICAL,6,2,0,0,0,0,0.762,25.7
TUTU8562821,Export,Seafood,Reefer,PSA_SICAL,2,5,1,0,0,0,0.84,27.8
TUTU8131768,Export,Seafood,Reefer,PSA_SICAL,9,4,0,0,0,0,0.784,22.2
TUTU2259044,Export,Textiles,Dry,DBGT,12,4,0,0,1,0,0.87,67.9
TUTU9888003,Export,Salt,Dry,DBGT,10,6,1,0,1,0,0.727,51.8
TUTU3856168,Import,Timber,Dry,DBGT,10,0,0,0,1,0,0.781,84.0
TUTU3784584,Import,Timber,Dry,DBGT,10,4,0,0,1,0,0.829,84.9
TUTU6284933,Import,Electronics,Dry,DBGT,1,1,0,0,0,0,0.854,69.0
TUTU4624054,Import,Electronics,Dry,PSA_SICAL,7,6,1,0,0,0,0.823,65.3
TUTU7810648,Export,Sugar,Dry,PSA_SICAL,2,3,0,0,0,0,0.789,40.3
TUTU3169362,Import,Chemicals,Hazardous,PSA_SICAL,4,0,0,0,0,0,0.792,79.7
TUTU5152462,Import,Timber,Dry,DBGT,9,1,0,1,0,0,0.87,98.5
TUTU7433536,Import,Coal,Dry,DBGT,5,6,1,0,0,0,0.755,67.5
TUTU6177852,Export,Granite,Dry,DBGT,9,4,0,0,0,0,0.846,45.3
TUTU1979790,Export,Sugar,Dry,PSA_SICAL,1,0,0,0,0,0,0.838,44.9
TUTU5934260,Export,Salt,Dry,PSA_SICAL,8,6,1,0,0,0,0.837,51.5
TUTU6225174,Import,Machinery,ODC,PSA_SICAL,12,2,0,1,1,1,0.923,187.3
TUTU1223880,Export,Seafood,Reefer,PSA_SICAL,8,2,0,0,0,0,0.911,37.8
TUTU5291797,Import,Chemicals,Hazardous,PSA_SICAL,3,2,0,0,0,1,0.931,132.4
TUTU9084249,Export,Seafood,Reefer,DBGT,9,1,0,0,0,0,0.754,23.0
TUTU2887125,Import,Timber,Dry,DBGT,12,1,0,0,1,0,0.899,99.3
TUTU5315909,Import,Machinery,ODC,DBGT,5,1,0,0,0,1,0.766,100.4
TUTU1053078,Export,Electronics,Dry,PSA_SICAL,7,2,0,0,0,1,0.931,92.9
TUTU3323936,Import,Machinery,ODC,DBGT,4,5,1,0,0,0,0.747,81.6
TUTU6827126,Export,Machinery,ODC,PSA_SICAL,7,4,0,0,0,0,0.858,72.5
TUTU7045156,Export,Sugar,Dry,PSA_SICAL,7,1,0,0,0,1,0.832,76.2
TUTU3085781,Import,Electronics,Dry,PSA_SICAL,11,5,1,0,1,0,0.831,91.3
TUTU3365676,Import,Seafood,Reefer,PSA_SICAL,6,5,1,0,0,0,0.807,52.8
TUTU4758744,Export,Machinery,ODC,DBGT,10,0,0,0,1,1,0.809,108.5
TUTU1714617,Export,Granite,Dry,PSA_SICAL,6,0,0,0,0,0,0.771,44.7
TUTU9369066,Export,Sugar,Dry,PSA_SICAL,11,0,0,0,1,0,0.876,64.1
TUTU9457118,Import,EdibleOil,LiquidBulk,PSA_SICAL,8,5,1,0,0,0,0.823,79.3
TUTU8795797,Export,Machinery,ODC,DBGT,4,2,0,0,0,0,0.894,71.4
TUTU6148217,Import,Machinery,ODC,PSA_SICAL,9,6,1,0,0,0,0.836,89.2
TUTU2930374,Import,Coal,Dry,PSA_SICAL,8,2,0,1,0,1,0.832,125.6
TUTU4982541,Export,Seafood,Reefer,PSA_SICAL,3,6,1,0,0,0,0.788,19.7
TUTU7375349,Export,Machinery,ODC,DBGT,11,6,1,0,1,1,0.742,113.3
TUTU6944610,Import,Timber,Dry,PSA_SICAL,6,6,1,0,0,0,0.836,80.9
TUTU5509144,Import,Chemicals,Hazardous,DBGT,3,1,0,0,0,0,0.77,74.2
TUTU8297637,Export,Machinery,ODC,DBGT,2,4,0,0,0,1,0.86,94.2
TUTU1539016,Import,Machinery,ODC,DBGT,4,2,0,0,0,0,0.84,84.8
TUTU9520527,Import,Seafood,Reefer,PSA_SICAL,1,3,0,0,0,0,0.834,45.3
TUTU3257124,Import,Timber,Dry,DBGT,6,5,1,1,0,1,0.866,134.2
TUTU4051843,Export,Granite,Dry,DBGT,10,5,1,0,1,0,0.719,59.7
TUTU9456160,Import,Chemicals,Hazardous,PSA_SICAL,10,1,0,0,1,0,0.789,97.9
TUTU8652257,Import,Chemicals,Hazardous,PSA_SICAL,7,3,0,0,0,0,0.805,84.4
TUTU2523313,Export,Salt,Dry,PSA_SICAL,9,4,0,0,0,0,0.817,40.6
TUTU9007694,Export,Textiles,Dry,PSA_SICAL,8,0,0,0,0,1,0.783,81.4
TUTU8805555,Import,Electronics,Dry,DBGT,10,6,1,0,1,0,0.842,83.3
TUTU4187164,Export,Seafood,Reefer,PSA_SICAL,8,1,0,0,0,0,0.764,17.7
TUTU3586103,Import,Timber,Dry,PSA_SICAL,1,3,0,0,0,0,0.87,72.3
TUTU6872782,Export,Electronics,Dry,PSA_SICAL,5,6,1,0,0,1,0.895,103.4
TUTU5410495,Export,Textiles,Dry,PSA_SICAL,3,0,0,0,0,0,0.818,50.5
TUTU3608943,Import,Electronics,Dry,PSA_SICAL,8,5,1,0,0,1,0.814,100.4
TUTU9802553,Import,Chemicals,Hazardous,DBGT,4,3,0,0,0,1,0.844,121.7
TUTU6343463,Export,Sugar,Dry,PSA_SICAL,4,1,0,0,0,0,0.796,38.0
TUTU4715692,Export,Seafood,Reefer,DBGT,4,0,0,0,0,0,0.817,19.9
TUTU5365101,Export,Granite,Dry,PSA_SICAL,5,0,0,0,0,0,0.84,52.3
TUTU1379274,Export,Sugar,Dry,DBGT,12,4,0,0,1,0,0.788,45.8
TUTU9582211,Import,Electronics,Dry,DBGT,3,4,0,0,0,1,0.765,88.1
TUTU2194536,Export,Granite,Dry,DBGT,1,5,1,0,0,0,0.89,63.6
TUTU8318104,Export,Sugar,Dry,PSA_SICAL,11,0,0,0,1,0,0.744,52.2
TUTU8344756,Import,Chemicals,Hazardous,PSA_SICAL,5,1,0,0,0,0,0.813,86.9
TUTU5422063,Export,Seafood,Reefer,PSA_SICAL,8,5,1,0,0,0,0.879,38.9
TUTU6933399,Export,Salt,Dry,DBGT,5,5,1,0,0,1,0.891,85.8
TUTU6993267,Import,Electronics,Dry,PSA_SICAL,3,4,0,0,0,0,0.849,66.9
TUTU6727395,Export,Seafood,Reefer,PSA_SICAL,2,0,0,0,0,0,0.821,25.8
TUTU7860792,Export,Machinery,ODC,PSA_SICAL,12,2,0,0,1,1,0.875,118.8
TUTU4822208,Import,EdibleOil,LiquidBulk,PSA_SICAL,7,5,1,0,0,0,0.846,78.2
TUTU4559893,Export,Salt,Dry,PSA_SICAL,4,4,0,1,0,1,0.848,94.5
TUTU3370666,Import,Timber,Dry,PSA_SICAL,11,5,1,0,1,0,0.84,106.9
TUTU9910993,Export,Sugar,Dry,PSA_SICAL,1,6,1,0,0,0,0.889,52.6
TUTU6566682,Export,Salt,Dry,DBGT,3,1,0,0,0,1,0.809,83.4
TUTU5029975,Export,Granite,Dry,DBGT,9,6,1,0,0,1,0.736,74.7
TUTU2536152,Import,Seafood,Reefer,PSA_SICAL,10,3,0,0,1,0,0.772,56.0
TUTU3624618,Export,Machinery,ODC,PSA_SICAL,9,4,0,0,0,0,0.77,55.3
TUTU3418824,Export,Granite,Dry,PSA_SICAL,6,1,0,0,0,0,0.757,43.7
TUTU6318767,Import,Chemicals,Hazardous,PSA_SICAL,7,5,1,0,0,0,0.942,111.7
TUTU3472145,Import,Seafood,Reefer,DBGT,9,6,1,0,0,0,0.904,83.7
TUTU3422792,Import,Coal,Dry,PSA_SICAL,2,6,1,0,0,0,0.808,69.8
TUTU2283250,Import,Electronics,Dry,PSA_SICAL,9,1,0,0,0,1,0.837,100.9
TUTU9594317,Export,Granite,Dry,PSA_SICAL,10,4,0,0,1,1,0.822,92.6
TUTU5745442,Import,Chemicals,Hazardous,PSA_SICAL,9,6,1,0,0,0,0.815,86.1
TUTU3913054,Export,Electronics,Dry,PSA_SICAL,6,4,0,0,0,0,0.802,32.8
TUTU1325539,Export,Textiles,Dry,DBGT,10,0,0,0,1,1,0.743,96.2
TUTU1671848,Import,Coal,Dry,DBGT,3,4,0,0,0,0,0.85,78.2
TUTU9837671,Export,Sugar,Dry,PSA_SICAL,2,6,1,0,0,1,0.823,78.5
TUTU3621612,Export,Granite,Dry,PSA_SICAL,2,0,0,0,0,0,0.872,51.1
TUTU7499759,Export,Electronics,Dry,PSA_SICAL,7,3,0,0,0,1,0.852,75.0
TUTU1958317,Export,Electronics,Dry,DBGT,9,6,1,0,0,0,0.817,43.8
TUTU7817984,Import,Seafood,Reefer,DBGT,11,1,0,0,1,0,0.786,56.4
TUTU6138550,Export,Salt,Dry,PSA_SICAL,9,4,0,0,0,0,0.836,39.4
TUTU7000476,Export,Seafood,Reefer,DBGT,6,6,1,0,0,0,0.806,27.8
TUTU2987513,Export,Sugar,Dry,PSA_SICAL,3,6,1,0,0,0,0.831,50.1
TUTU8740483,Export,Granite,Dry,PSA_SICAL,10,3,0,0,1,0,0.665,54.3
TUTU2070698,Import,Electronics,Dry,PSA_SICAL,12,6,1,0,1,0,0.929,98.8
TUTU2590687,Import,Timber,Dry,PSA_SICAL,2,5,1,0,0,0,0.704,68.9
TUTU7585613,Export,Seafood,Reefer,DBGT,2,2,0,0,0,1,0.906,71.5
TUTU6655402,Export,Seafood,Reefer,DBGT,11,6,1,0,1,0,0.763,37.4
TUTU6809090,Import,Seafood,Reefer,PSA_SICAL,2,4,0,0,0,0,0.822,52.8
TUTU5046423,Export,Sugar,Dry,DBGT,8,4,0,0,0,0,0.923,61.5
TUTU2113660,Import,Timber,Dry,DBGT,7,4,0,0,0,1,0.824,96.8
TUTU2477534,Import,Seafood,Reefer,DBGT,12,6,1,0,1,0,0.888,73.5
TUTU7465463,Export,Seafood,Reefer,PSA_SICAL,2,5,1,0,0,1,0.882,77.2
TUTU5279472,Import,Electronics,Dry,PSA_SICAL,12,6,1,0,1,0,0.803,77.1
TUTU5207391,Export,Sugar,Dry,PSA_SICAL,1,2,0,0,0,1,0.842,80.5
TUTU9529759,Import,Chemicals,Hazardous,PSA_SICAL,12,6,1,0,1,0,0.743,104.1
TUTU6021754,Import,Timber,Dry,PSA_SICAL,10,5,1,0,1,1,0.877,141.4
TUTU1616903,Import,EdibleOil,LiquidBulk,PSA_SICAL,1,6,1,0,0,0,0.797,75.6
TUTU4273271,Export,Machinery,ODC,PSA_SICAL,9,5,1,0,0,0,0.814,67.3
TUTU7810992,Export,Granite,Dry,PSA_SICAL,5,0,0,0,0,0,0.876,55.1
TUTU4071403,Import,Seafood,Reefer,DBGT,1,4,0,0,0,0,0.877,53.4
TUTU8934026,Export,Sugar,Dry,DBGT,9,4,0,0,0,1,0.757,66.7
TUTU4231036,Export,Granite,Dry,PSA_SICAL,10,4,0,0,1,0,0.724,57.3
TUTU2266760,Import,Timber,Dry,DBGT,7,1,0,0,0,0,0.797,62.6
TUTU7549962,Export,Salt,Dry,DBGT,12,6,1,0,1,1,0.818,88.4
TUTU1356206,Import,Seafood,Reefer,DBGT,9,4,0,0,0,0,0.816,43.9
TUTU9940929,Import,Timber,Dry,DBGT,3,2,0,0,0,0,0.869,85.3
TUTU5733845,Import,EdibleOil,LiquidBulk,PSA_SICAL,6,0,0,0,0,1,0.817,102.5
TUTU4473732,Export,Salt,Dry,DBGT,11,0,0,0,1,0,0.88,58.5
TUTU2788525,Import,Machinery,ODC,PSA_SICAL,2,3,0,0,0,0,0.805,76.7
TUTU3916248,Import,Coal,Dry,DBGT,5,5,1,0,0,0,0.745,67.1
TUTU2655005,Export,Granite,Dry,PSA_SICAL,10,1,0,0,1,0,0.796,54.6
TUTU5057194,Import,Timber,Dry,PSA_SICAL,11,5,1,0,1,0,0.843,98.5
TUTU3696261,Export,Seafood,Reefer,PSA_SICAL,1,3,0,0,0,0,0.789,14.5
TUTU6762519,Import,Chemicals,Hazardous,DBGT,8,4,0,0,0,0,0.713,77.2
TUTU4767165,Export,Electronics,Dry,PSA_SICAL,6,5,1,0,0,0,0.842,43.8
TUTU5042926,Import,Machinery,ODC,DBGT,12,6,1,0,1,1,0.841,148.7
TUTU1980443,Export,Seafood,Reefer,PSA_SICAL,3,2,0,0,0,0,0.79,19.7
TUTU4375328,Import,EdibleOil,LiquidBulk,DBGT,9,1,0,0,0,0,0.779,70.5
TUTU1497095,Export,Granite,Dry,PSA_SICAL,11,6,1,0,1,1,0.77,91.7
TUTU3265706,Export,Granite,Dry,DBGT,7,6,1,0,0,0,0.778,45.9
TUTU2981596,Import,Coal,Dry,PSA_SICAL,5,1,0,0,0,0,0.814,70.7
TUTU8754227,Export,Salt,Dry,PSA_SICAL,7,5,1,0,0,0,0.77,45.9
TUTU8401539,Export,Salt,Dry,DBGT,5,0,0,0,0,0,0.846,54.5
TUTU9362182,Import,Coal,Dry,PSA_SICAL,1,1,0,0,0,0,0.892,85.4
TUTU9471652,Export,Granite,Dry,DBGT,1,0,0,0,0,0,0.85,49.3
TUTU5602629,Import,Machinery,ODC,DBGT,4,5,1,0,0,0,0.784,96.3
TUTU6642607,Export,Machinery,ODC,PSA_SICAL,1,4,0,0,0,0,0.744,51.8
TUTU2405903,Export,Machinery,ODC,PSA_SICAL,8,5,1,0,0,0,0.845,64.1
TUTU5265098,Export,Textiles,Dry,PSA_SICAL,11,4,0,0,1,0,0.838,57.2
TUTU3420837,Import,EdibleOil,LiquidBulk,PSA_SICAL,1,5,1,0,0,0,0.842,90.3
TUTU7623630,Import,Coal,Dry,DBGT,3,3,0,0,0,0,0.865,84.9
TUTU6530016,Import,Machinery,ODC,PSA_SICAL,3,4,0,0,0,0,0.818,74.9
TUTU6181732,Export,Salt,Dry,PSA_SICAL,12,6,1,0,1,0,0.865,57.1
TUTU6095264,Import,Chemicals,Hazardous,PSA_SICAL,9,1,0,0,0,0,0.858,88.0
TUTU8566862,Export,Granite,Dry,PSA_SICAL,9,2,0,0,0,0,0.879,87.8
TUTU8379768,Export,Seafood,Reefer,DBGT,7,6,1,0,0,0,0.809,32.5
TUTU1037479,Import,EdibleOil,LiquidBulk,PSA_SICAL,6,1,0,0,0,0,0.778,78.4
TUTU7571384,Export,Granite,Dry,PSA_SICAL,5,3,0,0,0,0,0.871,54.9
TUTU6441284,Export,Granite,Dry,DBGT,10,3,0,0,1,0,0.74,52.6
TUTU5866043,Import,Coal,Dry,DBGT,6,4,0,0,0,0,0.876,79.9
TUTU2241795,Import,EdibleOil,LiquidBulk,DBGT,7,5,1,0,0,0,0.795,72.8
TUTU7451144,Export,Textiles,Dry,DBGT,10,2,0,1,1,0,0.855,87.6
TUTU7280188,Export,Seafood,Reefer,PSA_SICAL,6,3,0,0,0,1,0.857,63.1
TUTU2590865,Export,Salt,Dry,DBGT,5,6,1,0,0,0,0.938,66.1
TUTU9108458,Import,Coal,Dry,PSA_SICAL,8,6,1,0,0,0,0.816,78.5
TUTU1013496,Import,EdibleOil,LiquidBulk,PSA_SICAL,2,2,0,0,0,0,0.917,93.0
TUTU6510322,Export,Salt,Dry,PSA_SICAL,6,0,0,0,0,0,0.882,53.8
TUTU8302083,Import,Timber,Dry,PSA_SICAL,9,3,0,0,0,0,0.768,65.2
TUTU6604146,Import,Seafood,Reefer,PSA_SICAL,7,0,0,0,0,0,0.888,56.4
TUTU9262069,Export,Seafood,Reefer,PSA_SICAL,5,2,0,0,0,0,0.945,50.6
TUTU3930335,Import,Timber,Dry,DBGT,2,4,0,0,0,0,0.882,84.4
TUTU9169729,Export,Granite,Dry,PSA_SICAL,7,4,0,1,0,0,0.837,71.2
TUTU6318291,Import,Timber,Dry,DBGT,8,6,1,0,0,0,0.78,73.7
TUTU8017616,Export,Salt,Dry,PSA_SICAL,11,3,0,0,1,1,0.87,102.0
TUTU7039679,Export,Electronics,Dry,PSA_SICAL,5,4,0,0,0,0,0.72,34.5
TUTU5133273,Import,Coal,Dry,PSA_SICAL,4,6,1,0,0,0,0.766,75.5
TUTU9930122,Export,Textiles,Dry,PSA_SICAL,1,6,1,1,0,0,0.777,61.1
TUTU7008451,Import,Machinery,ODC,DBGT,10,2,0,0,1,0,0.831,96.6
TUTU4983539,Import,Chemicals,Hazardous,PSA_SICAL,4,3,0,0,0,0,0.909,98.2
TUTU3149385,Export,Electronics,Dry,DBGT,2,1,0,0,0,0,0.85,46.4
TUTU9094963,Import,Timber,Dry,PSA_SICAL,8,4,0,0,0,0,0.698,66.0
TUTU7543161,Import,Coal,Dry,PSA_SICAL,3,6,1,0,0,1,0.851,110.0
TUTU9009034,Import,Chemicals,Hazardous,PSA_SICAL,10,0,0,0,1,0,0.863,111.5
TUTU1973950,Import,Machinery,ODC,PSA_SICAL,7,4,0,0,0,0,0.731,71.7
TUTU1725862,Import,Chemicals,Hazardous,PSA_SICAL,7,1,0,0,0,0,0.825,80.2
TUTU3714402,Import,Seafood,Reefer,DBGT,8,5,1,0,0,0,0.75,39.5
TUTU3853883,Import,Coal,Dry,DBGT,9,5,1,0,0,0,0.785,76.0
TUTU8029601,Export,Seafood,Reefer,PSA_SICAL,3,4,0,0,0,0,0.792,33.3
TUTU2498755,Export,Seafood,Reefer,DBGT,12,2,0,0,1,1,0.788,63.0
TUTU1673817,Import,Machinery,ODC,PSA_SICAL,9,0,0,0,0,0,0.863,92.6
TUTU8419761,Export,Granite,Dry,DBGT,2,6,1,0,0,0,0.82,43.1
TUTU2018259,Export,Seafood,Reefer,PSA_SICAL,12,2,0,0,1,1,0.877,75.8
TUTU2901331,Import,Timber,Dry,PSA_SICAL,4,2,0,0,0,0,0.827,72.3
TUTU5130975,Import,Coal,Dry,PSA_SICAL,9,3,0,0,0,0,0.805,83.5
TUTU6359448,Export,Sugar,Dry,DBGT,4,0,0,0,0,1,0.903,90.4
TUTU2594391,Import,Electronics,Dry,PSA_SICAL,6,0,0,0,0,0,0.782,61.2
TUTU7187908,Import,Timber,Dry,PSA_SICAL,10,5,1,1,1,0,0.842,121.9
TUTU4269613,Import,Coal,Dry,PSA_SICAL,8,1,0,0,0,0,0.872,83.3
TUTU5165108,Export,Salt,Dry,DBGT,11,5,1,0,1,0,0.835,59.5
TUTU6609815,Import,Coal,Dry,DBGT,12,6,1,0,1,0,0.882,113.7
TUTU7815937,Export,Salt,Dry,DBGT,11,1,0,0,1,1,0.799,80.4
TUTU6971984,Export,Machinery,ODC,DBGT,5,0,0,0,0,0,0.833,60.5
TUTU6406378,Import,Electronics,Dry,PSA_SICAL,2,0,0,0,0,0,0.847,76.4
TUTU7527620,Export,Electronics,Dry,PSA_SICAL,8,5,1,0,0,0,0.839,50.7
TUTU6789516,Export,Granite,Dry,PSA_SICAL,11,1,0,0,1,0,0.879,66.2
TUTU9888355,Export,Textiles,Dry,DBGT,11,2,0,0,1,0,0.837,51.6
TUTU7660971,Import,Chemicals,Hazardous,DBGT,9,4,0,0,0,0,0.762,84.3
TUTU4616864,Import,EdibleOil,LiquidBulk,PSA_SICAL,11,1,0,0,1,0,0.693,88.1
TUTU7309545,Import,Coal,Dry,DBGT,9,2,0,0,0,0,0.881,79.8
TUTU7263792,Import,EdibleOil,LiquidBulk,PSA_SICAL,5,0,0,0,0,0,0.746,75.0
TUTU8884042,Export,Granite,Dry,DBGT,6,5,1,0,0,0,0.761,47.2
TUTU5714776,Export,Salt,Dry,PSA_SICAL,9,1,0,0,0,0,0.736,34.5
TUTU5044110,Export,Electronics,Dry,PSA_SICAL,9,6,1,0,0,0,0.848,45.9
TUTU5500595,Export,Salt,Dry,DBGT,5,6,1,0,0,0,0.766,32.8
TUTU4696881,Import,Machinery,ODC,DBGT,2,6,1,0,0,0,0.804,76.7
TUTU2003891,Export,Electronics,Dry,PSA_SICAL,12,3,0,0,1,0,0.897,69.2
TUTU6900447,Export,Machinery,ODC,PSA_SICAL,12,6,1,0,1,0,0.854,81.9
TUTU2746145,Import,Machinery,ODC,PSA_SICAL,2,3,0,0,0,1,0.794,107.6
TUTU3157516,Export,Granite,Dry,PSA_SICAL,3,6,1,0,0,1,0.806,75.5
TUTU8660492,Import,Chemicals,Hazardous,DBGT,12,3,0,0,1,1,0.858,143.4
TUTU9294817,Export,Seafood,Reefer,PSA_SICAL,10,1,0,0,1,0,0.789,25.6
TUTU2050856,Import,Coal,Dry,PSA_SICAL,10,0,0,0,1,0,0.829,96.9
TUTU3369341,Export,Seafood,Reefer,PSA_SICAL,3,1,0,0,0,0,0.786,23.6
TUTU9445832,Export,Seafood,Reefer,DBGT,1,2,0,0,0,0,0.8,16.8
TUTU9310549,Import,Coal,Dry,PSA_SICAL,2,4,0,0,0,0,0.861,81.8
TUTU8540241,Import,Coal,Dry,DBGT,3,3,0,0,0,0,0.874,81.4
TUTU3069979,Export,Granite,Dry,DBGT,9,0,0,0,0,0,0.779,40.3
TUTU8514562,Export,Textiles,Dry,PSA_SICAL,12,3,0,0,1,0,0.799,48.3
TUTU1282732,Export,Seafood,Reefer,PSA_SICAL,9,0,0,0,0,0,0.804,19.9
TUTU9354009,Export,Seafood,Reefer,PSA_SICAL,6,1,0,0,0,0,0.818,24.8
TUTU3938863,Export,Seafood,Reefer,PSA_SICAL,4,5,1,0,0,0,0.852,34.6
TUTU8655018,Import,Coal,Dry,PSA_SICAL,4,4,0,0,0,0,0.814,77.6
TUTU5570565,Import,Timber,Dry,PSA_SICAL,4,5,1,0,0,0,0.884,76.5
TUTU7205947,Export,Granite,Dry,PSA_SICAL,3,3,0,0,0,1,0.932,93.4
TUTU3981687,Import,Timber,Dry,PSA_SICAL,4,2,0,0,0,0,0.815,73.6
TUTU2258198,Export,Salt,Dry,DBGT,4,5,1,0,0,0,0.873,56.3
TUTU5890033,Export,Seafood,Reefer,PSA_SICAL,9,2,0,0,0,0,0.852,33.7
TUTU7532786,Export,Seafood,Reefer,PSA_SICAL,7,5,1,0,0,1,0.791,54.6
TUTU9633502,Import,Timber,Dry,DBGT,3,1,0,0,0,0,0.789,79.6
TUTU1546215,Import,Timber,Dry,DBGT,11,3,0,0,1,0,0.873,93.9
TUTU8049241,Import,Electronics,Dry,DBGT,6,6,1,0,0,0,0.908,90.9
TUTU3955125,Import,EdibleOil,LiquidBulk,PSA_SICAL,12,3,0,0,1,0,0.784,91.0
TUTU6475889,Import,Machinery,ODC,PSA_SICAL,7,6,1,0,0,0,0.905,102.5
TUTU4180178,Import,Coal,Dry,PSA_SICAL,8,0,0,0,0,0,0.767,72.7
TUTU8729863,Import,Electronics,Dry,PSA_SICAL,9,2,0,0,0,0,0.844,70.5
TUTU7149458,Import,Coal,Dry,PSA_SICAL,11,2,0,0,1,0,0.884,108.7
TUTU4367910,Export,Seafood,Reefer,DBGT,8,3,0,0,0,0,0.795,21.1
TUTU6436836,Import,Coal,Dry,PSA_SICAL,6,1,0,0,0,0,0.792,65.6
TUTU5549578,Import,Electronics,Dry,PSA_SICAL,7,1,0,1,0,1,0.781,109.3
TUTU4254275,Import,Chemicals,Hazardous,PSA_SICAL,9,5,1,0,0,0,0.798,82.9
TUTU2998498,Import,Electronics,Dry,PSA_SICAL,12,1,0,0,1,0,0.764,71.7
TUTU2846637,Export,Sugar,Dry,PSA_SICAL,2,6,1,0,0,0,0.766,42.3
TUTU6678972,Export,Seafood,Reefer,DBGT,4,0,0,1,0,0,0.927,61.3
TUTU3224607,Import,Machinery,ODC,PSA_SICAL,9,0,0,0,0,0,0.795,72.3
TUTU1698066,Import,Coal,Dry,DBGT,12,5,1,0,1,0,0.929,116.2
TUTU5995098,Import,EdibleOil,LiquidBulk,DBGT,1,0,0,0,0,0,0.72,71.0
TUTU1830402,Export,Electronics,Dry,PSA_SICAL,9,4,0,0,0,0,0.822,42.1
TUTU9117077,Import,Electronics,Dry,PSA_SICAL,6,1,0,0,0,1,0.785,92.9
TUTU7577948,Import,Timber,Dry,PSA_SICAL,3,5,1,0,0,0,0.788,69.2
TUTU6465463,Export,Granite,Dry,DBGT,9,4,0,0,0,0,0.805,42.2
TUTU7958104,Export,Textiles,Dry,DBGT,7,2,0,0,0,0,0.894,52.4
TUTU9114554,Import,Electronics,Dry,PSA_SICAL,11,3,0,0,1,0,0.917,96.3
TUTU4010996,Export,Granite,Dry,PSA_SICAL,4,1,0,0,0,1,0.74,71.1
TUTU3174142,Export,Seafood,Reefer,PSA_SICAL,11,0,0,0,1,0,0.844,29.6
TUTU6657969,Export,Seafood,Reefer,DBGT,12,0,0,0,1,1,0.836,78.4
TUTU2087298,Export,Sugar,Dry,DBGT,11,4,0,0,1,0,0.893,63.5
TUTU3519855,Export,Textiles,Dry,DBGT,10,6,1,0,1,0,0.779,51.8
TUTU9504194,Import,Machinery,ODC,PSA_SICAL,4,0,0,0,0,0,0.835,79.3
TUTU4112966,Export,Granite,Dry,PSA_SICAL,1,1,0,0,0,0,0.825,47.0
TUTU3923543,Import,Timber,Dry,DBGT,7,3,0,0,0,0,0.864,80.6
TUTU5082250,Export,Seafood,Reefer,PSA_SICAL,3,3,0,0,0,1,0.833,56.9
TUTU6874714,Export,Seafood,Reefer,PSA_SICAL,11,6,1,0,1,0,0.784,26.1
TUTU6417065,Export,Textiles,Dry,PSA_SICAL,2,2,0,0,0,1,0.779,70.9
TUTU5378561,Import,Timber,Dry,PSA_SICAL,5,4,0,0,0,1,0.862,102.7
TUTU2542101,Import,Machinery,ODC,PSA_SICAL,11,6,1,0,1,1,0.819,140.2
TUTU2365828,Import,Electronics,Dry,PSA_SICAL,11,4,0,0,1,0,0.876,86.6
TUTU2266505,Export,Seafood,Reefer,DBGT,5,5,1,0,0,0,0.873,42.5
TUTU5376738,Export,Textiles,Dry,DBGT,3,3,0,0,0,1,0.804,74.1
TUTU8337013,Export,Granite,Dry,DBGT,6,1,0,0,0,0,0.696,40.0
TUTU1192853,Export,Seafood,Reefer,PSA_SICAL,2,5,1,0,0,0,0.929,43.4
TUTU8334205,Import,Chemicals,Hazardous,DBGT,3,6,1,0,0,0,0.852,91.3
TUTU3292743,Export,Salt,Dry,DBGT,6,6,1,0,0,0,0.734,33.1
TUTU5893791,Import,Machinery,ODC,PSA_SICAL,12,6,1,0,1,0,0.909,121.5
TUTU5585397,Export,Seafood,Reefer,PSA_SICAL,8,6,1,0,0,0,0.843,30.6
TUTU5684845,Import,Electronics,Dry,DBGT,7,2,0,0,0,0,0.846,65.7
TUTU3907536,Import,Machinery,ODC,DBGT,5,3,0,0,0,0,0.82,80.0
TUTU9823979,Export,Granite,Dry,PSA_SICAL,5,3,0,0,0,0,0.802,40.6
TUTU2614371,Export,Seafood,Reefer,PSA_SICAL,7,3,0,0,0,0,0.844,29.1
TUTU5120599,Import,Coal,Dry,PSA_SICAL,10,4,0,0,1,0,0.72,85.6
TUTU4426858,Export,Seafood,Reefer,PSA_SICAL,6,5,1,0,0,1,0.859,66.7
TUTU2045011,Export,Sugar,Dry,PSA_SICAL,2,5,1,0,0,0,0.862,51.6
TUTU3327676,Import,Machinery,ODC,PSA_SICAL,8,6,1,0,0,0,0.695,71.2
TUTU2744428,Export,Seafood,Reefer,DBGT,3,4,0,0,0,1,0.857,59.0
TUTU1960056,Import,Timber,Dry,DBGT,10,3,0,0,1,0,0.897,110.3
TUTU7641086,Import,Chemicals,Hazardous,PSA_SICAL,12,5,1,0,1,1,0.726,143.9
TUTU9165172,Import,Coal,Dry,DBGT,7,2,0,0,0,0,0.829,78.0
TUTU2887321,Import,Timber,Dry,DBGT,8,6,1,0,0,1,0.817,110.8
TUTU5636660,Import,Seafood,Reefer,DBGT,10,2,0,0,1,0,0.85,66.2
TUTU7658201,Import,Timber,Dry,PSA_SICAL,9,0,0,0,0,0,0.83,70.4
TUTU8968831,Import,Coal,Dry,DBGT,10,5,1,0,1,1,0.839,135.9
TUTU2677431,Import,Coal,Dry,PSA_SICAL,12,5,1,0,1,0,0.909,105.3
TUTU4525443,Import,Coal,Dry,DBGT,1,4,0,0,0,0,0.815,68.3
TUTU3283544,Export,Electronics,Dry,DBGT,7,5,1,0,0,0,0.84,43.5
TUTU6182134,Export,Salt,Dry,DBGT,1,4,0,0,0,0,0.888,52.9
TUTU5998462,Export,Seafood,Reefer,PSA_SICAL,1,4,0,0,0,0,0.806,18.8
TUTU8577692,Import,Electronics,Dry,PSA_SICAL,2,2,0,0,0,0,0.868,69.8
TUTU2480303,Import,Electronics,Dry,DBGT,7,4,0,0,0,0,0.97,87.3
TUTU8270226,Export,Salt,Dry,PSA_SICAL,6,1,0,0,0,1,0.812,66.0
TUTU1746140,Import,Coal,Dry,PSA_SICAL,10,5,1,1,1,0,0.841,134.7
TUTU4529934,Export,Seafood,Reefer,PSA_SICAL,11,0,0,0,1,0,0.89,37.6
TUTU4029285,Import,Machinery,ODC,PSA_SICAL,1,5,1,0,0,0,0.771,83.1
TUTU5556804,Export,Sugar,Dry,PSA_SICAL,12,4,0,0,1,0,0.816,47.0
TUTU5588486,Export,Seafood,Reefer,DBGT,8,2,0,0,0,0,0.959,53.7
TUTU7609850,Import,Seafood,Reefer,PSA_SICAL,10,4,0,0,1,0,0.844,60.8
TUTU4756366,Import,Machinery,ODC,DBGT,5,6,1,0,0,0,0.848,90.1
TUTU3678496,Export,Seafood,Reefer,PSA_SICAL,6,0,0,0,0,1,0.82,52.7
TUTU3223331,Export,Granite,Dry,DBGT,10,0,0,0,1,1,0.781,92.7
TUTU7491280,Export,Seafood,Reefer,PSA_SICAL,8,2,0,0,0,0,0.818,21.9
TUTU7204904,Export,Seafood,Reefer,PSA_SICAL,3,5,1,0,0,0,0.784,22.6
TUTU7166766,Import,Chemicals,Hazardous,PSA_SICAL,4,0,0,0,0,0,0.763,73.6
TUTU9485572,Import,Electronics,Dry,DBGT,3,0,0,0,0,0,0.87,70.7
TUTU3099874,Import,Coal,Dry,DBGT,4,5,1,0,0,0,0.793,78.4
TUTU5338539,Import,Chemicals,Hazardous,PSA_SICAL,1,3,0,0,0,1,0.791,113.6
TUTU1660036,Import,EdibleOil,LiquidBulk,DBGT,6,3,0,0,0,0,0.754,69.1
TUTU8149332,Export,Salt,Dry,PSA_SICAL,1,6,1,0,0,0,0.794,44.0
TUTU6594971,Import,Coal,Dry,DBGT,1,5,1,0,0,0,0.865,81.6
TUTU5817082,Import,Coal,Dry,DBGT,4,2,0,0,0,0,0.777,72.1
TUTU1877516,Export,Seafood,Reefer,PSA_SICAL,12,1,0,0,1,0,0.762,26.5
TUTU9450506,Export,Salt,Dry,DBGT,4,0,0,0,0,0,0.762,34.4
TUTU1260668,Export,Seafood,Reefer,PSA_SICAL,6,5,1,0,0,1,0.85,60.1
TUTU3545370,Import,Coal,Dry,DBGT,3,2,0,0,0,0,0.842,78.1
TUTU1972273,Export,Seafood,Reefer,PSA_SICAL,1,6,1,0,0,1,0.895,77.7
TUTU8160755,Export,Seafood,Reefer,PSA_SICAL,2,0,0,0,0,0,0.838,22.9
TUTU6071355,Export,Textiles,Dry,PSA_SICAL,10,0,0,0,1,0,0.764,52.0
TUTU3589952,Export,Seafood,Reefer,DBGT,8,1,0,0,0,1,0.804,51.3
TUTU6392472,Export,Machinery,ODC,DBGT,2,4,0,0,0,0,0.828,54.9
TUTU2999076,Import,Coal,Dry,PSA_SICAL,6,4,0,0,0,0,0.733,74.7
TUTU2154676,Import,EdibleOil,LiquidBulk,DBGT,2,4,0,0,0,0,0.744,74.2
TUTU7835154,Export,Electronics,Dry,DBGT,2,6,1,0,0,0,0.759,43.1
TUTU1809045,Export,Seafood,Reefer,PSA_SICAL,4,1,0,0,0,0,0.751,25.3
TUTU6710840,Import,Electronics,Dry,DBGT,10,5,1,0,1,0,0.875,93.2
TUTU9009323,Export,Granite,Dry,DBGT,3,2,0,0,0,0,0.8,43.8
TUTU8111298,Export,Granite,Dry,DBGT,2,4,0,0,0,1,0.882,88.4
TUTU1167145,Import,Electronics,Dry,DBGT,8,5,1,0,0,0,0.872,70.3
TUTU1651090,Export,Textiles,Dry,DBGT,10,5,1,0,1,0,0.819,58.8
TUTU7830653,Import,Timber,Dry,PSA_SICAL,6,3,0,0,0,0,0.893,79.0
TUTU1627154,Export,Machinery,ODC,DBGT,6,5,1,0,0,0,0.861,75.2
TUTU2473802,Import,Coal,Dry,DBGT,7,3,0,0,0,0,0.789,77.8
TUTU8905653,Import,Machinery,ODC,DBGT,9,0,0,0,0,0,0.849,85.9
TUTU1683171,Import,EdibleOil,LiquidBulk,PSA_SICAL,5,0,0,0,0,0,0.802,75.3
TUTU4581022,Export,Salt,Dry,DBGT,11,4,0,0,1,0,0.743,43.1
TUTU6372780,Import,Coal,Dry,PSA_SICAL,7,5,1,0,0,0,0.832,84.4
TUTU3439831,Import,Electronics,Dry,DBGT,9,5,1,0,0,0,0.825,68.4
TUTU7773854,Import,Chemicals,Hazardous,DBGT,1,1,0,0,0,0,0.879,101.2
TUTU1359433,Import,Coal,Dry,PSA_SICAL,9,1,0,0,0,0,0.8,68.3
TUTU5776332,Import,Chemicals,Hazardous,PSA_SICAL,11,6,1,0,1,0,0.88,126.2
TUTU2191195,Export,Granite,Dry,PSA_SICAL,6,6,1,0,0,0,0.815,48.0
TUTU2381722,Export,Seafood,Reefer,DBGT,12,2,0,0,1,1,0.915,83.3
TUTU1879551,Export,Machinery,ODC,DBGT,6,0,0,0,0,1,0.804,83.6
TUTU3479993,Import,Coal,Dry,PSA_SICAL,2,5,1,0,0,1,0.816,107.2
TUTU6758347,Import,Machinery,ODC,PSA_SICAL,2,5,1,0,0,0,0.828,83.1
TUTU7251303,Import,Electronics,Dry,DBGT,10,1,0,0,1,0,0.811,77.4
TUTU7881284,Import,Seafood,Reefer,DBGT,10,6,1,0,1,0,0.746,56.2
TUTU2849462,Export,Sugar,Dry,DBGT,4,2,0,0,0,0,0.722,40.1
TUTU5406298,Export,Textiles,Dry,PSA_SICAL,12,4,0,0,1,0,0.817,54.7
TUTU4663224,Import,Electronics,Dry,DBGT,8,1,0,0,0,0,0.766,64.7
TUTU1136932,Import,Chemicals,Hazardous,DBGT,10,5,1,0,1,0,0.804,103.6
TUTU7115526,Export,Textiles,Dry,DBGT,6,4,0,0,0,0,0.793,46.9
TUTU5648116,Import,Electronics,Dry,PSA_SICAL,8,0,0,0,0,1,0.818,92.1
TUTU9749353,Import,Chemicals,Hazardous,DBGT,6,3,0,0,0,1,0.795,113.4
TUTU4379437,Export,Granite,Dry,DBGT,12,6,1,0,1,0,0.906,81.3
TUTU9839253,Export,Textiles,Dry,DBGT,4,0,0,0,0,0,0.828,42.7
TUTU1726245,Export,Granite,Dry,DBGT,7,1,0,0,0,1,0.812,74.7
TUTU6080112,Import,Electronics,Dry,PSA_SICAL,5,4,0,0,0,0,0.822,61.6
TUTU3104562,Import,Machinery,ODC,PSA_SICAL,3,4,0,0,0,1,0.941,135.3
TUTU9033951,Export,Granite,Dry,PSA_SICAL,7,0,0,0,0,0,0.833,48.2
TUTU4933734,Export,Granite,Dry,DBGT,1,1,0,0,0,0,0.803,42.0
TUTU7551049,Export,Granite,Dry,DBGT,5,3,0,0,0,0,0.81,40.5
TUTU3378089,Import,Chemicals,Hazardous,DBGT,7,1,0,0,0,1,0.767,109.7
TUTU9912996,Import,Chemicals,Hazardous,DBGT,4,0,0,0,0,0,0.777,74.9
TUTU5739339,Export,Machinery,ODC,PSA_SICAL,6,4,0,0,0,0,0.765,50.9
TUTU5578148,Import,Timber,Dry,PSA_SICAL,8,2,0,0,0,0,0.886,80.9
TUTU8893509,Export,Salt,Dry,PSA_SICAL,6,3,0,0,0,0,0.866,50.4
TUTU1760757,Import,Coal,Dry,PSA_SICAL,3,5,1,0,0,0,0.86,87.2
TUTU7666307,Export,Salt,Dry,PSA_SICAL,5,4,0,0,0,0,0.924,71.1
TUTU3891680,Import,Coal,Dry,DBGT,6,2,0,0,0,0,0.767,66.0
TUTU5465330,Import,Coal,Dry,PSA_SICAL,5,0,0,0,0,0,0.772,70.0
TUTU6169038,Export,Machinery,ODC,PSA_SICAL,4,1,0,0,0,0,0.826,56.2
TUTU9296933,Export,Granite,Dry,PSA_SICAL,4,1,0,0,0,0,0.88,52.0
TUTU7110155,Export,Textiles,Dry,PSA_SICAL,4,4,0,0,0,0,0.792,40.0
TUTU9145910,Export,Sugar,Dry,PSA_SICAL,7,0,0,0,0,0,0.836,42.7
TUTU2467827,Export,Sugar,Dry,PSA_SICAL,11,2,0,0,1,0,0.815,51.2
TUTU2686601,Export,Sugar,Dry,PSA_SICAL,8,1,0,1,0,0,0.797,71.2
TUTU5992806,Export,Sugar,Dry,PSA_SICAL,9,4,0,0,0,0,0.868,49.5
TUTU4621907,Import,Coal,Dry,PSA_SICAL,12,4,0,0,1,0,0.8,84.4
TUTU2769086,Import,EdibleOil,LiquidBulk,DBGT,2,2,0,0,0,0,0.802,70.3
TUTU7559993,Export,Granite,Dry,DBGT,7,4,0,0,0,0,0.788,46.9
TUTU7175318,Import,Electronics,Dry,DBGT,1,0,0,0,0,1,0.747,91.6
TUTU5774691,Export,Seafood,Reefer,DBGT,11,2,0,0,1,0,0.872,39.3
TUTU3570990,Import,Electronics,Dry,PSA_SICAL,6,5,1,0,0,0,0.851,69.1
TUTU7808190,Export,Textiles,Dry,DBGT,5,1,0,0,0,0,0.749,37.8
TUTU1247089,Export,Sugar,Dry,DBGT,7,4,0,0,0,0,0.785,40.8
TUTU2428836,Import,Coal,Dry,PSA_SICAL,5,4,0,0,0,0,0.872,79.2
TUTU6524123,Export,Salt,Dry,PSA_SICAL,9,1,0,0,0,0,0.903,54.6
TUTU3798594,Export,Granite,Dry,PSA_SICAL,8,1,0,0,0,1,0.815,77.6
TUTU3913780,Import,Machinery,ODC,PSA_SICAL,6,3,0,0,0,0,0.824,81.6
TUTU1596428,Import,Chemicals,Hazardous,PSA_SICAL,2,2,0,0,0,1,0.832,117.7
TUTU9353783,Import,Electronics,Dry,DBGT,8,3,0,0,0,1,0.816,98.8
TUTU5466766,Import,Electronics,Dry,PSA_SICAL,10,4,0,0,1,0,0.875,89.0
TUTU8074463,Export,Seafood,Reefer,PSA_SICAL,6,3,0,0,0,0,0.911,36.3
TUTU8918473,Import,EdibleOil,LiquidBulk,DBGT,10,5,1,0,1,0,0.839,104.5
TUTU7514613,Export,Seafood,Reefer,PSA_SICAL,5,2,0,0,0,0,0.819,23.9
TUTU6822998,Export,Granite,Dry,DBGT,6,5,1,0,0,0,0.791,42.8
TUTU7546480,Export,Machinery,ODC,DBGT,8,4,0,0,0,0,0.824,59.7
TUTU3398785,Export,Salt,Dry,DBGT,5,5,1,0,0,1,0.81,73.7
TUTU3236892,Export,Sugar,Dry,PSA_SICAL,12,6,1,0,1,0,0.767,62.6
TUTU2987321,Import,Seafood,Reefer,DBGT,5,4,0,1,0,0,0.847,71.3
TUTU9896325,Import,Electronics,Dry,DBGT,2,1,0,0,0,0,0.829,63.1
TUTU3528477,Import,Electronics,Dry,PSA_SICAL,3,2,0,0,0,0,0.838,64.5
TUTU2507381,Import,Electronics,Dry,PSA_SICAL,8,0,0,0,0,0,0.947,91.4
TUTU8249198,Export,Granite,Dry,DBGT,11,3,0,0,1,0,0.824,57.6
TUTU2890702,Import,Machinery,ODC,PSA_SICAL,4,3,0,0,0,0,0.893,90.0
TUTU3341369,Import,Machinery,ODC,DBGT,3,0,0,0,0,0,0.863,84.4
TUTU3138909,Export,Electronics,Dry,PSA_SICAL,3,5,1,0,0,0,0.87,50.1
TUTU9335785,Export,Granite,Dry,PSA_SICAL,1,0,0,0,0,0,0.798,38.9
TUTU5434742,Export,Seafood,Reefer,DBGT,11,5,1,0,1,0,0.769,25.0
TUTU5613206,Import,Coal,Dry,PSA_SICAL,10,3,0,1,1,1,0.862,163.8
TUTU2781267,Import,Timber,Dry,PSA_SICAL,6,0,0,0,0,0,0.876,86.2
TUTU7405456,Export,Sugar,Dry,PSA_SICAL,5,0,0,0,0,0,0.824,48.9
TUTU5108277,Import,Chemicals,Hazardous,DBGT,5,4,0,0,0,0,0.94,103.2
TUTU5286081,Import,Machinery,ODC,PSA_SICAL,9,5,1,0,0,1,0.815,110.0
TUTU1881808,Export,Electronics,Dry,DBGT,11,2,0,0,1,0,0.83,52.9
TUTU4696341,Export,Granite,Dry,PSA_SICAL,4,4,0,0,0,0,0.744,42.0
TUTU4170414,Import,Timber,Dry,DBGT,10,4,0,0,1,0,0.812,96.1
TUTU3063726,Import,Electronics,Dry,DBGT,12,0,0,0,1,0,0.843,85.1
TUTU1819818,Import,Seafood,Reefer,PSA_SICAL,11,2,0,0,1,0,0.882,64.0
TUTU5129843,Import,Timber,Dry,PSA_SICAL,3,4,0,0,0,1,0.874,107.8
TUTU2990004,Import,Seafood,Reefer,PSA_SICAL,12,5,1,0,1,0,0.856,65.2
TUTU3760905,Import,Seafood,Reefer,PSA_SICAL,4,4,0,0,0,0,0.806,39.3
TUTU3823144,Export,Seafood,Reefer,DBGT,11,6,1,0,1,1,0.789,68.3
TUTU9069539,Import,Chemicals,Hazardous,PSA_SICAL,1,5,1,0,0,0,0.73,85.0
TUTU5975729,Import,Chemicals,Hazardous,PSA_SICAL,1,6,1,0,0,0,0.885,90.5
TUTU8835764,Import,Timber,Dry,DBGT,2,2,0,0,0,0,0.803,70.6
TUTU1744391,Export,Seafood,Reefer,DBGT,6,3,0,0,0,0,0.825,30.7
TUTU8765913,Export,Seafood,Reefer,PSA_SICAL,10,1,0,0,1,0,0.785,23.9
TUTU9978007,Import,Coal,Dry,PSA_SICAL,3,1,0,0,0,1,0.768,98.3
TUTU7834350,Export,Seafood,Reefer,PSA_SICAL,10,2,0,0,1,0,0.751,27.9
TUTU3285471,Export,Seafood,Reefer,PSA_SICAL,7,1,0,0,0,0,0.785,22.9
TUTU8689408,Export,Salt,Dry,PSA_SICAL,9,0,0,0,0,0,0.819,39.7
TUTU6038539,Export,Seafood,Reefer,DBGT,2,4,0,0,0,0,0.751,20.0
TUTU5753465,Import,Chemicals,Hazardous,DBGT,2,4,0,0,0,0,0.851,89.3
TUTU7910117,Import,Coal,Dry,DBGT,3,5,1,0,0,1,0.822,114.4
TUTU2664707,Import,Coal,Dry,PSA_SICAL,3,0,0,1,0,0,0.814,95.0
TUTU2875523,Export,Seafood,Reefer,DBGT,11,6,1,0,1,0,0.851,46.4
TUTU5413368,Export,Seafood,Reefer,PSA_SICAL,11,1,0,0,1,0,0.81,21.5
TUTU5738115,Export,Sugar,Dry,PSA_SICAL,6,4,0,0,0,0,0.767,40.1
TUTU4776214,Export,Textiles,Dry,PSA_SICAL,4,6,1,0,0,0,0.836,49.7
TUTU7968353,Import,Machinery,ODC,PSA_SICAL,8,2,0,0,0,0,0.843,79.3
TUTU9132675,Export,Salt,Dry,DBGT,9,2,0,0,0,0,0.824,43.4
TUTU1043419,Export,Salt,Dry,PSA_SICAL,10,1,0,0,1,1,0.844,87.9
TUTU4998225,Export,Seafood,Reefer,PSA_SICAL,3,0,0,0,0,0,0.852,28.4
TUTU4474664,Export,Seafood,Reefer,PSA_SICAL,4,2,0,0,0,0,0.805,19.1
TUTU4795616,Export,Granite,Dry,DBGT,2,6,1,0,0,0,0.802,45.1
TUTU9071301,Export,Granite,Dry,DBGT,11,3,0,0,1,1,0.761,93.1
TUTU5161658,Export,Textiles,Dry,PSA_SICAL,9,6,1,0,0,0,0.787,48.0
TUTU8115690,Export,Seafood,Reefer,PSA_SICAL,2,1,0,0,0,0,0.823,25.3
TUTU7584186,Export,Seafood,Reefer,DBGT,6,0,0,0,0,1,0.851,55.7
TUTU8163745,Export,Seafood,Reefer,DBGT,5,1,0,0,0,0,0.851,29.5
TUTU7667204,Import,Chemicals,Hazardous,DBGT,5,1,0,0,0,0,0.817,79.1
TUTU5863655,Export,Seafood,Reefer,PSA_SICAL,8,0,0,0,0,1,0.929,75.2
TUTU5001559,Export,Electronics,Dry,DBGT,3,3,0,0,0,0,0.75,39.1
TUTU1323812,Export,Textiles,Dry,PSA_SICAL,8,6,1,0,0,1,0.817,91.3
TUTU8715937,Import,EdibleOil,LiquidBulk,DBGT,4,3,0,0,0,1,0.752,106.0
TUTU9644221,Import,Coal,Dry,DBGT,9,2,0,0,0,0,0.785,74.5
TUTU1886034,Import,Machinery,ODC,PSA_SICAL,4,0,0,0,0,1,0.939,133.1
TUTU1983093,Import,EdibleOil,LiquidBulk,DBGT,1,5,1,0,0,1,0.86,117.6
TUTU4023312,Export,Seafood,Reefer,PSA_SICAL,7,2,0,0,0,1,0.866,57.9
TUTU2689349,Export,Salt,Dry,DBGT,2,4,0,0,0,0,0.875,46.5
TUTU6871855,Export,Electronics,Dry,PSA_SICAL,11,2,0,0,1,0,0.816,47.5
TUTU7724924,Import,Chemicals,Hazardous,DBGT,6,6,1,0,0,0,0.873,98.8
TUTU2847315,Import,Chemicals,Hazardous,PSA_SICAL,11,1,0,0,1,0,0.851,108.9
TUTU7669243,Export,Granite,Dry,DBGT,11,1,0,0,1,0,0.845,60.6
TUTU8694046,Import,Electronics,Dry,DBGT,4,0,0,0,0,0,0.817,64.1
TUTU4422710,Export,Electronics,Dry,PSA_SICAL,10,1,0,0,1,1,0.801,87.2
TUTU5263411,Import,Machinery,ODC,DBGT,1,5,1,0,0,0,0.864,90.8
TUTU1278292,Export,Sugar,Dry,PSA_SICAL,1,4,0,0,0,0,0.758,40.4
TUTU2452978,Import,Chemicals,Hazardous,DBGT,7,4,0,0,0,0,0.821,83.3
TUTU9618469,Export,Electronics,Dry,PSA_SICAL,1,2,0,0,0,0,0.908,57.1
TUTU7643311,Import,Electronics,Dry,PSA_SICAL,9,2,0,0,0,0,0.819,61.6
TUTU2882272,Export,Textiles,Dry,DBGT,9,1,0,0,0,0,0.835,43.0
TUTU2537902,Export,Seafood,Reefer,PSA_SICAL,12,2,0,0,1,0,0.846,33.8
TUTU2202769,Export,Electronics,Dry,PSA_SICAL,5,1,0,0,0,1,0.788,66.5
TUTU7230907,Export,Granite,Dry,PSA_SICAL,10,5,1,0,1,0,0.755,72.5
TUTU2060101,Export,Seafood,Reefer,PSA_SICAL,2,3,0,0,0,0,0.841,25.0
TUTU6968962,Import,Machinery,ODC,PSA_SICAL,3,6,1,0,0,0,0.803,83.4
TUTU8265229,Export,Salt,Dry,PSA_SICAL,7,1,0,0,0,0,0.813,39.8
TUTU1543949,Export,Granite,Dry,PSA_SICAL,3,6,1,0,0,1,0.834,80.0
TUTU1863989,Import,Coal,Dry,DBGT,5,1,0,0,0,0,0.803,71.7
TUTU6054055,Import,Coal,Dry,DBGT,1,3,0,1,0,0,0.88,108.5
TUTU3587692,Export,Sugar,Dry,PSA_SICAL,1,0,0,0,0,0,0.847,46.7
TUTU8177083,Import,Coal,Dry,PSA_SICAL,1,1,0,1,0,0,0.793,91.1
TUTU2656623,Export,Textiles,Dry,PSA_SICAL,4,4,0,0,0,0,0.792,40.3
TUTU2520924,Export,Seafood,Reefer,PSA_SICAL,6,0,0,0,0,0,0.867,33.6
TUTU9353650,Import,Electronics,Dry,PSA_SICAL,10,0,0,0,1,0,0.811,78.5
TUTU1013436,Export,Seafood,Reefer,PSA_SICAL,1,6,1,0,0,0,0.816,33.0
TUTU7759175,Export,Sugar,Dry,DBGT,9,6,1,1,0,0,0.819,68.9
TUTU6254286,Export,Seafood,Reefer,DBGT,9,6,1,0,0,0,0.772,26.7
TUTU9652978,Import,EdibleOil,LiquidBulk,PSA_SICAL,9,4,0,0,0,0,0.825,83.4
TUTU7433480,Import,Timber,Dry,PSA_SICAL,6,0,0,0,0,0,0.721,71.1
TUTU9423736,Export,Electronics,Dry,PSA_SICAL,4,6,1,0,0,1,0.788,70.5
TUTU8521874,Export,Textiles,Dry,DBGT,12,1,0,0,1,0,0.872,69.8
TUTU3651146,Export,Electronics,Dry,PSA_SICAL,8,1,0,0,0,0,0.88,52.4
TUTU8018991,Export,Salt,Dry,PSA_SICAL,6,3,0,0,0,0,0.874,49.6
TUTU7996341,Import,Machinery,ODC,DBGT,1,3,0,0,0,0,0.893,87.7
TUTU1954921,Export,Salt,Dry,PSA_SICAL,1,3,0,0,0,0,0.883,67.3
TUTU3162740,Export,Electronics,Dry,PSA_SICAL,10,3,0,0,1,0,0.772,52.2
TUTU6335157,Import,EdibleOil,LiquidBulk,PSA_SICAL,6,3,0,0,0,0,0.813,72.3
TUTU7358581,Export,Salt,Dry,DBGT,2,3,0,0,0,1,0.818,66.9
TUTU9408395,Import,Machinery,ODC,DBGT,4,2,0,0,0,0,0.801,74.2
TUTU6083793,Import,Electronics,Dry,PSA_SICAL,6,5,1,0,0,0,0.913,91.3
TUTU2688558,Import,Electronics,Dry,PSA_SICAL,6,6,1,0,0,0,0.812,68.9
TUTU8931442,Import,Seafood,Reefer,DBGT,3,2,0,0,0,0,0.884,67.3
TUTU3208703,Export,Electronics,Dry,PSA_SICAL,4,4,0,0,0,0,0.84,54.2
TUTU1469320,Export,Granite,Dry,PSA_SICAL,1,3,0,0,0,0,0.826,48.7
TUTU4240290,Import,Timber,Dry,PSA_SICAL,10,3,0,0,1,0,0.891,111.5
TUTU4137896,Export,Granite,Dry,PSA_SICAL,12,1,0,0,1,0,0.756,57.7
TUTU9264990,Export,Granite,Dry,PSA_SICAL,1,1,0,1,0,0,0.846,68.9
TUTU5006087,Import,Coal,Dry,PSA_SICAL,7,0,0,0,0,0,0.747,67.5
TUTU5349923,Import,Timber,Dry,DBGT,8,5,1,0,0,0,0.855,73.4
TUTU2728160,Import,Timber,Dry,PSA_SICAL,1,5,1,0,0,1,0.819,106.4
TUTU4594603,Import,EdibleOil,LiquidBulk,PSA_SICAL,4,5,1,0,0,0,0.8,75.3
TUTU3501020,Import,Electronics,Dry,PSA_SICAL,4,1,0,0,0,0,0.872,70.1
TUTU1805561,Export,Textiles,Dry,DBGT,2,4,0,0,0,0,0.795,42.9
TUTU3254831,Import,EdibleOil,LiquidBulk,PSA_SICAL,1,2,0,0,0,1,0.858,111.8
TUTU4831724,Export,Textiles,Dry,PSA_SICAL,11,6,1,0,1,0,0.823,72.0
TUTU2036675,Import,Timber,Dry,PSA_SICAL,7,2,0,0,0,0,0.927,83.8
TUTU3733450,Import,EdibleOil,LiquidBulk,PSA_SICAL,1,4,0,0,0,0,0.726,70.9
TUTU5068082,Export,Seafood,Reefer,DBGT,4,2,0,0,0,1,0.871,64.1
TUTU1973355,Export,Salt,Dry,PSA_SICAL,5,2,0,0,0,1,0.839,72.6
TUTU9608651,Import,Electronics,Dry,PSA_SICAL,10,1,0,0,1,1,0.75,112.2
TUTU4090187,Import,Timber,Dry,DBGT,2,3,0,0,0,0,0.827,71.2
TUTU5593837,Export,Machinery,ODC,PSA_SICAL,3,3,0,0,0,1,0.888,98.8
TUTU8884231,Export,Salt,Dry,PSA_SICAL,3,1,0,0,0,0,0.837,40.3
TUTU7090032,Export,Salt,Dry,DBGT,7,0,0,0,0,0,0.795,33.0
TUTU1222159,Export,Sugar,Dry,DBGT,6,3,0,0,0,0,0.758,34.0
TUTU2763920,Import,Chemicals,Hazardous,PSA_SICAL,1,1,0,0,0,1,0.89,123.0
TUTU3094002,Import,Electronics,Dry,PSA_SICAL,7,0,0,0,0,0,0.792,64.7
TUTU7839091,Export,Machinery,ODC,DBGT,5,1,0,0,0,0,0.806,64.1
TUTU4873841,Export,Salt,Dry,PSA_SICAL,5,3,0,0,0,0,0.811,38.4
TUTU2138846,Import,Seafood,Reefer,PSA_SICAL,6,4,0,0,0,0,0.833,51.9
TUTU6818302,Export,Granite,Dry,PSA_SICAL,3,3,0,0,0,1,0.783,69.4
TUTU6105568,Import,Electronics,Dry,DBGT,2,4,0,0,0,0,0.847,77.9
TUTU3188045,Export,Seafood,Reefer,PSA_SICAL,1,2,0,0,0,0,0.778,23.0
TUTU2910641,Export,Sugar,Dry,DBGT,5,6,1,0,0,1,0.818,72.2
TUTU7445088,Export,Granite,Dry,PSA_SICAL,9,1,0,0,0,0,0.917,72.1
TUTU9647149,Import,Coal,Dry,PSA_SICAL,8,4,0,0,0,1,0.732,103.8
TUTU2403478,Import,Seafood,Reefer,DBGT,1,5,1,0,0,0,0.786,46.4
TUTU9095965,Export,Salt,Dry,DBGT,10,3,0,0,1,1,0.767,77.8
TUTU1089444,Import,Chemicals,Hazardous,PSA_SICAL,8,1,0,0,0,1,0.771,108.4
TUTU4740999,Export,Seafood,Reefer,PSA_SICAL,3,2,0,0,0,0,0.818,23.4
TUTU6002093,Export,Seafood,Reefer,PSA_SICAL,5,6,1,0,0,0,0.765,24.5
TUTU6799488,Export,Seafood,Reefer,PSA_SICAL,8,0,0,0,0,0,0.847,28.8
TUTU1189918,Import,Seafood,Reefer,PSA_SICAL,10,5,1,0,1,0,0.873,73.6
TUTU6095290,Import,EdibleOil,LiquidBulk,DBGT,2,4,0,0,0,0,0.801,78.9
TUTU9044854,Import,EdibleOil,LiquidBulk,DBGT,4,6,1,0,0,0,0.847,93.2
TUTU6694291,Export,Machinery,ODC,PSA_SICAL,4,5,1,0,0,1,0.807,84.9
TUTU1667633,Export,Sugar,Dry,PSA_SICAL,6,1,0,0,0,0,0.782,48.6
TUTU1172704,Import,Seafood,Reefer,DBGT,12,5,1,0,1,0,0.809,58.8
TUTU8468812,Import,Electronics,Dry,PSA_SICAL,11,4,0,0,1,0,0.767,71.6
TUTU5411222,Export,Seafood,Reefer,PSA_SICAL,10,6,1,0,1,0,0.876,43.9
TUTU7700709,Export,Salt,Dry,DBGT,8,6,1,0,0,0,0.901,54.2
TUTU8332508,Export,Granite,Dry,PSA_SICAL,9,5,1,0,0,0,0.783,38.6
TUTU3142842,Import,Chemicals,Hazardous,PSA_SICAL,5,0,0,0,0,0,0.864,86.2
TUTU5573367,Import,Machinery,ODC,DBGT,8,6,1,0,0,1,0.771,107.8
TUTU3888207,Import,EdibleOil,LiquidBulk,DBGT,11,3,0,0,1,0,0.902,112.7
TUTU1745799,Import,Seafood,Reefer,PSA_SICAL,6,5,1,0,0,0,0.803,54.9
TUTU6519325,Export,Electronics,Dry,PSA_SICAL,5,2,0,0,0,0,0.773,36.9
TUTU6121796,Export,Granite,Dry,PSA_SICAL,7,3,0,0,0,0,0.837,47.4
TUTU2331467,Export,Electronics,Dry,PSA_SICAL,1,6,1,0,0,0,0.799,46.6
TUTU4400960,Export,Seafood,Reefer,PSA_SICAL,6,4,0,0,0,0,0.868,33.7
TUTU9554994,Import,Coal,Dry,PSA_SICAL,10,4,0,0,1,0,0.903,104.9
TUTU5750585,Import,Electronics,Dry,PSA_SICAL,7,0,0,0,0,0,0.643,59.6
TUTU6092186,Export,Seafood,Reefer,DBGT,4,3,0,0,0,0,0.834,33.2
TUTU6972830,Export,Granite,Dry,PSA_SICAL,11,0,0,0,1,0,0.812,54.6
TUTU7807110,Export,Seafood,Reefer,DBGT,6,0,0,0,0,0,0.904,38.2
TUTU2433731,Export,Granite,Dry,DBGT,6,2,0,0,0,0,0.925,61.5
TUTU7344240,Import,Coal,Dry,DBGT,6,0,0,0,0,0,0.843,77.7
TUTU2471235,Export,Machinery,ODC,PSA_SICAL,6,2,0,0,0,0,0.812,60.5
TUTU9808369,Import,Electronics,Dry,PSA_SICAL,3,0,0,0,0,0,0.782,60.5
TUTU6993161,Import,Chemicals,Hazardous,DBGT,4,2,0,0,0,0,0.867,86.0
TUTU5527241,Export,Granite,Dry,DBGT,1,2,0,0,0,0,0.892,59.1
TUTU2362099,Export,Seafood,Reefer,PSA_SICAL,3,5,1,0,0,0,0.796,28.6
TUTU3143381,Export,Textiles,Dry,DBGT,6,3,0,0,0,0,0.895,57.9
TUTU1797174,Import,Coal,Dry,DBGT,11,6,1,0,1,1,0.826,132.4
TUTU3430342,Import,Coal,Dry,PSA_SICAL,10,5,1,0,1,0,0.789,101.3
TUTU2453607,Import,Chemicals,Hazardous,PSA_SICAL,3,4,0,0,0,0,0.793,79.6
TUTU3156204,Export,Granite,Dry,PSA_SICAL,3,6,1,0,0,0,0.819,56.0
TUTU5850880,Export,Salt,Dry,PSA_SICAL,8,2,0,0,0,0,0.814,40.7
TUTU2899570,Import,Electronics,Dry,PSA_SICAL,2,0,0,0,0,1,0.819,88.6
TUTU8589364,Import,Chemicals,Hazardous,PSA_SICAL,5,0,0,0,0,0,0.829,84.6
TUTU4248154,Export,Textiles,Dry,DBGT,12,5,1,0,1,0,0.805,47.8
TUTU4248844,Export,Seafood,Reefer,PSA_SICAL,11,0,0,0,1,1,0.789,61.8
TUTU4011601,Export,Granite,Dry,PSA_SICAL,8,5,1,0,0,0,0.839,52.1
TUTU9278944,Import,Chemicals,Hazardous,DBGT,6,6,1,0,0,0,0.896,99.2
TUTU7379990,Export,Granite,Dry,DBGT,2,2,0,0,0,1,0.784,71.9
TUTU3955186,Export,Machinery,ODC,DBGT,11,1,0,0,1,0,0.818,76.6
TUTU3302001,Import,Chemicals,Hazardous,DBGT,5,4,0,0,0,1,0.793,109.7
TUTU4167661,Export,Electronics,Dry,PSA_SICAL,11,2,0,0,1,0,0.865,59.2
TUTU5262343,Import,Timber,Dry,PSA_SICAL,10,6,1,0,1,0,0.823,90.9
TUTU2335986,Export,Machinery,ODC,PSA_SICAL,5,1,0,0,0,0,0.877,70.9
TUTU3089097,Export,Salt,Dry,DBGT,9,6,1,0,0,0,0.879,52.2
TUTU7601143,Export,Seafood,Reefer,DBGT,7,1,0,0,0,0,0.777,16.8
TUTU9176289,Export,Granite,Dry,DBGT,11,2,0,0,1,0,0.807,53.7
TUTU9800334,Export,Sugar,Dry,PSA_SICAL,3,5,1,0,0,1,0.899,93.1
TUTU9415757,Import,Coal,Dry,PSA_SICAL,4,6,1,0,0,0,0.741,69.3
TUTU2734948,Export,Textiles,Dry,PSA_SICAL,1,1,0,0,0,0,0.872,51.5
TUTU6919958,Export,Salt,Dry,PSA_SICAL,8,6,1,0,0,0,0.817,44.7
TUTU4460577,Export,Machinery,ODC,PSA_SICAL,5,5,1,1,0,0,0.879,95.7
TUTU5935450,Import,Seafood,Reefer,DBGT,1,4,0,0,0,0,0.892,59.8
TUTU6487359,Export,Seafood,Reefer,PSA_SICAL,4,2,0,0,0,1,0.748,51.7
TUTU5881008,Export,Textiles,Dry,PSA_SICAL,10,0,0,0,1,1,0.756,86.4
TUTU4152002,Export,Sugar,Dry,PSA_SICAL,6,3,0,0,0,0,0.84,46.7
TUTU4445370,Export,Machinery,ODC,DBGT,6,6,1,0,0,0,0.815,58.2
TUTU3450175,Export,Salt,Dry,PSA_SICAL,10,4,0,0,1,0,0.816,46.6
TUTU4539537,Import,Chemicals,Hazardous,PSA_SICAL,1,6,1,1,0,1,0.83,138.8
TUTU1313760,Import,Seafood,Reefer,PSA_SICAL,7,6,1,0,0,0,0.819,44.1
TUTU2378433,Import,Timber,Dry,PSA_SICAL,9,2,0,0,0,1,0.82,111.4
TUTU6504554,Export,Textiles,Dry,PSA_SICAL,9,6,1,0,0,0,0.856,76.8
TUTU8268910,Export,Seafood,Reefer,PSA_SICAL,10,4,0,0,1,0,0.863,47.7
TUTU7417126,Import,Coal,Dry,DBGT,10,0,0,0,1,0,0.711,94.2
TUTU6873537,Export,Machinery,ODC,PSA_SICAL,2,2,0,0,0,0,0.824,52.6
TUTU4356491,Export,Textiles,Dry,DBGT,5,0,0,0,0,0,0.859,62.3
TUTU9508917,Export,Seafood,Reefer,PSA_SICAL,7,5,1,0,0,0,0.832,37.4
TUTU1714925,Import,Timber,Dry,PSA_SICAL,8,0,0,0,0,0,0.815,68.2
TUTU9745325,Import,Coal,Dry,PSA_SICAL,8,4,0,0,0,0,0.822,72.3
TUTU5877651,Import,Chemicals,Hazardous,DBGT,9,4,0,0,0,0,0.825,79.3
TUTU8607438,Export,Sugar,Dry,PSA_SICAL,3,3,0,0,0,0,0.834,44.8
TUTU9425904,Import,Timber,Dry,PSA_SICAL,11,1,0,0,1,0,0.773,85.8
TUTU2235602,Import,EdibleOil,LiquidBulk,PSA_SICAL,11,4,0,0,1,0,0.891,109.9
TUTU4026205,Export,Salt,Dry,DBGT,8,6,1,0,0,0,0.784,43.8
TUTU6469418,Import,Electronics,Dry,PSA_SICAL,5,2,0,0,0,0,0.738,59.1
TUTU5761873,Export,Granite,Dry,PSA_SICAL,4,2,0,0,0,1,0.758,78.9
TUTU1779365,Import,EdibleOil,LiquidBulk,DBGT,11,4,0,0,1,0,0.905,110.9
TUTU4459667,Export,Granite,Dry,PSA_SICAL,8,3,0,0,0,1,0.786,80.3
TUTU1306901,Export,Seafood,Reefer,DBGT,6,1,0,0,0,0,0.85,34.2
TUTU8768502,Export,Seafood,Reefer,DBGT,6,0,0,0,0,0,0.799,22.8
TUTU8661932,Export,Seafood,Reefer,DBGT,3,3,0,0,0,0,0.831,23.7
TUTU1817179,Import,Machinery,ODC,PSA_SICAL,1,0,0,0,0,0,0.912,92.4
TUTU5752078,Export,Seafood,Reefer,PSA_SICAL,8,1,0,0,0,0,0.955,56.0
TUTU6820328,Import,EdibleOil,LiquidBulk,PSA_SICAL,8,0,0,0,0,0,0.769,71.5
TUTU9613234,Export,Salt,Dry,PSA_SICAL,9,5,1,0,0,0,0.843,49.6
TUTU1673011,Import,Seafood,Reefer,DBGT,2,0,0,0,0,0,0.824,47.3
TUTU7224099,Export,Seafood,Reefer,PSA_SICAL,2,1,0,0,0,1,0.854,62.2
TUTU9416206,Import,Seafood,Reefer,DBGT,7,4,0,0,0,0,0.827,48.4
TUTU8772391,Import,EdibleOil,LiquidBulk,PSA_SICAL,2,6,1,0,0,0,0.842,84.7
TUTU7786858,Export,Salt,Dry,DBGT,1,4,0,0,0,1,0.946,94.2
TUTU2403168,Import,Machinery,ODC,PSA_SICAL,8,5,1,0,0,1,0.817,109.7
TUTU2438286,Export,Seafood,Reefer,DBGT,8,5,1,0,0,0,0.79,27.8
TUTU4881734,Export,Salt,Dry,DBGT,4,5,1,0,0,0,0.763,44.5
TUTU5246558,Import,Coal,Dry,DBGT,9,5,1,0,0,0,0.814,80.4
TUTU8718102,Import,Machinery,ODC,DBGT,7,4,0,0,0,1,0.802,102.9
TUTU6458795,Export,Seafood,Reefer,PSA_SICAL,10,1,0,0,1,1,0.849,75.2
TUTU4139504,Export,Textiles,Dry,PSA_SICAL,3,3,0,0,0,0,0.73,45.9
TUTU3106097,Import,Machinery,ODC,DBGT,5,1,0,0,0,0,0.785,73.8
TUTU2049277,Import,Coal,Dry,PSA_SICAL,12,6,1,0,1,1,0.768,140.0
TUTU2558767,Export,Electronics,Dry,DBGT,3,3,0,0,0,1,0.707,63.9
TUTU7069597,Import,Chemicals,Hazardous,PSA_SICAL,9,3,0,0,0,0,0.85,104.8
TUTU5081826,Export,Salt,Dry,DBGT,12,2,0,0,1,0,0.72,47.9
TUTU4926759,Import,Seafood,Reefer,DBGT,12,4,0,0,1,0,0.75,51.8
TUTU7111854,Import,Machinery,ODC,PSA_SICAL,1,4,0,0,0,0,0.835,79.9
TUTU3967641,Export,Seafood,Reefer,PSA_SICAL,8,6,1,0,0,0,0.882,36.2
TUTU5737740,Export,Granite,Dry,PSA_SICAL,6,0,0,0,0,1,0.761,73.3
TUTU3510071,Import,Machinery,ODC,PSA_SICAL,8,2,0,0,0,1,0.867,116.2
TUTU2734473,Import,EdibleOil,LiquidBulk,PSA_SICAL,11,1,0,0,1,0,0.869,104.5
TUTU7036211,Export,Electronics,Dry,DBGT,1,6,1,0,0,0,0.734,38.9
TUTU7736464,Import,Coal,Dry,PSA_SICAL,2,2,0,0,0,1,0.83,106.0
TUTU7692842,Export,Seafood,Reefer,PSA_SICAL,1,2,0,1,0,0,0.711,54.8
TUTU3878543,Export,Seafood,Reefer,PSA_SICAL,12,0,0,0,1,0,0.853,36.7
TUTU2025712,Import,Machinery,ODC,DBGT,5,5,1,0,0,0,0.813,80.4
TUTU2180237,Import,Timber,Dry,DBGT,2,1,0,0,0,0,0.831,78.9
TUTU1406857,Export,Salt,Dry,PSA_SICAL,10,2,0,0,1,0,0.845,49.1
TUTU8372493,Export,Seafood,Reefer,PSA_SICAL,3,5,1,0,0,0,0.843,27.4
TUTU2682528,Import,Timber,Dry,PSA_SICAL,3,5,1,0,0,0,0.828,74.2
TUTU6610724,Export,Seafood,Reefer,PSA_SICAL,12,4,0,0,1,0,0.849,33.4
TUTU3751222,Export,Seafood,Reefer,PSA_SICAL,1,2,0,0,0,0,0.824,23.6
TUTU3353474,Export,Textiles,Dry,PSA_SICAL,3,1,0,0,0,0,0.782,39.2
TUTU2448919,Import,Chemicals,Hazardous,PSA_SICAL,12,0,0,0,1,1,0.807,139.1
TUTU6035817,Export,Seafood,Reefer,PSA_SICAL,4,5,1,0,0,0,0.813,25.9
TUTU8602943,Import,EdibleOil,LiquidBulk,DBGT,11,1,0,0,1,0,0.736,88.5
TUTU7438668,Import,Seafood,Reefer,DBGT,3,3,0,0,0,0,0.798,53.4
TUTU3142775,Import,Chemicals,Hazardous,PSA_SICAL,4,4,0,1,0,0,0.774,101.4
TUTU3426600,Export,Textiles,Dry,DBGT,2,0,0,0,0,1,0.812,75.2
TUTU1336874,Export,Granite,Dry,DBGT,11,2,0,0,1,0,0.817,50.6
TUTU9949660,Import,Electronics,Dry,DBGT,12,2,0,0,1,0,0.848,84.0
TUTU4846923,Import,Coal,Dry,PSA_SICAL,9,3,0,0,0,0,0.836,79.7
TUTU5624206,Import,Machinery,ODC,PSA_SICAL,4,4,0,0,0,0,0.879,85.2
TUTU9555952,Export,Granite,Dry,PSA_SICAL,12,1,0,0,1,0,0.848,57.0
TUTU5106307,Export,Seafood,Reefer,PSA_SICAL,11,2,0,0,1,0,0.756,31.0
TUTU2998924,Import,Timber,Dry,DBGT,5,1,0,0,0,0,0.946,90.7
TUTU5045993,Import,Timber,Dry,PSA_SICAL,8,0,0,0,0,1,0.778,100.7
TUTU6809753,Export,Sugar,Dry,PSA_SICAL,2,6,1,0,0,0,0.812,48.6
TUTU7936488,Import,Chemicals,Hazardous,PSA_SICAL,6,4,0,0,0,1,0.805,119.2
TUTU1741917,Import,Timber,Dry,PSA_SICAL,5,3,0,0,0,0,0.728,66.3
TUTU2788877,Export,Seafood,Reefer,DBGT,1,0,0,0,0,0,0.744,22.0
TUTU6535695,Export,Seafood,Reefer,DBGT,7,6,1,0,0,0,0.766,31.0
TUTU1135370,Import,Electronics,Dry,DBGT,10,0,0,0,1,0,0.841,86.4
TUTU8201743,Export,Sugar,Dry,PSA_SICAL,12,6,1,0,1,1,0.846,104.3
TUTU7994834,Import,Seafood,Reefer,DBGT,7,5,1,1,0,1,0.898,118.7
TUTU8633986,Import,Electronics,Dry,PSA_SICAL,1,5,1,0,0,0,0.796,72.6
TUTU4880841,Import,Timber,Dry,DBGT,11,2,0,0,1,0,0.811,85.9
TUTU5872311,Export,Salt,Dry,DBGT,11,5,1,1,1,1,0.838,122.5
TUTU6763651,Export,Textiles,Dry,PSA_SICAL,11,0,0,0,1,0,0.767,56.6
TUTU9104776,Export,Sugar,Dry,DBGT,2,2,0,0,0,0,0.791,36.6
TUTU5533716,Import,Electronics,Dry,DBGT,12,3,0,0,1,0,0.873,96.5
TUTU8254019,Export,Granite,Dry,PSA_SICAL,11,1,0,0,1,0,0.79,49.5
TUTU2362634,Export,Seafood,Reefer,DBGT,12,3,0,0,1,0,0.812,21.2
TUTU5978535,Export,Machinery,ODC,PSA_SICAL,6,0,0,0,0,0,0.757,51.4
TUTU2862613,Import,Machinery,ODC,DBGT,5,1,0,0,0,1,0.808,112.5
TUTU3136426,Import,EdibleOil,LiquidBulk,PSA_SICAL,1,0,0,0,0,0,0.847,77.2
TUTU9081120,Import,EdibleOil,LiquidBulk,DBGT,3,5,1,0,0,0,0.75,74.7
TUTU5099863,Import,Machinery,ODC,PSA_SICAL,2,4,0,0,0,1,0.801,105.5
TUTU1918889,Export,Sugar,Dry,PSA_SICAL,12,4,0,0,1,1,0.802,89.3
TUTU9556715,Export,Sugar,Dry,DBGT,7,6,1,0,0,1,0.824,74.2
TUTU3383102,Export,Seafood,Reefer,PSA_SICAL,1,3,0,0,0,0,0.83,30.6
TUTU3728868,Import,Electronics,Dry,PSA_SICAL,5,3,0,0,0,0,0.862,72.8
TUTU7776858,Export,Granite,Dry,PSA_SICAL,9,6,1,0,0,0,0.858,55.8
TUTU8578099,Export,Seafood,Reefer,DBGT,1,2,0,0,0,0,0.75,26.7
TUTU8849692,Export,Electronics,Dry,PSA_SICAL,4,1,0,0,0,0,0.761,34.7
TUTU8130714,Import,Seafood,Reefer,PSA_SICAL,7,6,1,0,0,0,0.867,62.2
TUTU2058144,Import,Machinery,ODC,PSA_SICAL,1,2,0,0,0,0,0.822,77.2
TUTU2728715,Export,Granite,Dry,PSA_SICAL,9,3,0,0,0,0,0.818,48.4
TUTU6820852,Import,Coal,Dry,PSA_SICAL,6,3,0,0,0,0,0.723,76.8
TUTU5227442,Export,Granite,Dry,PSA_SICAL,8,0,0,0,0,0,0.826,44.7
TUTU7723303,Import,Electronics,Dry,PSA_SICAL,8,0,0,0,0,1,0.855,100.0
TUTU3923773,Export,Granite,Dry,PSA_SICAL,5,5,1,0,0,0,0.834,57.5
TUTU4031157,Export,Salt,Dry,PSA_SICAL,9,0,0,0,0,0,0.776,31.3
TUTU7950275,Export,Seafood,Reefer,PSA_SICAL,1,3,0,0,0,0,0.755,21.1
TUTU5805695,Export,Granite,Dry,PSA_SICAL,3,1,0,0,0,0,0.889,61.5
TUTU4292049,Import,EdibleOil,LiquidBulk,PSA_SICAL,1,2,0,0,0,0,0.784,72.9
TUTU3364189,Export,Seafood,Reefer,PSA_SICAL,3,6,1,0,0,1,0.764,64.0
TUTU7977811,Import,Timber,Dry,PSA_SICAL,11,2,0,0,1,0,0.89,99.0
TUTU8354547,Import,Timber,Dry,PSA_SICAL,9,3,0,0,0,0,0.841,83.7
TUTU7793288,Import,Seafood,Reefer,DBGT,4,1,0,0,0,0,0.839,60.4
TUTU9904609,Import,Timber,Dry,PSA_SICAL,3,6,1,0,0,0,0.843,77.1
TUTU8277298,Export,Electronics,Dry,PSA_SICAL,6,4,0,0,0,0,0.866,52.4
TUTU2804436,Import,Coal,Dry,PSA_SICAL,1,0,0,0,0,0,0.8,78.1
TUTU3066301,Import,Coal,Dry,PSA_SICAL,9,4,0,0,0,0,0.851,81.7
TUTU7995334,Export,Seafood,Reefer,DBGT,7,2,0,0,0,1,0.784,48.7
TUTU4244573,Import,Chemicals,Hazardous,DBGT,7,4,0,0,0,0,0.866,86.3
TUTU1420431,Export,Salt,Dry,DBGT,11,4,0,0,1,1,0.88,97.8
TUTU9005698,Export,Granite,Dry,PSA_SICAL,8,2,0,0,0,0,0.85,52.2
TUTU7394209,Import,Timber,Dry,PSA_SICAL,7,5,1,0,0,0,0.828,74.2
TUTU5303931,Export,Sugar,Dry,PSA_SICAL,3,5,1,0,0,0,0.798,39.2
TUTU1113995,Export,Granite,Dry,DBGT,4,5,1,0,0,0,0.786,43.5
TUTU2750820,Export,Electronics,Dry,PSA_SICAL,9,6,1,0,0,0,0.826,54.3
TUTU3480907,Export,Granite,Dry,PSA_SICAL,9,1,0,0,0,0,0.779,44.6
TUTU3825668,Export,Granite,Dry,PSA_SICAL,9,4,0,0,0,0,0.895,63.8
TUTU5272181,Export,Textiles,Dry,DBGT,4,1,0,0,0,1,0.828,75.9
TUTU9800496,Export,Granite,Dry,DBGT,6,5,1,0,0,0,0.844,50.4
TUTU6003016,Export,Machinery,ODC,PSA_SICAL,3,5,1,0,0,0,0.821,53.3
TUTU1796143,Import,Chemicals,Hazardous,PSA_SICAL,1,6,1,0,0,0,0.894,98.5
TUTU4223896,Export,Seafood,Reefer,DBGT,5,1,0,0,0,0,0.83,24.1
TUTU6442372,Export,Seafood,Reefer,PSA_SICAL,6,1,0,0,0,0,0.874,32.4
TUTU7880652,Export,Seafood,Reefer,DBGT,8,2,0,1,0,0,0.866,60.5
TUTU4863559,Import,Timber,Dry,PSA_SICAL,3,2,0,0,0,0,0.754,63.0
TUTU7499659,Export,Electronics,Dry,DBGT,1,6,1,0,0,0,0.768,44.7
TUTU9267169,Export,Textiles,Dry,DBGT,7,5,1,0,0,0,0.833,52.6
TUTU2276254,Export,Seafood,Reefer,DBGT,1,0,0,0,0,1,0.741,50.4
TUTU4241601,Import,EdibleOil,LiquidBulk,PSA_SICAL,4,5,1,0,0,0,0.891,97.9
TUTU3593696,Export,Seafood,Reefer,DBGT,6,1,0,0,0,1,0.842,61.8
TUTU9797471,Import,Chemicals,Hazardous,PSA_SICAL,6,3,0,0,0,0,0.864,93.1
TUTU2909901,Import,Seafood,Reefer,DBGT,3,3,0,0,0,0,0.874,49.7
TUTU7825636,Import,Chemicals,Hazardous,DBGT,7,4,0,0,0,0,0.813,90.6
TUTU7853196,Import,Machinery,ODC,PSA_SICAL,9,4,0,0,0,0,0.848,87.3
TUTU2504821,Import,Machinery,ODC,PSA_SICAL,5,1,0,0,0,1,0.729,103.2
TUTU7502117,Export,Salt,Dry,PSA_SICAL,6,4,0,0,0,0,0.819,38.4
TUTU1245560,Import,Timber,Dry,PSA_SICAL,11,0,0,0,1,0,0.885,102.3
TUTU3069144,Export,Granite,Dry,PSA_SICAL,5,1,0,0,0,0,0.756,44.7
TUTU2838494,Export,Granite,Dry,PSA_SICAL,3,0,0,0,0,0,0.808,43.2
TUTU8009264,Export,Electronics,Dry,PSA_SICAL,10,4,0,0,1,0,0.816,45.7
TUTU5964034,Export,Granite,Dry,DBGT,12,0,0,0,1,0,0.823,53.4
TUTU7561289,Export,Machinery,ODC,DBGT,8,1,0,0,0,1,0.862,93.1
TUTU8140573,Export,Seafood,Reefer,DBGT,1,3,0,0,0,0,0.782,23.2
TUTU8996695,Import,Electronics,Dry,DBGT,3,3,0,0,0,0,0.797,55.5
TUTU4255092,Import,Machinery,ODC,PSA_SICAL,10,2,0,0,1,0,0.701,90.0
TUTU2115564,Export,Sugar,Dry,PSA_SICAL,5,5,1,0,0,0,0.829,46.8
TUTU3804584,Export,Textiles,Dry,DBGT,9,5,1,0,0,0,0.824,50.6
TUTU6523917,Import,Timber,Dry,PSA_SICAL,5,5,1,0,0,0,0.822,78.8
TUTU5173218,Export,Textiles,Dry,PSA_SICAL,9,6,1,0,0,0,0.865,53.4
TUTU9845884,Import,EdibleOil,LiquidBulk,PSA_SICAL,4,4,0,0,0,0,0.843,78.7
TUTU3001551,Import,Timber,Dry,PSA_SICAL,2,0,0,0,0,1,0.864,105.0
TUTU7007690,Export,Sugar,Dry,PSA_SICAL,7,5,1,0,0,0,0.913,59.9
TUTU2193726,Import,Coal,Dry,PSA_SICAL,10,1,0,0,1,0,0.814,87.9
TUTU9572616,Export,Sugar,Dry,DBGT,4,2,0,0,0,0,0.799,38.2
TUTU7166498,Import,Coal,Dry,PSA_SICAL,1,1,0,0,0,0,0.833,74.5
TUTU6112258,Export,Seafood,Reefer,DBGT,1,4,0,0,0,0,0.811,22.3
TUTU2601469,Export,Seafood,Reefer,DBGT,10,5,1,0,1,1,0.851,75.0
TUTU1198511,Import,Timber,Dry,DBGT,5,2,0,0,0,0,0.888,80.4
TUTU7348821,Export,Machinery,ODC,DBGT,2,0,0,0,0,0,0.832,62.6
TUTU8916042,Import,Coal,Dry,DBGT,8,5,1,0,0,0,0.786,79.5
TUTU4076744,Export,Sugar,Dry,DBGT,4,6,1,0,0,1,0.887,82.9
TUTU1772872,Export,Machinery,ODC,PSA_SICAL,11,4,0,0,1,0,0.848,71.3
TUTU4936044,Export,Textiles,Dry,DBGT,12,2,0,0,1,0,0.762,52.8
TUTU9239605,Export,Seafood,Reefer,DBGT,1,4,0,0,0,0,0.761,18.3
TUTU7948256,Export,Seafood,Reefer,DBGT,10,1,0,0,1,0,0.837,34.1
TUTU3759750,Import,Coal,Dry,PSA_SICAL,2,5,1,0,0,0,0.884,92.4
TUTU1319839,Import,Seafood,Reefer,PSA_SICAL,11,0,0,0,1,1,0.835,102.4
TUTU6113813,Export,Granite,Dry,DBGT,2,4,0,0,0,0,0.775,38.9
TUTU8317727,Export,Granite,Dry,DBGT,12,3,0,1,1,0,0.774,78.9
TUTU3790067,Export,Seafood,Reefer,PSA_SICAL,7,5,1,0,0,0,0.857,43.2
TUTU6719437,Import,Coal,Dry,DBGT,11,4,0,0,1,0,0.854,101.2
TUTU7809365,Import,Timber,Dry,PSA_SICAL,8,6,1,0,0,0,0.794,78.5
TUTU2076988,Export,Seafood,Reefer,PSA_SICAL,7,2,0,0,0,0,0.885,36.8
TUTU6871643,Export,Granite,Dry,DBGT,7,0,0,0,0,0,0.856,51.2
TUTU2132914,Export,Seafood,Reefer,PSA_SICAL,12,2,0,0,1,0,0.819,29.8
TUTU2542715,Export,Granite,Dry,DBGT,7,2,0,0,0,0,0.846,49.2
TUTU1931745,Export,Granite,Dry,PSA_SICAL,11,6,1,0,1,0,0.839,64.8
TUTU8699743,Import,Timber,Dry,DBGT,11,5,1,0,1,1,0.822,132.8
TUTU4294701,Export,Seafood,Reefer,PSA_SICAL,1,2,0,0,0,0,0.833,24.4
TUTU7548224,Import,Machinery,ODC,PSA_SICAL,9,2,0,0,0,0,0.874,85.1
TUTU3164367,Import,Coal,Dry,DBGT,4,3,0,0,0,0,0.788,76.5
TUTU8201751,Import,Electronics,Dry,PSA_SICAL,2,3,0,0,0,0,0.762,58.4
TUTU5597368,Export,Salt,Dry,PSA_SICAL,7,3,0,0,0,0,0.771,32.6
TUTU3177254,Export,Textiles,Dry,PSA_SICAL,9,5,1,0,0,0,0.798,53.6
TUTU7273801,Export,Seafood,Reefer,DBGT,5,3,0,0,0,0,0.826,21.1
TUTU7300363,Export,Granite,Dry,DBGT,12,0,0,0,1,1,0.799,93.3
TUTU8942207,Import,Seafood,Reefer,PSA_SICAL,11,4,0,0,1,0,0.798,56.4
TUTU4241196,Import,Machinery,ODC,PSA_SICAL,7,4,0,0,0,0,0.863,85.2
TUTU7530773,Import,Machinery,ODC,PSA_SICAL,12,0,0,0,1,1,0.871,150.4
TUTU4070400,Import,Chemicals,Hazardous,PSA_SICAL,5,1,0,0,0,0,0.817,81.7
TUTU9468193,Export,Granite,Dry,PSA_SICAL,8,3,0,0,0,0,0.833,46.8
TUTU3834979,Import,EdibleOil,LiquidBulk,PSA_SICAL,3,5,1,0,0,0,0.867,88.4
TUTU5153423,Export,Seafood,Reefer,DBGT,5,4,0,0,0,0,0.796,23.6
TUTU2576898,Import,Electronics,Dry,PSA_SICAL,3,3,0,0,0,1,0.803,90.0
TUTU8811126,Export,Textiles,Dry,PSA_SICAL,3,2,0,0,0,0,0.806,38.5
TUTU9942100,Import,Electronics,Dry,PSA_SICAL,9,5,1,0,0,0,0.869,77.4
TUTU5469504,Export,Seafood,Reefer,PSA_SICAL,2,4,0,0,0,0,0.929,45.2
TUTU4312498,Import,Timber,Dry,DBGT,12,6,1,0,1,0,0.843,103.0
TUTU7717214,Import,Seafood,Reefer,DBGT,10,2,0,0,1,0,0.837,58.6
TUTU5062205,Import,Machinery,ODC,PSA_SICAL,7,0,0,0,0,0,0.816,73.5
TUTU4563539,Export,Sugar,Dry,DBGT,5,5,1,0,0,0,0.765,46.6
TUTU4840288,Export,Textiles,Dry,PSA_SICAL,11,2,0,0,1,1,0.794,87.0
TUTU8901509,Export,Electronics,Dry,DBGT,10,4,0,0,1,0,0.805,51.6
TUTU7440649,Import,Chemicals,Hazardous,PSA_SICAL,7,6,1,0,0,0,0.959,111.5
TUTU3786168,Export,Seafood,Reefer,PSA_SICAL,5,2,0,0,0,0,0.804,24.7
TUTU7162880,Import,Seafood,Reefer,DBGT,8,1,0,0,0,0,0.742,37.6
TUTU8712534,Export,Textiles,Dry,PSA_SICAL,2,3,0,0,0,0,0.823,43.9
TUTU8973302,Import,Chemicals,Hazardous,PSA_SICAL,1,2,0,0,0,0,0.819,78.5
TUTU7428758,Export,Sugar,Dry,PSA_SICAL,9,6,1,0,0,0,0.938,72.7
TUTU5488744,Export,Textiles,Dry,DBGT,7,1,0,0,0,0,0.899,56.7
TUTU1493423,Export,Textiles,Dry,DBGT,1,1,0,0,0,0,0.824,49.6
TUTU7910778,Import,Electronics,Dry,PSA_SICAL,2,2,0,0,0,0,0.71,55.5
TUTU1745816,Import,Machinery,ODC,DBGT,3,4,0,0,0,1,0.813,106.2
TUTU7636942,Export,Sugar,Dry,PSA_SICAL,1,0,0,0,0,1,0.947,93.7
TUTU6793814,Export,Seafood,Reefer,PSA_SICAL,9,0,0,0,0,0,0.725,18.2
TUTU9179597,Export,Granite,Dry,PSA_SICAL,4,1,0,0,0,0,0.821,41.6
TUTU6644171,Import,Coal,Dry,PSA_SICAL,7,0,0,0,0,0,0.837,78.7
TUTU3505952,Export,Textiles,Dry,PSA_SICAL,5,3,0,0,0,0,0.876,51.2
TUTU6177345,Import,Chemicals,Hazardous,DBGT,9,0,0,1,0,0,0.759,103.9
TUTU2269625,Export,Seafood,Reefer,PSA_SICAL,5,1,0,0,0,1,0.896,62.9
TUTU5926506,Export,Seafood,Reefer,PSA_SICAL,9,3,0,0,0,0,0.739,21.6
TUTU7813429,Import,Timber,Dry,PSA_SICAL,4,2,0,0,0,0,0.775,73.6
TUTU4383680,Import,Machinery,ODC,DBGT,3,4,0,0,0,0,0.854,79.4
TUTU5833715,Import,Machinery,ODC,PSA_SICAL,3,1,0,1,0,0,0.866,103.6
TUTU2669109,Import,Timber,Dry,DBGT,3,3,0,0,0,0,0.78,64.0
TUTU3221444,Export,Seafood,Reefer,DBGT,8,3,0,0,0,0,0.855,32.2
TUTU6264623,Export,Salt,Dry,PSA_SICAL,4,1,0,0,0,1,0.823,68.4
TUTU6918474,Import,Machinery,ODC,PSA_SICAL,7,0,0,0,0,0,0.863,88.3
TUTU9780209,Import,Seafood,Reefer,DBGT,1,4,0,0,0,0,0.772,48.9
TUTU4411266,Import,Chemicals,Hazardous,PSA_SICAL,11,6,1,0,1,0,0.939,130.4
TUTU9502232,Import,Electronics,Dry,PSA_SICAL,6,2,0,0,0,0,0.775,67.1
TUTU8800834,Import,Chemicals,Hazardous,DBGT,8,3,0,0,0,0,0.843,83.5
TUTU2370768,Import,Coal,Dry,PSA_SICAL,12,6,1,0,1,0,0.804,94.4
TUTU4900170,Export,Sugar,Dry,PSA_SICAL,11,2,0,0,1,0,0.78,53.0
TUTU1369968,Import,Electronics,Dry,DBGT,7,2,0,0,0,0,0.775,72.6
TUTU1325843,Import,Chemicals,Hazardous,DBGT,8,1,0,0,0,0,0.87,94.0
TUTU8139861,Import,Coal,Dry,DBGT,6,0,0,0,0,1,0.783,97.8
TUTU2741771,Export,Salt,Dry,DBGT,9,6,1,0,0,1,0.893,86.8
TUTU9185792,Export,Granite,Dry,DBGT,5,2,0,0,0,0,0.823,45.8
TUTU1631404,Export,Granite,Dry,PSA_SICAL,2,0,0,0,0,0,0.662,43.4
TUTU7363903,Export,Textiles,Dry,PSA_SICAL,2,3,0,0,0,0,0.824,41.8
TUTU2471523,Export,Granite,Dry,PSA_SICAL,1,3,0,0,0,0,0.801,39.2
TUTU2015188,Export,Seafood,Reefer,DBGT,11,2,0,0,1,0,0.842,29.6
TUTU3422759,Import,Machinery,ODC,DBGT,4,5,1,0,0,0,0.926,92.7
TUTU1612660,Export,Seafood,Reefer,PSA_SICAL,12,3,0,0,1,0,0.863,34.0
TUTU3797299,Export,Sugar,Dry,PSA_SICAL,5,0,0,0,0,1,0.784,68.9
TUTU7723776,Export,Machinery,ODC,DBGT,2,1,0,0,0,1,0.78,82.5
TUTU6556467,Export,Salt,Dry,DBGT,5,2,0,0,0,0,0.913,58.2
TUTU9286290,Import,Electronics,Dry,PSA_SICAL,6,5,1,0,0,0,0.81,71.0
TUTU2613634,Import,Electronics,Dry,PSA_SICAL,4,3,0,0,0,0,0.806,60.6
TUTU9831858,Export,Granite,Dry,DBGT,6,4,0,0,0,0,0.794,38.8
TUTU6878843,Export,Sugar,Dry,PSA_SICAL,6,0,0,0,0,0,0.819,48.1
TUTU6484245,Export,Salt,Dry,PSA_SICAL,10,4,0,0,1,0,0.769,41.9
TUTU9179872,Export,Granite,Dry,PSA_SICAL,9,3,0,0,0,0,0.899,58.7
TUTU6513786,Export,Seafood,Reefer,DBGT,5,4,0,0,0,0,0.825,22.0
TUTU4852449,Export,Textiles,Dry,PSA_SICAL,2,1,0,0,0,0,0.786,37.2
TUTU6564688,Import,Seafood,Reefer,DBGT,8,4,0,0,0,1,0.812,77.8
TUTU9504766,Import,Coal,Dry,DBGT,8,5,1,0,0,0,0.781,74.6
TUTU2803667,Export,Electronics,Dry,PSA_SICAL,11,4,0,0,1,0,0.875,56.8
TUTU9875747,Export,Seafood,Reefer,PSA_SICAL,11,0,0,0,1,0,0.857,38.3
TUTU4980186,Export,Seafood,Reefer,DBGT,9,4,0,0,0,0,0.848,25.7
TUTU9447275,Export,Textiles,Dry,PSA_SICAL,12,4,0,0,1,0,0.873,59.7
TUTU5789023,Export,Seafood,Reefer,DBGT,12,2,0,0,1,0,0.863,31.8
TUTU6146806,Import,Electronics,Dry,PSA_SICAL,4,3,0,0,0,0,0.825,63.2
TUTU2760352,Export,Granite,Dry,DBGT,9,2,0,0,0,0,0.784,46.3
TUTU1172399,Export,Electronics,Dry,PSA_SICAL,10,4,0,0,1,0,0.804,58.1
TUTU8555113,Export,Granite,Dry,PSA_SICAL,9,5,1,0,0,0,0.842,47.6
TUTU3123089,Export,Seafood,Reefer,DBGT,6,5,1,0,0,0,0.744,23.6
TUTU9238126,Import,Electronics,Dry,DBGT,2,0,0,0,0,0,0.88,76.1
TUTU9450536,Import,Machinery,ODC,PSA_SICAL,4,2,0,0,0,0,0.925,97.6
TUTU3344690,Import,EdibleOil,LiquidBulk,DBGT,5,1,0,0,0,0,0.829,76.1
TUTU8499321,Import,Coal,Dry,DBGT,5,0,0,0,0,0,0.856,78.2
TUTU3785068,Import,Timber,Dry,PSA_SICAL,11,5,1,0,1,0,0.844,109.0
TUTU4470997,Export,Granite,Dry,PSA_SICAL,8,0,0,0,0,0,0.87,58.0
TUTU1991534,Import,Machinery,ODC,PSA_SICAL,12,4,0,0,1,0,0.892,106.9
TUTU9114652,Import,Coal,Dry,DBGT,2,2,0,0,0,0,0.866,77.0
TUTU1017795,Export,Salt,Dry,PSA_SICAL,1,0,0,0,0,1,0.893,86.1
TUTU7228585,Export,Textiles,Dry,DBGT,1,1,0,0,0,1,0.811,72.9
TUTU9963789,Export,Salt,Dry,PSA_SICAL,3,4,0,0,0,1,0.715,63.8
TUTU7228087,Export,Salt,Dry,PSA_SICAL,7,4,0,0,0,0,0.775,34.4
TUTU5373419,Export,Sugar,Dry,PSA_SICAL,9,2,0,0,0,0,0.714,36.4
TUTU1609837,Export,Seafood,Reefer,DBGT,9,2,0,0,0,0,0.718,24.0
TUTU1639184,Export,Seafood,Reefer,DBGT,1,1,0,0,0,0,0.812,25.4
TUTU9293550,Export,Electronics,Dry,DBGT,6,4,0,0,0,1,0.857,84.7
TUTU8480361,Import,Seafood,Reefer,PSA_SICAL,8,2,0,0,0,0,0.846,49.5
TUTU8702661,Export,Seafood,Reefer,PSA_SICAL,6,5,1,0,0,0,0.893,38.8
TUTU1415358,Import,Machinery,ODC,PSA_SICAL,11,1,0,0,1,0,0.888,108.1
TUTU7684191,Import,Machinery,ODC,PSA_SICAL,4,2,0,0,0,0,0.804,77.4
TUTU4565929,Export,Seafood,Reefer,PSA_SICAL,7,3,0,0,0,0,0.857,42.8
TUTU4578410,Import,Coal,Dry,PSA_SICAL,5,4,0,0,0,0,0.865,79.1
TUTU4658711,Import,Timber,Dry,PSA_SICAL,2,1,0,0,0,0,0.892,82.9
TUTU9174016,Import,EdibleOil,LiquidBulk,PSA_SICAL,9,0,0,0,0,1,0.816,105.2
TUTU3198785,Export,Seafood,Reefer,DBGT,6,1,0,0,0,0,0.855,33.6
TUTU1617080,Import,Timber,Dry,PSA_SICAL,2,1,0,0,0,0,0.867,79.4
TUTU7272708,Export,Machinery,ODC,PSA_SICAL,3,1,0,0,0,0,0.822,68.3
TUTU6810459,Export,Textiles,Dry,PSA_SICAL,4,0,0,0,0,1,0.861,77.7
TUTU2974487,Export,Seafood,Reefer,PSA_SICAL,5,3,0,0,0,0,0.845,31.9
TUTU7051348,Export,Sugar,Dry,PSA_SICAL,9,4,0,0,0,0,0.781,42.1
TUTU9792965,Import,Machinery,ODC,DBGT,8,4,0,0,0,0,0.891,89.8
TUTU6747903,Export,Electronics,Dry,PSA_SICAL,10,5,1,0,1,1,0.822,97.8
TUTU9723126,Import,Machinery,ODC,PSA_SICAL,11,2,0,0,1,0,0.857,106.1
TUTU5091978,Import,Chemicals,Hazardous,PSA_SICAL,12,2,0,0,1,0,0.85,107.2
TUTU2303459,Export,Seafood,Reefer,PSA_SICAL,10,3,0,0,1,0,0.867,53.0
TUTU9241940,Export,Seafood,Reefer,PSA_SICAL,7,4,0,0,0,1,0.744,51.5
TUTU6780627,Export,Machinery,ODC,DBGT,9,6,1,0,0,0,0.793,52.3
TUTU3457114,Import,Machinery,ODC,DBGT,9,0,0,0,0,0,0.738,72.0
TUTU6058316,Export,Granite,Dry,DBGT,9,4,0,0,0,0,0.818,43.2
TUTU3816048,Import,Seafood,Reefer,PSA_SICAL,8,6,1,0,0,0,0.805,45.5
TUTU2884264,Import,Seafood,Reefer,PSA_SICAL,2,1,0,0,0,0,0.867,52.8
TUTU4379738,Export,Granite,Dry,PSA_SICAL,9,1,0,0,0,0,0.799,37.6
TUTU9355303,Export,Textiles,Dry,DBGT,7,1,0,0,0,0,0.878,59.0
TUTU1875022,Export,Granite,Dry,PSA_SICAL,8,3,0,0,0,0,0.835,48.7
TUTU3226064,Export,Sugar,Dry,PSA_SICAL,2,1,0,0,0,0,0.819,46.1
TUTU3147900,Import,Chemicals,Hazardous,PSA_SICAL,10,2,0,0,1,0,0.83,114.0
TUTU3297283,Import,Timber,Dry,PSA_SICAL,11,4,0,0,1,0,0.791,86.5
TUTU8166864,Export,Textiles,Dry,PSA_SICAL,3,3,0,0,0,0,0.758,37.2
TUTU2856427,Export,Machinery,ODC,PSA_SICAL,1,1,0,0,0,0,0.736,49.4
TUTU9027090,Import,Electronics,Dry,PSA_SICAL,6,0,0,0,0,0,0.835,76.8
TUTU1180168,Export,Seafood,Reefer,PSA_SICAL,9,4,0,0,0,0,0.739,21.1
TUTU8695644,Export,Electronics,Dry,PSA_SICAL,1,2,0,0,0,0,0.778,40.5
TUTU8909990,Import,Timber,Dry,DBGT,8,3,0,0,0,0,0.761,72.4
TUTU2733133,Export,Sugar,Dry,DBGT,4,0,0,0,0,0,0.873,48.6
TUTU3676566,Export,Granite,Dry,DBGT,4,0,0,0,0,0,0.781,38.8
TUTU8122609,Export,Sugar,Dry,DBGT,8,3,0,0,0,0,0.782,39.6
TUTU8495516,Import,Timber,Dry,DBGT,7,1,0,0,0,0,0.732,69.0
TUTU8329606,Export,Seafood,Reefer,DBGT,11,1,0,0,1,0,0.796,22.9
TUTU2653589,Export,Textiles,Dry,DBGT,1,3,0,0,0,0,0.75,39.7
TUTU5458793,Export,Seafood,Reefer,PSA_SICAL,1,6,1,0,0,0,0.846,32.9
TUTU6862612,Import,Electronics,Dry,DBGT,3,2,0,0,0,0,0.736,57.1
TUTU9905972,Import,Seafood,Reefer,PSA_SICAL,10,3,0,0,1,0,0.853,63.7
TUTU1441647,Import,Seafood,Reefer,PSA_SICAL,7,4,0,1,0,0,0.75,62.7
TUTU4768724,Import,Seafood,Reefer,PSA_SICAL,5,3,0,0,0,1,0.846,92.9
TUTU8499108,Import,Coal,Dry,PSA_SICAL,12,2,0,0,1,0,0.826,95.7
TUTU5411961,Export,Salt,Dry,PSA_SICAL,8,2,0,0,0,0,0.81,37.9
TUTU9679381,Import,EdibleOil,LiquidBulk,PSA_SICAL,4,0,0,0,0,0,0.791,80.4
TUTU3916287,Export,Granite,Dry,DBGT,10,4,0,1,1,0,0.819,90.8
TUTU4058541,Export,Seafood,Reefer,PSA_SICAL,2,4,0,0,0,0,0.803,20.7
TUTU5693965,Export,Granite,Dry,DBGT,3,0,0,1,0,0,0.785,67.1
TUTU7343872,Import,Electronics,Dry,PSA_SICAL,2,6,1,0,0,0,0.788,68.4
TUTU2920679,Import,Machinery,ODC,PSA_SICAL,4,2,0,0,0,0,0.826,87.4
TUTU6286734,Import,Timber,Dry,DBGT,8,5,1,0,0,0,0.805,73.4
TUTU9700338,Import,Machinery,ODC,DBGT,2,5,1,0,0,1,0.805,111.3
TUTU8245305,Import,Machinery,ODC,DBGT,4,2,0,0,0,0,0.724,71.4
TUTU9003271,Export,Seafood,Reefer,DBGT,3,3,0,0,0,1,0.84,55.7
TUTU5960539,Export,Seafood,Reefer,DBGT,11,1,0,0,1,1,0.836,75.3
TUTU3137536,Export,Salt,Dry,PSA_SICAL,12,4,0,0,1,1,0.906,98.5
TUTU8569396,Import,Machinery,ODC,DBGT,6,4,0,0,0,1,0.843,116.2
TUTU6747366,Import,Timber,Dry,PSA_SICAL,11,1,0,0,1,0,0.81,83.5
TUTU2508128,Export,Granite,Dry,PSA_SICAL,11,4,0,1,1,0,0.788,78.8
TUTU1510122,Export,Seafood,Reefer,PSA_SICAL,6,1,0,0,0,0,0.744,18.1
TUTU3757940,Import,Chemicals,Hazardous,PSA_SICAL,2,2,0,0,0,0,0.844,88.8
TUTU3233074,Import,Electronics,Dry,PSA_SICAL,9,5,1,0,0,0,0.801,58.4
TUTU6468558,Import,Coal,Dry,DBGT,9,0,0,0,0,0,0.688,67.7
TUTU7246587,Export,Granite,Dry,PSA_SICAL,6,6,1,0,0,0,0.826,55.7
TUTU9626711,Import,EdibleOil,LiquidBulk,PSA_SICAL,8,4,0,0,0,0,0.84,73.9
TUTU5547195,Import,Coal,Dry,DBGT,12,3,0,0,1,0,0.827,90.6
TUTU9949038,Export,Seafood,Reefer,PSA_SICAL,11,2,0,0,1,0,0.871,34.6
TUTU8083646,Export,Sugar,Dry,DBGT,7,5,1,0,0,0,0.774,39.1
TUTU7167294,Export,Granite,Dry,DBGT,9,6,1,0,0,0,0.901,66.9
TUTU6084868,Export,Granite,Dry,PSA_SICAL,4,3,0,0,0,0,0.874,55.1
TUTU7088018,Import,Timber,Dry,PSA_SICAL,5,2,0,0,0,0,0.753,64.2
TUTU4314964,Export,Granite,Dry,PSA_SICAL,5,5,1,0,0,0,0.863,59.7
TUTU4152606,Import,Chemicals,Hazardous,PSA_SICAL,8,0,0,0,0,0,0.889,93.3
TUTU5610509,Import,Electronics,Dry,PSA_SICAL,7,0,0,0,0,0,0.8,64.5
TUTU3761584,Import,Machinery,ODC,PSA_SICAL,1,2,0,0,0,0,0.768,75.5
TUTU4013985,Import,Timber,Dry,PSA_SICAL,1,2,0,0,0,0,0.792,65.9
TUTU3602387,Export,Salt,Dry,DBGT,8,6,1,0,0,0,0.795,38.3
TUTU1203012,Export,Sugar,Dry,PSA_SICAL,2,1,0,0,0,0,0.798,36.2
TUTU7134303,Export,Machinery,ODC,DBGT,6,6,1,0,0,1,0.806,90.2
TUTU6715232,Import,Chemicals,Hazardous,PSA_SICAL,7,6,1,0,0,0,0.774,80.0
TUTU2117778,Export,Granite,Dry,DBGT,7,5,1,0,0,0,0.799,55.9
TUTU1622117,Export,Salt,Dry,PSA_SICAL,12,2,0,0,1,0,0.878,55.4
TUTU7265802,Import,Coal,Dry,PSA_SICAL,5,0,0,0,0,0,0.76,69.1
TUTU5573624,Export,Textiles,Dry,DBGT,7,0,0,0,0,0,0.802,38.5
TUTU3305218,Export,Salt,Dry,PSA_SICAL,5,1,0,0,0,0,0.812,50.9
TUTU4183170,Import,Chemicals,Hazardous,PSA_SICAL,12,2,0,0,1,1,0.894,152.3
TUTU6104450,Export,Textiles,Dry,PSA_SICAL,1,5,1,0,0,0,0.88,61.2
TUTU5582162,Export,Salt,Dry,PSA_SICAL,9,5,1,0,0,0,0.764,53.4
TUTU8547866,Import,Machinery,ODC,DBGT,1,5,1,0,0,0,0.818,79.4
TUTU5452350,Import,EdibleOil,LiquidBulk,DBGT,1,0,0,0,0,0,0.761,69.4
TUTU2425851,Export,Seafood,Reefer,PSA_SICAL,3,6,1,0,0,0,0.79,31.7
TUTU3990838,Export,Seafood,Reefer,DBGT,5,3,0,0,0,1,0.762,52.4
TUTU1532274,Export,Seafood,Reefer,PSA_SICAL,6,3,0,0,0,0,0.804,25.6
TUTU4179564,Import,Machinery,ODC,PSA_SICAL,1,1,0,0,0,0,0.756,70.7
TUTU9167082,Import,Coal,Dry,PSA_SICAL,2,4,0,0,0,0,0.823,76.0
TUTU3598791,Import,Electronics,Dry,DBGT,6,1,0,0,0,0,0.771,65.2
TUTU6559585,Import,Electronics,Dry,PSA_SICAL,12,0,0,0,1,0,0.867,89.6
TUTU2532626,Export,Machinery,ODC,PSA_SICAL,5,2,0,0,0,1,0.883,97.0
TUTU9417448,Export,Seafood,Reefer,DBGT,1,0,0,0,0,0,0.765,18.6
TUTU3521421,Export,Machinery,ODC,PSA_SICAL,3,2,0,0,0,0,0.877,65.4
TUTU9031401,Export,Machinery,ODC,PSA_SICAL,7,4,0,0,0,0,0.764,49.8
TUTU6622998,Export,Machinery,ODC,PSA_SICAL,2,3,0,1,0,0,0.757,74.6
TUTU8546927,Import,Timber,Dry,PSA_SICAL,5,6,1,0,0,0,0.91,92.1
TUTU7730759,Import,Electronics,Dry,PSA_SICAL,2,0,0,0,0,0,0.896,75.3
TUTU5865807,Import,Electronics,Dry,DBGT,9,5,1,0,0,0,0.732,76.6
TUTU4750016,Export,Seafood,Reefer,PSA_SICAL,10,0,0,0,1,1,0.795,58.7
TUTU4374309,Import,Coal,Dry,PSA_SICAL,10,6,1,0,1,1,0.86,148.9
TUTU2679097,Export,Seafood,Reefer,DBGT,8,0,0,0,0,0,0.852,31.4
TUTU4606368,Export,Sugar,Dry,PSA_SICAL,9,4,0,1,0,1,0.728,86.5
TUTU4687206,Export,Textiles,Dry,PSA_SICAL,3,5,1,0,0,0,0.92,63.6
TUTU5762560,Export,Seafood,Reefer,DBGT,11,4,0,0,1,0,0.727,23.2
TUTU2058937,Export,Sugar,Dry,DBGT,6,6,1,0,0,0,0.83,45.0
TUTU3936981,Import,Coal,Dry,DBGT,9,2,0,0,0,0,0.819,83.8
TUTU9391616,Export,Sugar,Dry,PSA_SICAL,12,0,0,1,1,0,0.841,84.0
TUTU8736123,Export,Seafood,Reefer,DBGT,2,2,0,0,0,0,0.758,20.6
TUTU1140863,Import,EdibleOil,LiquidBulk,PSA_SICAL,11,6,1,0,1,0,0.793,94.9
TUTU6906042,Import,Machinery,ODC,PSA_SICAL,10,0,0,0,1,1,0.874,145.5
TUTU3569464,Import,Coal,Dry,PSA_SICAL,8,3,0,0,0,0,0.904,88.2
TUTU4981782,Export,Salt,Dry,PSA_SICAL,10,6,1,0,1,1,0.804,97.2
TUTU3015970,Import,Machinery,ODC,DBGT,2,2,0,0,0,0,0.79,68.9
TUTU8511876,Export,Electronics,Dry,PSA_SICAL,4,6,1,0,0,0,0.856,49.7
TUTU5003634,Export,Seafood,Reefer,PSA_SICAL,10,1,0,0,1,0,0.87,39.6
TUTU1537288,Import,EdibleOil,LiquidBulk,PSA_SICAL,12,4,0,0,1,0,0.818,98.0
TUTU8591513,Import,Machinery,ODC,DBGT,1,0,0,0,0,1,0.898,120.4
TUTU2558650,Import,Coal,Dry,PSA_SICAL,12,0,0,0,1,0,0.756,92.1
TUTU7997151,Export,Sugar,Dry,DBGT,5,1,0,0,0,0,0.879,53.7
TUTU5101672,Export,Electronics,Dry,DBGT,1,6,1,0,0,1,0.809,69.9
TUTU5451971,Import,EdibleOil,LiquidBulk,PSA_SICAL,3,1,0,0,0,0,0.813,84.0
TUTU5960194,Import,Coal,Dry,DBGT,11,2,0,0,1,0,0.806,86.2
TUTU7488029,Import,Timber,Dry,DBGT,2,3,0,0,0,0,0.799,67.0
TUTU5573200,Export,Granite,Dry,PSA_SICAL,5,5,1,0,0,0,0.845,56.7
TUTU5003385,Export,Electronics,Dry,DBGT,11,6,1,0,1,0,0.735,59.1
TUTU6988313,Export,Machinery,ODC,PSA_SICAL,3,5,1,0,0,0,0.874,65.7
TUTU4969001,Export,Seafood,Reefer,PSA_SICAL,1,3,0,0,0,0,0.71,22.3
TUTU1055726,Export,Granite,Dry,PSA_SICAL,8,6,1,0,0,0,0.79,42.8
TUTU5705591,Import,EdibleOil,LiquidBulk,DBGT,4,3,0,0,0,0,0.751,72.5
TUTU9422083,Import,Coal,Dry,DBGT,4,1,0,0,0,0,0.874,86.3
TUTU5650854,Export,Seafood,Reefer,DBGT,3,5,1,0,0,1,0.794,46.6
TUTU9615551,Import,Electronics,Dry,DBGT,1,5,1,0,0,0,0.772,66.2
TUTU4862582,Import,Coal,Dry,DBGT,6,0,0,0,0,1,0.831,101.4
TUTU8308983,Export,Seafood,Reefer,PSA_SICAL,11,2,0,0,1,0,0.825,30.8
TUTU5130020,Export,Salt,Dry,PSA_SICAL,4,5,1,0,0,0,0.851,52.0
TUTU6833959,Import,EdibleOil,LiquidBulk,PSA_SICAL,1,3,0,0,0,0,0.949,98.5
TUTU1137609,Import,Seafood,Reefer,PSA_SICAL,7,0,0,0,0,0,0.883,59.0
TUTU4133317,Export,Granite,Dry,DBGT,7,6,1,0,0,0,0.789,44.0
TUTU4188613,Export,Machinery,ODC,DBGT,6,0,0,0,0,1,0.8,80.2
TUTU2346324,Export,Salt,Dry,DBGT,1,2,0,1,0,0,0.828,64.7
TUTU4355822,Import,Coal,Dry,PSA_SICAL,6,2,0,0,0,0,0.868,84.3
TUTU2917967,Import,Seafood,Reefer,PSA_SICAL,3,5,1,0,0,0,0.857,58.9
TUTU1512595,Export,Granite,Dry,PSA_SICAL,9,4,0,0,0,0,0.858,49.0
TUTU9113616,Export,Granite,Dry,DBGT,1,5,1,0,0,0,0.789,45.3
TUTU7644234,Export,Seafood,Reefer,DBGT,11,2,0,0,1,0,0.816,25.0
TUTU6984754,Import,EdibleOil,LiquidBulk,DBGT,7,3,0,0,0,0,0.871,88.6
TUTU1308069,Export,Salt,Dry,PSA_SICAL,10,0,0,0,1,0,0.837,52.1
TUTU4167127,Import,Seafood,Reefer,DBGT,6,4,0,0,0,0,0.757,41.9
TUTU6693155,Export,Seafood,Reefer,DBGT,9,3,0,0,0,0,0.876,33.2
TUTU9098490,Import,EdibleOil,LiquidBulk,PSA_SICAL,10,2,0,0,1,1,0.828,132.6
TUTU2780530,Import,EdibleOil,LiquidBulk,PSA_SICAL,5,3,0,0,0,0,0.849,80.5
TUTU3280774,Import,EdibleOil,LiquidBulk,PSA_SICAL,8,1,0,0,0,0,0.792,71.0
TUTU8359782,Export,Sugar,Dry,PSA_SICAL,5,6,1,0,0,0,0.777,49.6
TUTU4305326,Import,Seafood,Reefer,DBGT,6,2,0,0,0,0,0.798,42.5
TUTU4172536,Export,Textiles,Dry,DBGT,1,3,0,0,0,0,0.806,47.7
TUTU3884026,Export,Electronics,Dry,DBGT,4,5,1,0,0,0,0.853,48.0
TUTU8228864,Export,Salt,Dry,DBGT,2,4,0,0,0,0,0.774,32.3
TUTU1417719,Export,Granite,Dry,PSA_SICAL,6,2,0,0,0,0,0.909,63.4
TUTU9914708,Import,Chemicals,Hazardous,PSA_SICAL,3,3,0,0,0,0,0.892,97.0
TUTU2240735,Import,Coal,Dry,PSA_SICAL,12,3,0,0,1,1,0.847,141.3
TUTU6140954,Export,Seafood,Reefer,DBGT,2,4,0,0,0,0,0.822,27.0
TUTU8675594,Import,Coal,Dry,PSA_SICAL,4,6,1,0,0,1,0.784,105.7
TUTU5302044,Import,Timber,Dry,PSA_SICAL,9,3,0,0,0,0,0.848,79.3
TUTU9206947,Export,Seafood,Reefer,PSA_SICAL,2,5,1,0,0,0,0.884,36.0
TUTU1428301,Export,Textiles,Dry,DBGT,12,5,1,0,1,0,0.758,51.1
TUTU6404942,Export,Seafood,Reefer,DBGT,11,3,0,0,1,0,0.861,35.8
TUTU7946728,Export,Salt,Dry,DBGT,10,6,1,0,1,1,0.763,102.4
TUTU2494148,Export,Granite,Dry,DBGT,8,6,1,0,0,0,0.764,51.3
TUTU9276084,Export,Seafood,Reefer,DBGT,5,4,0,0,0,0,0.874,36.3
TUTU5179773,Export,Textiles,Dry,PSA_SICAL,7,2,0,0,0,0,0.909,55.8
TUTU2810448,Export,Sugar,Dry,PSA_SICAL,9,3,0,0,0,1,0.743,66.0
TUTU3272529,Import,Coal,Dry,PSA_SICAL,1,5,1,0,0,0,0.888,92.4
TUTU8923757,Export,Textiles,Dry,DBGT,6,1,0,0,0,1,0.924,92.4
TUTU8561327,Export,Granite,Dry,DBGT,10,5,1,0,1,0,0.863,67.7
TUTU4887222,Export,Granite,Dry,PSA_SICAL,7,2,0,0,0,0,0.823,45.9
TUTU1882286,Import,Chemicals,Hazardous,DBGT,12,3,0,0,1,0,0.752,97.9
TUTU9309587,Import,Chemicals,Hazardous,PSA_SICAL,7,3,0,0,0,0,0.845,86.1
TUTU7438934,Import,EdibleOil,LiquidBulk,PSA_SICAL,9,2,0,0,0,0,0.794,72.5
TUTU7405300,Import,Electronics,Dry,PSA_SICAL,12,3,0,0,1,0,0.848,91.7
TUTU2316091,Export,Seafood,Reefer,DBGT,3,6,1,0,0,0,0.825,27.8
TUTU8472545,Export,Seafood,Reefer,PSA_SICAL,4,3,0,0,0,0,0.705,19.8
TUTU6029232,Import,Chemicals,Hazardous,PSA_SICAL,5,6,1,0,0,0,0.922,108.0
TUTU1683249,Import,Machinery,ODC,PSA_SICAL,5,4,0,0,0,1,0.836,109.1
TUTU4587752,Export,Granite,Dry,PSA_SICAL,12,2,0,0,1,1,0.835,99.1
TUTU6388775,Export,Granite,Dry,DBGT,11,6,1,1,1,0,0.85,100.1
TUTU9463695,Import,Electronics,Dry,DBGT,8,6,1,0,0,0,0.818,78.9
TUTU7144776,Import,Coal,Dry,PSA_SICAL,1,4,0,0,0,0,0.816,84.7
TUTU6297461,Export,Seafood,Reefer,DBGT,12,2,0,0,1,0,0.856,41.5
TUTU1423685,Export,Textiles,Dry,PSA_SICAL,12,0,0,0,1,0,0.891,67.5
TUTU4195532,Export,Sugar,Dry,DBGT,6,2,0,0,0,1,0.871,87.0
TUTU1468331,Export,Granite,Dry,DBGT,1,2,0,0,0,0,0.87,58.4
TUTU4885875,Export,Salt,Dry,DBGT,6,3,0,0,0,0,0.854,40.8
TUTU2998217,Export,Seafood,Reefer,DBGT,3,5,1,0,0,0,0.833,28.6
TUTU8297885,Export,Seafood,Reefer,DBGT,10,0,0,0,1,0,0.868,36.3
TUTU9645158,Export,Machinery,ODC,DBGT,3,5,1,0,0,1,0.773,86.9
TUTU8794685,Import,Electronics,Dry,DBGT,5,0,0,0,0,1,0.747,88.6
TUTU8109487,Import,Machinery,ODC,PSA_SICAL,5,2,0,1,0,0,0.811,94.1
TUTU5173985,Import,EdibleOil,LiquidBulk,PSA_SICAL,3,1,0,0,0,0,0.753,69.2
TUTU9140958,Import,Chemicals,Hazardous,DBGT,10,2,0,0,1,0,0.826,103.3
TUTU5937066,Import,Chemicals,Hazardous,PSA_SICAL,3,2,0,0,0,0,0.851,93.2
TUTU7401171,Export,Granite,Dry,DBGT,7,6,1,0,0,0,0.707,53.9
TUTU3718479,Import,Machinery,ODC,DBGT,9,0,0,0,0,0,0.836,77.4
TUTU7220320,Export,Granite,Dry,PSA_SICAL,3,3,0,1,0,0,0.764,66.8
TUTU7614964,Export,Seafood,Reefer,PSA_SICAL,7,1,0,0,0,0,0.871,34.8
TUTU5965525,Import,Electronics,Dry,PSA_SICAL,3,6,1,0,0,0,0.818,63.7
TUTU8193463,Export,Textiles,Dry,PSA_SICAL,7,0,0,0,0,0,0.899,56.5
TUTU2388302,Export,Machinery,ODC,DBGT,12,1,0,0,1,0,0.825,65.1
TUTU8296940,Export,Seafood,Reefer,PSA_SICAL,7,0,0,0,0,0,0.803,19.8
TUTU2758918,Export,Seafood,Reefer,DBGT,11,2,0,0,1,0,0.94,45.3
TUTU2677568,Export,Salt,Dry,PSA_SICAL,5,4,0,0,0,1,0.799,78.3
TUTU9415552,Export,Seafood,Reefer,PSA_SICAL,6,4,0,0,0,1,0.872,62.5
TUTU4422987,Import,Machinery,ODC,PSA_SICAL,5,5,1,0,0,0,0.929,104.5
TUTU9296175,Export,Granite,Dry,PSA_SICAL,3,6,1,0,0,1,0.847,84.2
TUTU8604813,Import,Machinery,ODC,DBGT,11,3,0,0,1,0,0.874,106.0
TUTU2183306,Export,Sugar,Dry,PSA_SICAL,8,1,0,0,0,0,0.825,36.8
TUTU5438391,Import,Chemicals,Hazardous,PSA_SICAL,11,6,1,0,1,0,0.922,127.4
TUTU6648248,Import,Electronics,Dry,DBGT,4,0,0,0,0,1,0.818,90.4
TUTU6706304,Import,EdibleOil,LiquidBulk,PSA_SICAL,11,1,0,0,1,0,0.792,103.3
TUTU2093496,Export,Salt,Dry,DBGT,5,6,1,0,0,0,0.819,45.9
TUTU1208194,Export,Seafood,Reefer,PSA_SICAL,2,3,0,0,0,1,0.831,51.5
TUTU4774969,Import,Coal,Dry,DBGT,1,2,0,0,0,0,0.859,80.2
TUTU6516360,Export,Salt,Dry,PSA_SICAL,8,0,0,0,0,1,0.755,63.9
TUTU2570275,Export,Seafood,Reefer,DBGT,4,4,0,0,0,0,0.82,21.2
TUTU9738795,Import,Chemicals,Hazardous,PSA_SICAL,3,0,0,0,0,0,0.861,88.8
TUTU1164108,Export,Seafood,Reefer,DBGT,3,0,0,0,0,0,0.745,24.3
TUTU5315173,Export,Machinery,ODC,PSA_SICAL,3,3,0,0,0,0,0.847,58.3
TUTU5916018,Export,Salt,Dry,PSA_SICAL,3,2,0,0,0,0,0.86,53.2
TUTU6440730,Import,Chemicals,Hazardous,PSA_SICAL,11,3,0,0,1,0,0.868,130.9
TUTU4904171,Export,Salt,Dry,DBGT,3,0,0,0,0,0,0.895,52.8
TUTU1213585,Export,Granite,Dry,DBGT,6,3,0,0,0,0,0.747,39.5
TUTU4243848,Export,Granite,Dry,PSA_SICAL,1,2,0,0,0,0,0.876,57.9
TUTU3955631,Import,Timber,Dry,DBGT,8,4,0,1,0,0,0.908,117.9
TUTU5676203,Import,EdibleOil,LiquidBulk,DBGT,1,1,0,0,0,0,0.91,93.7
TUTU4198631,Import,Coal,Dry,PSA_SICAL,6,1,0,0,0,0,0.773,74.2
TUTU5190124,Export,Salt,Dry,PSA_SICAL,2,3,0,0,0,0,0.83,46.8
TUTU6398247,Import,Seafood,Reefer,PSA_SICAL,8,5,1,0,0,0,0.758,42.7
TUTU9637582,Import,Electronics,Dry,PSA_SICAL,4,0,0,0,0,0,0.732,57.8
TUTU4492858,Export,Seafood,Reefer,PSA_SICAL,4,0,0,0,0,0,0.887,35.6
TUTU7129293,Export,Machinery,ODC,PSA_SICAL,10,3,0,0,1,0,0.793,59.4
TUTU5308944,Import,Machinery,ODC,PSA_SICAL,7,4,0,0,0,0,0.929,93.4
TUTU6970692,Import,Electronics,Dry,PSA_SICAL,11,0,0,0,1,0,0.699,73.8
TUTU7277457,Export,Granite,Dry,PSA_SICAL,5,6,1,0,0,0,0.833,44.2
TUTU8807053,Export,Seafood,Reefer,DBGT,1,0,0,0,0,0,0.788,16.1
TUTU2689825,Export,Textiles,Dry,PSA_SICAL,7,5,1,0,0,0,0.833,47.7
TUTU6253992,Import,Chemicals,Hazardous,DBGT,7,0,0,0,0,0,0.821,82.4
TUTU9524354,Export,Granite,Dry,DBGT,12,6,1,0,1,0,0.875,67.6
TUTU2463195,Export,Sugar,Dry,PSA_SICAL,11,3,0,0,1,0,0.881,62.3
TUTU8118583,Import,EdibleOil,LiquidBulk,DBGT,6,4,0,0,0,0,0.758,77.5
TUTU6394647,Import,Machinery,ODC,PSA_SICAL,1,5,1,0,0,0,0.87,93.1
TUTU3477135,Export,Salt,Dry,DBGT,4,0,0,1,0,0,0.849,71.9
TUTU2785786,Import,Chemicals,Hazardous,DBGT,3,2,0,0,0,0,0.824,77.8
TUTU3789634,Import,Coal,Dry,PSA_SICAL,6,6,1,0,0,0,0.771,79.8
TUTU1335542,Import,Chemicals,Hazardous,PSA_SICAL,1,6,1,0,0,0,0.921,109.5
TUTU3043413,Export,Electronics,Dry,PSA_SICAL,8,4,0,0,0,0,0.794,36.3
TUTU3008202,Import,Machinery,ODC,PSA_SICAL,5,4,0,0,0,1,0.878,119.8
TUTU3058864,Export,Seafood,Reefer,PSA_SICAL,9,4,0,0,0,0,0.813,17.5
TUTU2841784,Export,Textiles,Dry,PSA_SICAL,5,5,1,0,0,1,0.871,90.1
TUTU6640552,Import,Electronics,Dry,PSA_SICAL,5,0,0,0,0,0,0.773,55.5
TUTU8189686,Import,Electronics,Dry,DBGT,3,3,0,0,0,0,0.911,78.4
TUTU3235507,Import,Timber,Dry,DBGT,5,1,0,0,0,0,0.813,65.5
TUTU9393769,Export,Seafood,Reefer,PSA_SICAL,3,5,1,0,0,1,0.721,56.8
TUTU2678380,Export,Seafood,Reefer,PSA_SICAL,10,6,1,0,1,0,0.791,33.0
TUTU8328384,Export,Textiles,Dry,PSA_SICAL,3,5,1,0,0,0,0.779,41.0
TUTU4396377,Import,Machinery,ODC,DBGT,5,2,0,0,0,0,0.753,80.7
TUTU3888208,Export,Textiles,Dry,PSA_SICAL,4,4,0,0,0,0,0.853,53.7
TUTU7617759,Export,Seafood,Reefer,PSA_SICAL,1,1,0,0,0,0,0.808,19.1
TUTU8486371,Import,Chemicals,Hazardous,PSA_SICAL,8,5,1,0,0,0,0.788,81.2
TUTU8806080,Export,Sugar,Dry,DBGT,2,4,0,0,0,0,0.784,35.3
TUTU9792975,Import,Coal,Dry,DBGT,3,1,0,0,0,0,0.805,72.8
TUTU5606205,Export,Salt,Dry,PSA_SICAL,7,1,0,0,0,0,0.802,37.4
TUTU5662674,Export,Textiles,Dry,PSA_SICAL,6,4,0,1,0,0,0.78,60.5
TUTU4502601,Export,Granite,Dry,DBGT,8,2,0,0,0,0,0.842,53.4
TUTU6577172,Export,Granite,Dry,PSA_SICAL,7,2,0,0,0,0,0.762,40.2
TUTU9990209,Export,Salt,Dry,PSA_SICAL,7,1,0,0,0,0,0.753,34.8
TUTU3049408,Export,Granite,Dry,PSA_SICAL,10,0,0,0,1,1,0.81,91.0
TUTU2585856,Import,EdibleOil,LiquidBulk,PSA_SICAL,2,5,1,0,0,0,0.847,83.6
TUTU7609877,Export,Sugar,Dry,PSA_SICAL,10,6,1,0,1,0,0.855,62.2
TUTU5435105,Export,Seafood,Reefer,PSA_SICAL,3,4,0,0,0,0,0.691,19.4
TUTU7188478,Import,Chemicals,Hazardous,PSA_SICAL,8,6,1,0,0,0,0.839,89.6
TUTU1434600,Import,Seafood,Reefer,PSA_SICAL,3,5,1,0,0,0,0.811,52.7
TUTU5018079,Import,Timber,Dry,PSA_SICAL,2,4,0,0,0,0,0.842,69.8
TUTU6694899,Export,Seafood,Reefer,DBGT,2,5,1,0,0,0,0.84,38.2
TUTU6193784,Export,Seafood,Reefer,DBGT,6,4,0,0,0,0,0.83,26.8
TUTU5164067,Import,Electronics,Dry,DBGT,10,3,0,0,1,0,0.856,80.4
TUTU2096922,Export,Textiles,Dry,DBGT,1,2,0,0,0,0,0.817,42.2
TUTU4135709,Import,EdibleOil,LiquidBulk,DBGT,3,6,1,0,0,0,0.925,96.4
TUTU2518448,Import,Machinery,ODC,PSA_SICAL,8,5,1,0,0,0,0.898,92.3
TUTU1985569,Import,Chemicals,Hazardous,PSA_SICAL,1,5,1,0,0,0,0.877,99.7
TUTU4922846,Export,Seafood,Reefer,PSA_SICAL,7,2,0,0,0,0,0.787,18.5
TUTU7047330,Import,Machinery,ODC,PSA_SICAL,2,6,1,0,0,0,0.887,96.7
TUTU1930975,Export,Granite,Dry,PSA_SICAL,1,2,0,0,0,0,0.78,45.8
TUTU2269077,Export,Seafood,Reefer,DBGT,6,0,0,0,0,0,0.907,46.2
TUTU1391080,Export,Salt,Dry,PSA_SICAL,5,1,0,0,0,0,0.883,52.5
TUTU6241910,Import,Timber,Dry,DBGT,1,2,0,0,0,0,0.835,81.3
TUTU7190196,Export,Textiles,Dry,DBGT,1,2,0,0,0,0,0.783,46.5
TUTU3472123,Import,Coal,Dry,DBGT,5,6,1,0,0,0,0.784,82.1
TUTU1279497,Import,Coal,Dry,PSA_SICAL,6,3,0,0,0,0,0.76,69.0
TUTU5284056,Import,Electronics,Dry,DBGT,10,0,0,0,1,0,0.798,78.9
TUTU8661177,Import,Seafood,Reefer,DBGT,11,5,1,0,1,1,0.715,102.0
TUTU6408986,Export,Seafood,Reefer,DBGT,12,4,0,0,1,0,0.874,40.8
TUTU3271474,Import,Chemicals,Hazardous,DBGT,3,0,0,0,0,0,0.876,90.0
TUTU4184957,Import,Chemicals,Hazardous,PSA_SICAL,10,1,0,0,1,0,0.804,96.7
TUTU9737874,Export,Sugar,Dry,DBGT,2,0,0,0,0,0,0.817,37.8
TUTU3984501,Export,Sugar,Dry,PSA_SICAL,6,0,0,0,0,0,0.909,58.2
TUTU9391739,Export,Granite,Dry,PSA_SICAL,4,1,0,0,0,0,0.772,39.7
TUTU7529408,Export,Machinery,ODC,PSA_SICAL,11,4,0,0,1,0,0.831,69.3
TUTU5925270,Export,Seafood,Reefer,DBGT,10,6,1,0,1,0,0.803,32.0
TUTU4723889,Export,Seafood,Reefer,PSA_SICAL,1,4,0,0,0,0,0.862,38.2
TUTU8882591,Import,Timber,Dry,PSA_SICAL,1,2,0,0,0,0,0.761,66.2
TUTU6017336,Export,Textiles,Dry,PSA_SICAL,9,0,0,0,0,0,0.857,50.4
TUTU7272144,Import,Electronics,Dry,PSA_SICAL,3,2,0,0,0,0,0.754,66.4
TUTU6464654,Export,Seafood,Reefer,PSA_SICAL,3,1,0,0,0,0,0.828,25.3
TUTU8132110,Import,Timber,Dry,DBGT,7,2,0,0,0,0,0.873,80.0
TUTU7244035,Import,EdibleOil,LiquidBulk,PSA_SICAL,8,1,0,0,0,1,0.888,116.6
TUTU9260629,Import,Machinery,ODC,PSA_SICAL,9,2,0,0,0,0,0.882,93.9
TUTU1745400,Export,Sugar,Dry,PSA_SICAL,8,6,1,0,0,0,0.883,64.4
TUTU9999324,Export,Granite,Dry,PSA_SICAL,12,1,0,0,1,0,0.734,48.4
TUTU7393889,Import,Electronics,Dry,DBGT,9,2,0,0,0,0,0.84,71.4
TUTU9631490,Export,Seafood,Reefer,PSA_SICAL,10,1,0,0,1,1,0.944,90.5
TUTU6944308,Import,Chemicals,Hazardous,DBGT,7,2,0,0,0,0,0.976,116.5
TUTU6889168,Import,EdibleOil,LiquidBulk,PSA_SICAL,1,6,1,0,0,1,0.798,101.0
TUTU8232636,Import,Coal,Dry,PSA_SICAL,6,1,0,0,0,1,0.973,147.1
TUTU3583021,Export,Sugar,Dry,PSA_SICAL,12,5,1,0,1,0,0.785,53.7
TUTU7401908,Import,Timber,Dry,PSA_SICAL,11,2,0,1,1,0,0.806,111.4
TUTU4180885,Export,Electronics,Dry,PSA_SICAL,3,4,0,0,0,0,0.864,45.5
TUTU5806665,Export,Sugar,Dry,PSA_SICAL,9,3,0,0,0,1,0.814,68.6
TUTU6083170,Import,Machinery,ODC,DBGT,12,3,0,0,1,0,0.747,92.3
TUTU9918726,Export,Sugar,Dry,PSA_SICAL,11,3,0,0,1,0,0.79,45.6
TUTU5730920,Export,Seafood,Reefer,DBGT,6,0,0,0,0,1,0.789,51.0
TUTU7191950,Export,Granite,Dry,PSA_SICAL,12,4,0,0,1,0,0.832,52.4
TUTU6115166,Import,Coal,Dry,PSA_SICAL,3,5,1,0,0,1,0.871,119.9
TUTU1969041,Export,Electronics,Dry,PSA_SICAL,11,1,0,0,1,1,0.849,96.2
TUTU4879611,Import,Coal,Dry,PSA_SICAL,5,5,1,0,0,0,0.825,75.6
TUTU4245674,Export,Granite,Dry,PSA_SICAL,1,3,0,0,0,0,0.828,44.6
TUTU2654078,Import,Timber,Dry,DBGT,1,5,1,0,0,0,0.825,73.0
TUTU8585039,Import,Machinery,ODC,PSA_SICAL,7,4,0,0,0,0,0.799,72.3
TUTU1486879,Import,Chemicals,Hazardous,DBGT,12,0,0,0,1,0,0.891,113.1
TUTU3210131,Import,Timber,Dry,PSA_SICAL,5,5,1,0,0,0,0.855,91.7
TUTU1091634,Import,Timber,Dry,PSA_SICAL,11,0,0,0,1,1,0.846,132.5
TUTU2341083,Import,Electronics,Dry,DBGT,5,4,0,0,0,0,0.815,70.8
TUTU3258631,Export,Seafood,Reefer,PSA_SICAL,11,4,0,0,1,0,0.79,23.4
TUTU1011965,Import,Electronics,Dry,PSA_SICAL,5,6,1,0,0,0,0.823,71.0
TUTU4160258,Export,Seafood,Reefer,PSA_SICAL,12,5,1,0,1,0,0.756,32.5
TUTU3975483,Export,Granite,Dry,PSA_SICAL,7,2,0,0,0,0,0.875,50.2
TUTU5015948,Export,Granite,Dry,DBGT,6,3,0,0,0,0,0.809,47.3
TUTU4085234,Export,Salt,Dry,PSA_SICAL,4,3,0,0,0,0,0.729,35.0
TUTU7460817,Export,Textiles,Dry,DBGT,10,0,0,0,1,0,0.767,47.4
TUTU1753461,Import,Seafood,Reefer,PSA_SICAL,5,3,0,0,0,0,0.794,42.3
TUTU1801474,Export,Seafood,Reefer,PSA_SICAL,9,6,1,0,0,0,0.839,36.8
TUTU7210861,Export,Seafood,Reefer,PSA_SICAL,6,6,1,0,0,0,0.765,27.2
TUTU2196937,Export,Granite,Dry,PSA_SICAL,10,2,0,0,1,0,0.738,73.0
TUTU4864922,Import,Seafood,Reefer,DBGT,7,5,1,0,0,0,0.846,61.1
TUTU6883347,Export,Seafood,Reefer,PSA_SICAL,6,0,0,0,0,0,0.738,23.5
TUTU3350756,Export,Salt,Dry,DBGT,2,5,1,0,0,1,0.761,65.7
TUTU3347493,Export,Salt,Dry,PSA_SICAL,12,1,0,0,1,1,0.878,95.6
TUTU5572531,Import,EdibleOil,LiquidBulk,PSA_SICAL,6,2,0,0,0,0,0.775,71.4
TUTU9503988,Export,Machinery,ODC,DBGT,3,4,0,0,0,0,0.822,53.1
TUTU3726352,Import,Timber,Dry,PSA_SICAL,6,4,0,0,0,0,0.849,74.2
TUTU6872317,Import,Coal,Dry,PSA_SICAL,7,0,0,0,0,0,0.848,76.4
TUTU5240447,Export,Machinery,ODC,DBGT,3,0,0,0,0,1,0.847,92.6
TUTU1031077,Export,Salt,Dry,DBGT,5,6,1,0,0,0,0.787,43.1
TUTU9075042,Import,Electronics,Dry,PSA_SICAL,2,5,1,0,0,0,0.902,87.4
TUTU4838335,Import,Coal,Dry,PSA_SICAL,7,4,0,0,0,0,0.747,72.2
TUTU4535084,Import,Coal,Dry,DBGT,6,1,0,0,0,0,0.915,89.7
TUTU9879491,Import,Electronics,Dry,DBGT,8,2,0,0,0,0,0.923,81.0
TUTU3090872,Export,Seafood,Reefer,DBGT,5,3,0,0,0,0,0.838,28.0
TUTU1310762,Export,Electronics,Dry,PSA_SICAL,10,5,1,0,1,1,0.866,106.1
TUTU4320247,Import,Chemicals,Hazardous,DBGT,10,2,0,0,1,0,0.8,109.5
TUTU8716842,Import,Chemicals,Hazardous,PSA_SICAL,9,6,1,0,0,0,0.889,97.8
TUTU8387638,Export,Sugar,Dry,PSA_SICAL,5,3,0,0,0,0,0.807,38.7
TUTU3470181,Import,Machinery,ODC,PSA_SICAL,7,0,0,0,0,0,0.889,88.1
TUTU2783481,Export,Salt,Dry,DBGT,9,4,0,0,0,0,0.807,34.7
TUTU9727121,Import,Coal,Dry,PSA_SICAL,5,3,0,0,0,1,0.787,99.2
TUTU5096252,Import,Timber,Dry,PSA_SICAL,8,1,0,0,0,0,0.836,75.9
TUTU2089236,Export,Granite,Dry,PSA_SICAL,3,6,1,0,0,0,0.831,55.3
TUTU7911657,Import,Chemicals,Hazardous,PSA_SICAL,3,2,0,0,0,1,0.864,119.2
TUTU3973278,Import,Coal,Dry,PSA_SICAL,8,3,0,0,0,0,0.822,74.0
TUTU8878343,Export,Machinery,ODC,PSA_SICAL,5,4,0,1,0,0,0.82,77.2
TUTU9868103,Export,Seafood,Reefer,PSA_SICAL,7,2,0,0,0,0,0.94,45.1
TUTU8314337,Import,Coal,Dry,PSA_SICAL,2,6,1,0,0,0,0.895,85.7
TUTU6351905,Export,Granite,Dry,PSA_SICAL,10,5,1,0,1,0,0.842,68.0
TUTU1329134,Export,Granite,Dry,PSA_SICAL,9,1,0,0,0,1,0.856,83.5
TUTU7242474,Export,Granite,Dry,PSA_SICAL,1,4,0,0,0,0,0.771,50.2
TUTU9612026,Export,Seafood,Reefer,PSA_SICAL,2,3,0,0,0,0,0.737,20.1
TUTU1206915,Import,EdibleOil,LiquidBulk,PSA_SICAL,2,0,0,0,0,0,0.871,84.7
TUTU9066078,Export,Textiles,Dry,PSA_SICAL,9,4,0,0,0,0,0.797,39.2
TUTU1402259,Export,Machinery,ODC,PSA_SICAL,2,1,0,0,0,0,0.794,51.6
TUTU4799926,Import,Chemicals,Hazardous,PSA_SICAL,10,2,0,0,1,0,0.833,110.1
TUTU2940178,Export,Electronics,Dry,PSA_SICAL,4,2,0,0,0,0,0.853,54.5
TUTU2811192,Import,Chemicals,Hazardous,PSA_SICAL,10,1,0,0,1,0,0.753,101.2
TUTU3408323,Export,Seafood,Reefer,PSA_SICAL,9,3,0,0,0,0,0.815,22.2
TUTU4764651,Export,Seafood,Reefer,DBGT,11,1,0,0,1,0,0.897,41.0
TUTU7211280,Export,Sugar,Dry,DBGT,8,4,0,0,0,0,0.827,41.4
TUTU5162396,Export,Textiles,Dry,DBGT,1,0,0,0,0,0,0.831,45.4
TUTU9707585,Export,Granite,Dry,DBGT,8,4,0,0,0,0,0.824,50.9
TUTU9329171,Import,Machinery,ODC,DBGT,1,4,0,0,0,0,0.817,77.5
TUTU4789894,Import,Timber,Dry,DBGT,3,1,0,0,0,0,0.875,79.6
TUTU5150065,Import,Electronics,Dry,PSA_SICAL,7,4,0,0,0,0,0.785,67.5
TUTU2859353,Export,Machinery,ODC,DBGT,7,1,0,0,0,0,0.741,56.9
TUTU6600072,Import,EdibleOil,LiquidBulk,PSA_SICAL,9,2,0,0,0,1,0.839,109.2
TUTU9172299,Export,Sugar,Dry,DBGT,3,1,0,1,0,1,0.767,88.6
TUTU1736125,Import,Timber,Dry,DBGT,2,3,0,1,0,0,0.816,86.4
TUTU7165866,Import,EdibleOil,LiquidBulk,PSA_SICAL,9,3,0,0,0,1,0.915,123.5
TUTU4462905,Export,Granite,Dry,PSA_SICAL,9,2,0,0,0,0,0.793,45.5
TUTU6539974,Import,Electronics,Dry,PSA_SICAL,8,5,1,0,0,1,0.823,95.6
TUTU2214437,Import,Coal,Dry,PSA_SICAL,5,4,0,0,0,0,0.803,69.9
TUTU6552870,Export,Seafood,Reefer,PSA_SICAL,10,1,0,0,1,1,0.871,74.3
TUTU6415747,Import,Coal,Dry,PSA_SICAL,1,3,0,0,0,0,0.837,73.7
TUTU4078766,Import,Machinery,ODC,PSA_SICAL,8,5,1,0,0,1,0.794,110.1
TUTU3785877,Import,Electronics,Dry,PSA_SICAL,10,4,0,0,1,0,0.706,73.6
TUTU4454600,Import,Seafood,Reefer,PSA_SICAL,7,3,0,0,0,0,0.802,44.7
TUTU9643039,Export,Textiles,Dry,DBGT,5,3,0,0,0,0,0.883,60.3
TUTU4128174,Import,Timber,Dry,DBGT,1,5,1,0,0,0,0.892,88.7
TUTU6252022,Export,Electronics,Dry,PSA_SICAL,7,3,0,0,0,0,0.739,38.5
TUTU3349343,Import,Electronics,Dry,PSA_SICAL,4,4,0,0,0,1,0.809,100.6
TUTU5131273,Import,Chemicals,Hazardous,PSA_SICAL,11,5,1,0,1,0,0.893,115.8
TUTU5276772,Export,Salt,Dry,PSA_SICAL,6,6,1,0,0,0,0.766,34.6
TUTU1254988,Import,Coal,Dry,PSA_SICAL,3,1,0,0,0,0,0.844,79.5
TUTU7452364,Import,Timber,Dry,PSA_SICAL,9,3,0,0,0,0,0.727,69.3
TUTU7418573,Export,Seafood,Reefer,PSA_SICAL,10,5,1,0,1,0,0.775,44.8
TUTU2941482,Import,Timber,Dry,DBGT,7,5,1,0,0,0,0.814,78.5
TUTU7573949,Export,Salt,Dry,PSA_SICAL,2,6,1,0,0,0,0.84,43.7
TUTU9931050,Import,Coal,Dry,DBGT,12,0,0,0,1,1,0.871,138.2
TUTU2453605,Export,Seafood,Reefer,DBGT,6,5,1,0,0,0,0.882,43.4
TUTU1542798,Import,Machinery,ODC,PSA_SICAL,12,1,0,0,1,0,0.881,106.3
TUTU9572996,Export,Seafood,Reefer,PSA_SICAL,11,4,0,0,1,0,0.788,22.1
TUTU8450540,Import,Seafood,Reefer,PSA_SICAL,10,1,0,0,1,1,0.794,89.4
TUTU1212209,Export,Salt,Dry,PSA_SICAL,10,6,1,1,1,1,0.744,120.5
TUTU2932243,Export,Sugar,Dry,DBGT,8,2,0,0,0,1,0.82,68.4
TUTU5349089,Export,Textiles,Dry,PSA_SICAL,1,6,1,0,0,0,0.697,42.0
TUTU9264930,Import,Coal,Dry,PSA_SICAL,5,2,0,0,0,0,0.813,72.3
TUTU9511348,Import,Chemicals,Hazardous,PSA_SICAL,3,6,1,0,0,0,0.818,78.9
TUTU7335981,Export,Salt,Dry,PSA_SICAL,2,2,0,0,0,0,0.844,44.5
TUTU1394690,Export,Machinery,ODC,DBGT,6,0,0,0,0,0,0.819,57.5
TUTU8382432,Export,Granite,Dry,DBGT,10,5,1,0,1,0,0.827,63.4
TUTU3191106,Export,Seafood,Reefer,PSA_SICAL,9,2,0,0,0,1,0.807,53.2
TUTU5662165,Export,Granite,Dry,DBGT,9,1,0,0,0,0,0.825,47.2
TUTU1767388,Export,Machinery,ODC,PSA_SICAL,1,5,1,0,0,0,0.863,65.9
TUTU9061956,Import,Coal,Dry,PSA_SICAL,2,2,0,0,0,0,0.82,79.2
TUTU4652753,Export,Sugar,Dry,PSA_SICAL,5,2,0,0,0,0,0.839,45.2
TUTU9678247,Export,Seafood,Reefer,DBGT,12,6,1,0,1,0,0.779,31.2
TUTU1814294,Import,Electronics,Dry,DBGT,1,1,0,0,0,0,0.807,67.5
TUTU4837623,Import,Chemicals,Hazardous,DBGT,1,4,0,0,0,0,0.866,89.6
TUTU7119301,Export,Seafood,Reefer,DBGT,10,1,0,0,1,0,0.778,21.3
TUTU5445615,Export,Textiles,Dry,DBGT,9,1,0,0,0,0,0.834,42.5
TUTU1080821,Export,Seafood,Reefer,PSA_SICAL,1,5,1,0,0,1,0.816,51.3
TUTU7546312,Export,Salt,Dry,PSA_SICAL,1,5,1,0,0,1,0.833,76.6
TUTU2398358,Export,Sugar,Dry,DBGT,10,6,1,0,1,1,0.829,102.7
TUTU3004688,Import,Chemicals,Hazardous,PSA_SICAL,3,6,1,0,0,0,0.823,84.4
TUTU7522337,Import,Electronics,Dry,PSA_SICAL,2,1,0,0,0,0,0.842,69.6
TUTU7308721,Import,Seafood,Reefer,DBGT,9,2,0,0,0,0,0.898,74.0
TUTU6471076,Import,Machinery,ODC,PSA_SICAL,2,2,0,0,0,1,0.859,116.2
TUTU3003975,Export,Granite,Dry,PSA_SICAL,1,3,0,0,0,1,0.823,74.5
TUTU2475250,Export,Seafood,Reefer,DBGT,10,0,0,0,1,0,0.756,25.2
TUTU5351799,Export,Salt,Dry,PSA_SICAL,11,2,0,0,1,0,0.85,50.6
TUTU7669054,Export,Salt,Dry,PSA_SICAL,7,1,0,0,0,0,0.846,54.7
TUTU4875694,Import,Chemicals,Hazardous,DBGT,3,3,0,0,0,0,0.852,88.1
TUTU9326563,Export,Seafood,Reefer,PSA_SICAL,1,1,0,0,0,1,0.803,48.9
TUTU9181394,Import,Machinery,ODC,DBGT,5,4,0,0,0,1,0.852,115.9
TUTU5421828,Export,Electronics,Dry,PSA_SICAL,1,5,1,0,0,0,0.789,46.0
TUTU4199496,Export,Seafood,Reefer,PSA_SICAL,10,1,0,0,1,0,0.823,26.6
TUTU7746679,Export,Seafood,Reefer,PSA_SICAL,7,1,0,0,0,0,0.749,24.7
TUTU4388863,Export,Seafood,Reefer,PSA_SICAL,9,2,0,0,0,0,0.805,18.6
TUTU5351189,Export,Machinery,ODC,DBGT,11,1,0,0,1,0,0.711,61.6
TUTU4784094,Import,Machinery,ODC,DBGT,10,1,0,0,1,1,0.87,147.5
TUTU4548929,Export,Textiles,Dry,PSA_SICAL,5,6,1,0,0,0,0.822,49.1
TUTU3744187,Export,Seafood,Reefer,PSA_SICAL,2,1,0,0,0,0,0.712,19.8
TUTU2383172,Import,Coal,Dry,DBGT,5,6,1,0,0,0,0.82,80.7
TUTU1482748,Export,Seafood,Reefer,PSA_SICAL,1,4,0,0,0,1,0.761,50.4
TUTU2176742,Import,Electronics,Dry,PSA_SICAL,4,3,0,0,0,0,0.889,73.2
TUTU7181320,Import,Electronics,Dry,PSA_SICAL,5,4,0,0,0,1,0.849,94.2
TUTU2174544,Import,Chemicals,Hazardous,PSA_SICAL,9,5,1,0,0,0,0.824,82.7
TUTU7047934,Export,Granite,Dry,PSA_SICAL,10,2,0,0,1,0,0.873,68.7
TUTU6411121,Import,Coal,Dry,PSA_SICAL,5,3,0,0,0,0,0.759,75.7
TUTU6214021,Import,Chemicals,Hazardous,DBGT,12,5,1,0,1,0,0.889,116.4
TUTU9367341,Import,Coal,Dry,DBGT,4,6,1,0,0,0,0.782,87.4
TUTU4476238,Import,EdibleOil,LiquidBulk,PSA_SICAL,11,5,1,0,1,1,0.761,129.7
TUTU5975920,Import,Coal,Dry,DBGT,7,2,0,0,0,1,0.824,101.8
TUTU2964217,Import,Coal,Dry,DBGT,12,4,0,0,1,0,0.779,88.2
TUTU6714588,Import,Electronics,Dry,PSA_SICAL,12,1,0,0,1,0,0.805,82.1
TUTU1458829,Import,Coal,Dry,DBGT,5,1,0,0,0,0,0.853,81.3
TUTU9931777,Export,Sugar,Dry,DBGT,9,2,0,0,0,0,0.828,44.4
TUTU7537935,Export,Salt,Dry,DBGT,1,1,0,0,0,0,0.787,44.1
TUTU4330801,Export,Seafood,Reefer,DBGT,12,0,0,0,1,0,0.825,36.4
TUTU9718777,Export,Seafood,Reefer,DBGT,5,4,0,0,0,0,0.888,32.8
TUTU4761821,Export,Electronics,Dry,DBGT,6,3,0,0,0,0,0.865,54.6
TUTU7582794,Export,Granite,Dry,PSA_SICAL,3,0,0,0,0,0,0.799,48.4
TUTU7674545,Export,Machinery,ODC,DBGT,12,4,0,0,1,0,0.715,63.5
TUTU6224825,Export,Machinery,ODC,PSA_SICAL,1,0,0,0,0,0,0.822,57.1
TUTU8197628,Export,Electronics,Dry,PSA_SICAL,11,0,0,0,1,0,0.812,49.7
TUTU8421753,Export,Seafood,Reefer,PSA_SICAL,8,2,0,0,0,0,0.908,40.8
TUTU2592165,Export,Machinery,ODC,PSA_SICAL,11,5,1,0,1,0,0.87,82.4
TUTU3755984,Export,Seafood,Reefer,PSA_SICAL,2,5,1,0,0,1,0.747,54.0
TUTU7785743,Export,Sugar,Dry,DBGT,1,1,0,0,0,1,0.745,67.1
TUTU7989953,Export,Salt,Dry,DBGT,11,5,1,0,1,0,0.816,50.7
TUTU3765060,Export,Salt,Dry,PSA_SICAL,3,4,0,0,0,0,0.831,45.6
TUTU5118485,Import,Coal,Dry,DBGT,2,4,0,0,0,0,0.816,69.6
TUTU4862891,Export,Seafood,Reefer,PSA_SICAL,2,4,0,0,0,0,0.938,42.7
TUTU5299925,Import,Machinery,ODC,DBGT,12,0,0,0,1,0,0.789,94.8
TUTU1231333,Import,Coal,Dry,DBGT,7,6,1,0,0,0,0.776,75.5
TUTU8641244,Import,Machinery,ODC,PSA_SICAL,11,4,0,0,1,0,0.783,96.3
TUTU1683048,Import,EdibleOil,LiquidBulk,PSA_SICAL,5,1,0,0,0,0,0.871,85.0
TUTU4686996,Import,Timber,Dry,PSA_SICAL,10,1,0,0,1,0,0.865,96.6
TUTU9198521,Export,Machinery,ODC,DBGT,10,6,1,0,1,1,0.803,114.2
TUTU8883649,Export,Textiles,Dry,PSA_SICAL,5,2,0,0,0,1,0.831,75.5
TUTU7840147,Import,Electronics,Dry,PSA_SICAL,6,4,0,0,0,0,0.724,56.0
TUTU2771896,Import,Chemicals,Hazardous,PSA_SICAL,4,4,0,0,0,0,0.889,92.3
TUTU9008753,Import,Timber,Dry,PSA_SICAL,12,0,0,0,1,0,0.839,85.6
TUTU7122455,Import,Electronics,Dry,PSA_SICAL,4,6,1,0,0,0,0.863,73.9
TUTU9545239,Export,Electronics,Dry,DBGT,11,1,0,0,1,0,0.919,66.2
TUTU3923498,Export,Machinery,ODC,PSA_SICAL,6,5,1,0,0,1,0.868,95.4
TUTU2170631,Export,Seafood,Reefer,PSA_SICAL,2,6,1,0,0,0,0.797,32.2
TUTU8188940,Export,Sugar,Dry,PSA_SICAL,9,3,0,0,0,1,0.744,64.6
TUTU3639098,Import,Coal,Dry,DBGT,9,1,0,0,0,0,0.84,81.7
TUTU5714565,Import,Machinery,ODC,PSA_SICAL,4,5,1,0,0,0,0.796,80.9
TUTU3586866,Import,Coal,Dry,PSA_SICAL,6,6,1,0,0,0,0.774,78.7
TUTU4787420,Import,Electronics,Dry,PSA_SICAL,3,3,0,0,0,0,0.9,75.0
TUTU2119234,Import,Electronics,Dry,PSA_SICAL,5,5,1,0,0,0,0.873,76.0
TUTU7386913,Import,EdibleOil,LiquidBulk,DBGT,9,2,0,0,0,0,0.812,74.7
TUTU2745977,Export,Sugar,Dry,DBGT,9,5,1,0,0,0,0.879,66.2
TUTU9021429,Import,Seafood,Reefer,DBGT,8,0,0,0,0,0,0.825,41.8
TUTU9297938,Import,Seafood,Reefer,DBGT,6,1,0,0,0,0,0.699,41.2
TUTU2413502,Export,Electronics,Dry,DBGT,4,4,0,0,0,0,0.865,47.6
TUTU4490896,Import,Coal,Dry,PSA_SICAL,4,5,1,0,0,0,0.811,69.6
TUTU2201041,Export,Seafood,Reefer,PSA_SICAL,10,2,0,0,1,0,0.844,33.0
TUTU6945755,Import,Electronics,Dry,PSA_SICAL,5,5,1,0,0,1,0.824,114.6
TUTU1859588,Export,Seafood,Reefer,PSA_SICAL,6,5,1,0,0,1,0.799,63.1
TUTU2522401,Export,Machinery,ODC,DBGT,10,0,0,0,1,0,0.837,70.8
TUTU7081971,Import,Seafood,Reefer,PSA_SICAL,2,3,0,0,0,0,0.844,48.7
TUTU4137222,Import,Timber,Dry,DBGT,5,5,1,0,0,0,0.779,71.0
TUTU9086072,Export,Salt,Dry,PSA_SICAL,10,6,1,0,1,0,0.828,53.7
TUTU1648576,Import,Coal,Dry,PSA_SICAL,5,5,1,1,0,0,0.813,93.9
TUTU2180582,Export,Sugar,Dry,PSA_SICAL,4,0,0,0,0,0,0.754,36.3
TUTU3003007,Export,Salt,Dry,PSA_SICAL,11,5,1,0,1,0,0.782,46.8
TUTU9731096,Import,Seafood,Reefer,DBGT,2,0,0,0,0,0,0.837,49.6
TUTU2238382,Export,Textiles,Dry,PSA_SICAL,5,2,0,0,0,0,0.754,35.7
TUTU8961548,Export,Granite,Dry,PSA_SICAL,9,6,1,1,0,0,0.865,78.6
TUTU7892021,Export,Textiles,Dry,DBGT,5,1,0,0,0,1,0.803,68.5
TUTU6825845,Import,EdibleOil,LiquidBulk,PSA_SICAL,1,0,0,0,0,1,0.754,101.0
TUTU5596600,Import,Timber,Dry,PSA_SICAL,1,3,0,0,0,0,0.777,69.8
TUTU8899989,Export,Granite,Dry,DBGT,2,4,0,0,0,0,0.748,38.2
TUTU2938347,Export,Granite,Dry,DBGT,9,4,0,0,0,0,0.865,50.9
TUTU4655472,Export,Seafood,Reefer,DBGT,3,0,0,0,0,0,0.902,45.9
TUTU1242539,Export,Seafood,Reefer,PSA_SICAL,10,0,0,0,1,0,0.78,23.0
TUTU9153345,Export,Salt,Dry,PSA_SICAL,4,5,1,0,0,1,0.816,78.3
TUTU8725722,Import,Electronics,Dry,PSA_SICAL,3,0,0,0,0,1,0.792,89.1
TUTU2392857,Export,Electronics,Dry,PSA_SICAL,1,5,1,0,0,0,0.887,59.8
TUTU9643058,Import,Electronics,Dry,PSA_SICAL,7,6,1,0,0,0,0.882,78.2
TUTU1640556,Export,Granite,Dry,PSA_SICAL,2,3,0,0,0,0,0.862,54.7
TUTU2964247,Export,Sugar,Dry,DBGT,8,1,0,0,0,0,0.828,43.1
TUTU9305299,Import,Machinery,ODC,PSA_SICAL,10,2,0,0,1,0,0.883,122.7
TUTU8194062,Export,Seafood,Reefer,DBGT,12,4,0,0,1,0,0.804,26.2
TUTU7854316,Export,Salt,Dry,PSA_SICAL,4,5,1,0,0,0,0.883,54.7
TUTU8788976,Export,Seafood,Reefer,PSA_SICAL,3,3,0,0,0,0,0.869,40.5
TUTU2191378,Export,Seafood,Reefer,PSA_SICAL,10,5,1,0,1,1,0.782,63.3
TUTU9823671,Import,Timber,Dry,PSA_SICAL,4,0,0,0,0,0,0.794,66.8
TUTU3252108,Export,Granite,Dry,PSA_SICAL,1,4,0,0,0,0,0.805,39.8
TUTU5801294,Export,Sugar,Dry,DBGT,11,3,0,0,1,0,0.801,48.8
TUTU7733943,Import,Coal,Dry,DBGT,3,3,0,0,0,0,0.929,88.6
TUTU4198436,Import,Machinery,ODC,DBGT,8,5,1,0,0,0,0.784,95.8
TUTU1640135,Export,Electronics,Dry,PSA_SICAL,7,5,1,0,0,0,0.864,55.3
TUTU2065069,Import,EdibleOil,LiquidBulk,DBGT,7,3,0,0,0,0,0.741,70.7
TUTU8942716,Export,Electronics,Dry,DBGT,11,3,0,0,1,1,0.802,93.1
TUTU4581562,Export,Granite,Dry,PSA_SICAL,10,0,0,0,1,0,0.912,70.3
TUTU1375981,Import,Electronics,Dry,PSA_SICAL,12,4,0,0,1,0,0.789,76.2
TUTU7743111,Import,Seafood,Reefer,PSA_SICAL,5,2,0,0,0,0,0.836,52.5
TUTU2368606,Export,Salt,Dry,DBGT,9,0,0,0,0,1,0.794,62.7
TUTU6666282,Import,Timber,Dry,PSA_SICAL,7,6,1,0,0,0,0.785,67.4
TUTU8648696,Export,Machinery,ODC,PSA_SICAL,1,4,0,0,0,1,0.811,84.5
TUTU9271298,Export,Sugar,Dry,DBGT,9,6,1,0,0,0,0.786,45.2
TUTU8188339,Import,Electronics,Dry,PSA_SICAL,4,5,1,0,0,0,0.816,62.3
TUTU1179853,Import,Timber,Dry,DBGT,5,6,1,0,0,0,0.854,73.8
TUTU6236775,Export,Seafood,Reefer,DBGT,8,6,1,0,0,1,0.84,60.1
TUTU1547279,Import,Chemicals,Hazardous,DBGT,11,5,1,0,1,0,0.9,123.2
TUTU2581737,Export,Seafood,Reefer,PSA_SICAL,1,5,1,0,0,1,0.823,63.0
TUTU5110753,Export,Seafood,Reefer,PSA_SICAL,3,1,0,1,0,0,0.8,44.7
TUTU6616086,Import,Machinery,ODC,PSA_SICAL,5,3,0,0,0,0,0.833,77.3
TUTU2685066,Export,Electronics,Dry,PSA_SICAL,11,2,0,0,1,0,0.797,51.2
TUTU3397786,Export,Seafood,Reefer,PSA_SICAL,8,2,0,0,0,0,0.825,33.0
TUTU4329935,Export,Seafood,Reefer,PSA_SICAL,3,3,0,0,0,0,0.836,23.0
TUTU3899098,Import,Coal,Dry,PSA_SICAL,9,0,0,0,0,0,0.784,74.1
TUTU9046339,Import,Timber,Dry,PSA_SICAL,8,1,0,0,0,0,0.852,72.1
TUTU5861891,Import,Coal,Dry,PSA_SICAL,12,3,0,0,1,0,0.757,94.7
TUTU3594631,Import,Coal,Dry,DBGT,12,6,1,0,1,1,0.847,147.9
TUTU6980411,Export,Electronics,Dry,PSA_SICAL,7,1,0,0,0,0,0.784,42.1
TUTU8444177,Import,Machinery,ODC,DBGT,12,5,1,0,1,1,0.817,149.3
TUTU7670126,Export,Seafood,Reefer,DBGT,3,0,0,0,0,0,0.766,15.9
TUTU1630637,Export,Granite,Dry,PSA_SICAL,11,1,0,0,1,0,0.765,51.9
TUTU8195891,Import,Electronics,Dry,DBGT,3,4,0,0,0,1,0.792,88.5
TUTU8056150,Import,EdibleOil,LiquidBulk,DBGT,6,1,0,0,0,0,0.867,82.4
TUTU6094657,Export,Machinery,ODC,DBGT,10,0,0,0,1,1,0.868,121.1
TUTU2647112,Import,Chemicals,Hazardous,PSA_SICAL,8,1,0,0,0,0,0.772,76.3
TUTU6696407,Export,Granite,Dry,PSA_SICAL,2,1,0,0,0,0,0.737,42.8
TUTU5791256,Export,Machinery,ODC,PSA_SICAL,1,4,0,1,0,0,0.803,73.6
TUTU8656463,Export,Granite,Dry,DBGT,10,0,0,0,1,0,0.745,47.6
TUTU8887256,Export,Seafood,Reefer,PSA_SICAL,9,2,0,0,0,0,0.862,39.1
TUTU1130357,Import,Coal,Dry,DBGT,4,4,0,0,0,1,0.85,104.8
TUTU5402240,Import,Coal,Dry,DBGT,1,6,1,0,0,0,0.803,76.1
TUTU2697859,Export,Salt,Dry,DBGT,11,3,0,1,1,0,0.905,89.8
TUTU2170563,Export,Granite,Dry,PSA_SICAL,6,5,1,0,0,0,0.878,67.8
TUTU4898282,Import,Seafood,Reefer,PSA_SICAL,8,1,0,0,0,0,0.827,42.6
TUTU2024569,Export,Seafood,Reefer,DBGT,4,5,1,0,0,0,0.76,28.0
TUTU4341778,Export,Salt,Dry,PSA_SICAL,11,1,0,0,1,1,0.896,104.2
TUTU3045186,Import,Seafood,Reefer,PSA_SICAL,8,1,0,0,0,0,0.832,44.0
TUTU1042696,Import,Machinery,ODC,DBGT,9,0,0,0,0,0,0.805,76.8
TUTU9831383,Export,Salt,Dry,DBGT,7,5,1,0,0,1,0.825,77.6
TUTU9197547,Import,Timber,Dry,PSA_SICAL,10,3,0,0,1,0,0.863,96.4
TUTU8269370,Export,Salt,Dry,DBGT,5,1,0,0,0,0,0.886,50.4
TUTU8073995,Export,Sugar,Dry,PSA_SICAL,3,3,0,0,0,1,0.825,69.5
TUTU6138416,Export,Salt,Dry,PSA_SICAL,11,0,0,0,1,0,0.787,40.8
TUTU9802029,Import,Electronics,Dry,PSA_SICAL,4,0,0,0,0,0,0.85,67.9
TUTU8987217,Export,Seafood,Reefer,PSA_SICAL,6,2,0,0,0,1,0.877,68.6
TUTU9108871,Import,Chemicals,Hazardous,DBGT,1,0,0,0,0,0,0.848,85.7
TUTU9599775,Export,Salt,Dry,DBGT,3,3,0,0,0,0,0.836,46.5
TUTU5113353,Export,Seafood,Reefer,PSA_SICAL,3,4,0,0,0,1,0.775,51.2
TUTU4015579,Export,Salt,Dry,DBGT,9,4,0,0,0,0,0.828,52.8
TUTU7517188,Export,Seafood,Reefer,PSA_SICAL,5,3,0,0,0,0,0.906,35.7
TUTU4227564,Export,Seafood,Reefer,PSA_SICAL,11,6,1,0,1,1,0.734,76.4
TUTU1871277,Export,Seafood,Reefer,PSA_SICAL,2,3,0,0,0,0,0.806,27.6
TUTU9017304,Export,Sugar,Dry,DBGT,7,4,0,0,0,0,0.878,50.4
TUTU7792902,Export,Granite,Dry,DBGT,1,0,0,0,0,0,0.793,45.7
TUTU7813702,Import,Coal,Dry,PSA_SICAL,8,0,0,0,0,1,0.787,101.3
TUTU4960569,Import,Coal,Dry,PSA_SICAL,7,1,0,0,0,0,0.893,88.9
TUTU9366241,Import,Electronics,Dry,DBGT,8,0,0,0,0,0,0.828,60.0
TUTU7860131,Export,Seafood,Reefer,PSA_SICAL,7,4,0,0,0,0,0.814,31.6
TUTU4093998,Import,Machinery,ODC,DBGT,4,6,1,0,0,0,0.838,91.2
TUTU8828706,Export,Seafood,Reefer,DBGT,9,5,1,0,0,0,0.804,17.1
TUTU5366207,Export,Machinery,ODC,PSA_SICAL,2,4,0,0,0,1,0.835,88.7
TUTU6378305,Export,Granite,Dry,PSA_SICAL,11,5,1,0,1,0,0.85,70.6
TUTU7566018,Import,Chemicals,Hazardous,PSA_SICAL,3,4,0,0,0,0,0.899,91.7
TUTU3083992,Export,Textiles,Dry,PSA_SICAL,9,6,1,0,0,0,0.743,43.0
TUTU1155671,Export,Seafood,Reefer,PSA_SICAL,2,4,0,0,0,0,0.739,31.3
TUTU1288956,Export,Sugar,Dry,PSA_SICAL,8,6,1,0,0,0,0.884,55.5
TUTU3336649,Export,Granite,Dry,DBGT,10,1,0,0,1,1,0.791,96.1
TUTU3330723,Import,Coal,Dry,DBGT,8,2,0,0,0,0,0.825,72.3
TUTU2037262,Export,Seafood,Reefer,PSA_SICAL,2,2,0,0,0,0,0.764,19.2
TUTU7446103,Import,Machinery,ODC,DBGT,11,5,1,0,1,1,0.804,131.6
TUTU9316115,Import,Coal,Dry,PSA_SICAL,5,6,1,0,0,0,0.813,81.5
TUTU1823345,Export,Electronics,Dry,PSA_SICAL,11,0,0,0,1,1,0.848,91.0
TUTU3838109,Export,Salt,Dry,PSA_SICAL,6,2,0,0,0,0,0.766,32.9
TUTU2239774,Export,Textiles,Dry,PSA_SICAL,7,2,0,0,0,1,0.826,71.6
TUTU6453560,Export,Sugar,Dry,PSA_SICAL,6,4,0,0,0,0,0.874,49.5
TUTU2172150,Export,Seafood,Reefer,PSA_SICAL,1,0,0,0,0,1,0.775,46.0
TUTU2684454,Export,Seafood,Reefer,DBGT,10,1,0,0,1,1,0.808,69.7
TUTU5401378,Export,Granite,Dry,PSA_SICAL,1,5,1,0,0,0,0.843,57.1
TUTU2171335,Import,Machinery,ODC,PSA_SICAL,9,4,0,1,0,0,0.815,96.2
TUTU1748376,Export,Granite,Dry,PSA_SICAL,9,5,1,0,0,0,0.936,72.9
TUTU1943006,Import,EdibleOil,LiquidBulk,PSA_SICAL,9,0,0,0,0,0,0.682,70.2
TUTU6262351,Import,Electronics,Dry,DBGT,10,1,0,0,1,0,0.809,73.6
TUTU4484485,Export,Textiles,Dry,PSA_SICAL,7,1,0,1,0,0,0.852,68.3
TUTU3025962,Export,Salt,Dry,PSA_SICAL,11,0,0,0,1,0,0.78,45.3
TUTU4983005,Export,Salt,Dry,DBGT,4,3,0,0,0,0,0.78,33.7
TUTU2845722,Export,Electronics,Dry,PSA_SICAL,11,1,0,0,1,0,0.803,45.6
TUTU2649706,Import,Coal,Dry,PSA_SICAL,4,2,0,0,0,0,0.836,77.4
TUTU2902732,Export,Granite,Dry,DBGT,8,1,0,0,0,0,0.792,40.1
TUTU4093251,Export,Seafood,Reefer,PSA_SICAL,9,6,1,0,0,0,0.851,32.4
TUTU2962827,Import,Machinery,ODC,PSA_SICAL,8,1,0,0,0,0,0.814,74.3
TUTU6470807,Import,Machinery,ODC,PSA_SICAL,3,5,1,0,0,1,0.85,119.3
TUTU3342796,Export,Seafood,Reefer,PSA_SICAL,5,3,0,0,0,0,0.865,39.6
TUTU7241059,Import,Seafood,Reefer,DBGT,3,4,0,0,0,1,0.774,70.0
TUTU9915507,Export,Textiles,Dry,PSA_SICAL,12,4,0,0,1,0,0.808,53.2
TUTU1184670,Import,Seafood,Reefer,PSA_SICAL,9,2,0,0,0,0,0.835,49.4
TUTU1124438,Import,Timber,Dry,DBGT,8,6,1,0,0,1,0.773,96.9
TUTU3269089,Export,Seafood,Reefer,PSA_SICAL,9,0,0,0,0,0,0.764,22.6
TUTU5687697,Import,Coal,Dry,PSA_SICAL,3,4,0,0,0,0,0.912,86.9
TUTU4021891,Export,Granite,Dry,PSA_SICAL,1,2,0,0,0,0,0.82,60.5
TUTU8133115,Export,Textiles,Dry,DBGT,10,2,0,0,1,0,0.772,46.6
TUTU3804959,Import,Coal,Dry,PSA_SICAL,12,3,0,0,1,0,0.78,90.9
TUTU1870106,Import,Chemicals,Hazardous,DBGT,8,4,0,0,0,0,0.872,87.7
TUTU5620405,Export,Seafood,Reefer,DBGT,5,6,1,0,0,0,0.819,31.2
TUTU2169325,Import,EdibleOil,LiquidBulk,PSA_SICAL,6,5,1,0,0,0,0.839,77.5
TUTU6952679,Export,Salt,Dry,PSA_SICAL,5,4,0,0,0,1,0.869,79.0
TUTU1441280,Export,Machinery,ODC,PSA_SICAL,3,2,0,0,0,0,0.855,67.9
TUTU8608543,Import,EdibleOil,LiquidBulk,DBGT,8,6,1,0,0,1,0.902,120.0
TUTU7307684,Import,Chemicals,Hazardous,DBGT,3,1,0,0,0,0,0.871,88.2
TUTU8482412,Import,EdibleOil,LiquidBulk,PSA_SICAL,7,6,1,0,0,0,0.878,91.5
TUTU3162833,Export,Textiles,Dry,PSA_SICAL,1,2,0,0,0,0,0.873,50.8
TUTU4537860,Import,Timber,Dry,PSA_SICAL,10,6,1,0,1,0,0.783,87.8
TUTU7674734,Import,Coal,Dry,DBGT,8,0,0,0,0,0,0.82,72.1
TUTU7154152,Export,Salt,Dry,PSA_SICAL,11,0,0,0,1,1,0.825,87.2
TUTU9282458,Import,Seafood,Reefer,PSA_SICAL,9,0,0,0,0,0,0.847,49.4
TUTU7979039,Export,Salt,Dry,PSA_SICAL,12,0,0,0,1,0,0.765,42.3
TUTU6641608,Export,Granite,Dry,PSA_SICAL,11,1,0,0,1,0,0.847,60.3
TUTU7587825,Export,Granite,Dry,PSA_SICAL,10,1,0,0,1,0,0.734,58.8
TUTU6791851,Export,Seafood,Reefer,PSA_SICAL,1,1,0,0,0,1,0.723,47.9
TUTU2554955,Export,Seafood,Reefer,PSA_SICAL,2,1,0,0,0,0,0.794,21.0
TUTU1202606,Import,Chemicals,Hazardous,PSA_SICAL,12,3,0,0,1,0,0.868,110.8
TUTU4336324,Import,Seafood,Reefer,PSA_SICAL,7,6,1,0,0,0,0.816,62.8
TUTU6471258,Import,Seafood,Reefer,PSA_SICAL,1,1,0,0,0,1,0.759,67.6
TUTU9507106,Import,EdibleOil,LiquidBulk,DBGT,1,6,1,0,0,0,0.904,96.8
TUTU1094235,Export,Machinery,ODC,DBGT,6,6,1,0,0,0,0.824,63.7
TUTU7281704,Export,Textiles,Dry,PSA_SICAL,11,6,1,0,1,0,0.844,60.4
TUTU4086592,Import,Electronics,Dry,DBGT,5,0,0,0,0,0,0.81,60.7
TUTU3799154,Import,Timber,Dry,PSA_SICAL,6,4,0,0,0,1,0.818,100.7
TUTU5214029,Import,Timber,Dry,PSA_SICAL,8,6,1,0,0,1,0.756,93.9
TUTU3975229,Export,Seafood,Reefer,PSA_SICAL,9,0,0,0,0,0,0.849,30.4
TUTU3746553,Import,Coal,Dry,PSA_SICAL,7,4,0,0,0,1,0.845,106.6
TUTU1192390,Import,Timber,Dry,DBGT,3,3,0,0,0,0,0.764,73.2
TUTU8495347,Export,Machinery,ODC,PSA_SICAL,9,5,1,0,0,0,0.833,66.3
TUTU5113224,Export,Textiles,Dry,DBGT,6,0,0,0,0,0,0.829,46.5
TUTU2125133,Import,Timber,Dry,PSA_SICAL,4,5,1,0,0,0,0.818,83.9
TUTU8116480,Import,Machinery,ODC,PSA_SICAL,9,4,0,0,0,0,0.826,88.4
TUTU8050338,Import,Machinery,ODC,PSA_SICAL,2,1,0,0,0,0,0.844,82.9
TUTU7893798,Export,Salt,Dry,PSA_SICAL,5,1,0,0,0,1,0.891,82.1
TUTU8859567,Import,Chemicals,Hazardous,PSA_SICAL,4,3,0,0,0,1,0.892,124.3
TUTU7834257,Import,Coal,Dry,PSA_SICAL,8,6,1,0,0,1,0.805,105.4
TUTU8463262,Import,EdibleOil,LiquidBulk,DBGT,5,0,0,0,0,0,0.749,73.6
TUTU7292773,Import,Electronics,Dry,PSA_SICAL,1,1,0,0,0,0,0.777,61.4
TUTU2949157,Export,Seafood,Reefer,PSA_SICAL,5,5,1,0,0,0,0.766,24.2
TUTU9866553,Import,Electronics,Dry,PSA_SICAL,9,3,0,0,0,0,0.863,81.0
TUTU8019536,Export,Granite,Dry,DBGT,7,3,0,0,0,0,0.811,42.2
TUTU2617835,Export,Granite,Dry,DBGT,6,1,0,0,0,0,0.791,41.0
TUTU9824769,Import,Machinery,ODC,PSA_SICAL,4,0,0,0,0,0,0.927,95.9
TUTU1037526,Import,Seafood,Reefer,PSA_SICAL,8,4,0,0,0,0,0.771,37.0
TUTU6745869,Export,Sugar,Dry,PSA_SICAL,11,0,0,0,1,1,0.79,91.3
TUTU7574014,Import,Timber,Dry,PSA_SICAL,8,3,0,0,0,0,0.833,72.8
TUTU9386551,Import,Chemicals,Hazardous,PSA_SICAL,9,2,0,0,0,0,0.842,86.0
TUTU8881999,Export,Granite,Dry,DBGT,7,5,1,0,0,0,0.829,51.4
TUTU3715112,Export,Sugar,Dry,PSA_SICAL,8,0,0,0,0,1,0.712,68.0
TUTU2884096,Export,Machinery,ODC,PSA_SICAL,2,3,0,0,0,0,0.885,72.3
TUTU7882590,Export,Sugar,Dry,PSA_SICAL,8,1,0,0,0,0,0.856,47.9
TUTU4330313,Import,Timber,Dry,PSA_SICAL,9,6,1,0,0,1,0.875,112.8
TUTU4812693,Export,Seafood,Reefer,DBGT,11,1,0,1,1,0,0.833,58.4
TUTU1604401,Import,Electronics,Dry,PSA_SICAL,5,2,0,0,0,0,0.839,65.6
TUTU2659491,Import,Electronics,Dry,PSA_SICAL,9,4,0,0,0,0,0.833,68.0
TUTU8319052,Export,Sugar,Dry,DBGT,4,2,0,0,0,1,0.849,76.2
TUTU1879125,Export,Granite,Dry,DBGT,5,4,0,0,0,1,0.81,77.7
TUTU9567398,Export,Seafood,Reefer,PSA_SICAL,1,1,0,0,0,0,0.826,25.2
TUTU7574590,Export,Seafood,Reefer,DBGT,7,3,0,0,0,0,0.793,19.2
TUTU7132610,Export,Granite,Dry,DBGT,5,2,0,0,0,1,0.834,76.6
TUTU5959441,Export,Salt,Dry,DBGT,4,3,0,0,0,0,0.8,44.1
TUTU6385991,Export,Seafood,Reefer,PSA_SICAL,4,4,0,0,0,0,0.781,15.9
TUTU4711157,Export,Seafood,Reefer,DBGT,4,3,0,0,0,0,0.804,23.5
TUTU2084949,Import,Electronics,Dry,DBGT,3,1,0,0,0,0,0.762,57.1
TUTU3918550,Export,Seafood,Reefer,DBGT,10,5,1,0,1,0,0.753,25.6
TUTU5388625,Import,Electronics,Dry,DBGT,4,0,0,0,0,0,0.867,78.1
TUTU5122615,Import,EdibleOil,LiquidBulk,PSA_SICAL,6,5,1,0,0,0,0.807,76.8
TUTU5107590,Export,Machinery,ODC,PSA_SICAL,9,6,1,0,0,0,0.775,51.1
TUTU6178211,Import,Electronics,Dry,DBGT,8,4,0,0,0,0,0.758,60.4
TUTU4701403,Export,Seafood,Reefer,PSA_SICAL,12,5,1,0,1,0,0.928,49.4
TUTU3036423,Import,Seafood,Reefer,PSA_SICAL,8,0,0,0,0,0,0.816,60.4
TUTU8780751,Import,Coal,Dry,DBGT,6,3,0,0,0,0,0.85,83.3
TUTU2135931,Export,Granite,Dry,PSA_SICAL,1,1,0,0,0,0,0.775,39.6
TUTU7077748,Export,Seafood,Reefer,DBGT,2,6,1,0,0,0,0.866,41.8
TUTU7273609,Export,Sugar,Dry,PSA_SICAL,8,4,0,0,0,0,0.849,44.6
TUTU1454475,Import,Timber,Dry,DBGT,9,1,0,0,0,0,0.841,72.9
TUTU6220773,Export,Sugar,Dry,DBGT,8,2,0,0,0,0,0.806,36.5
TUTU3582481,Export,Salt,Dry,DBGT,5,6,1,0,0,0,0.756,43.4
TUTU6319794,Export,Seafood,Reefer,PSA_SICAL,7,1,0,0,0,0,0.782,31.8
TUTU3483522,Export,Machinery,ODC,PSA_SICAL,5,5,1,0,0,0,0.854,61.6
TUTU2708445,Export,Textiles,Dry,PSA_SICAL,10,4,0,0,1,0,0.932,76.2
TUTU2814223,Import,Timber,Dry,PSA_SICAL,3,4,0,0,0,0,0.857,72.7
TUTU1182657,Import,Machinery,ODC,PSA_SICAL,3,6,1,0,0,0,0.834,85.0
TUTU7264036,Import,Seafood,Reefer,PSA_SICAL,11,1,0,0,1,0,0.795,55.4
TUTU4171956,Export,Seafood,Reefer,DBGT,8,5,1,0,0,0,0.845,36.1
TUTU1962737,Import,Coal,Dry,DBGT,9,0,0,0,0,0,0.86,79.4
TUTU3706136,Export,Granite,Dry,PSA_SICAL,8,2,0,0,0,0,0.864,65.1
TUTU8155050,Export,Sugar,Dry,DBGT,4,6,1,0,0,0,0.732,44.5
TUTU7430706,Export,Seafood,Reefer,DBGT,2,3,0,0,0,0,0.804,17.8
TUTU6811017,Export,Machinery,ODC,DBGT,11,2,0,0,1,1,0.761,102.8
TUTU3975931,Import,Timber,Dry,PSA_SICAL,1,2,0,0,0,0,0.781,65.3
TUTU9417539,Export,Seafood,Reefer,DBGT,10,2,0,0,1,0,0.79,27.3
TUTU1967839,Export,Granite,Dry,DBGT,2,3,0,0,0,1,0.855,83.7
TUTU6502972,Export,Seafood,Reefer,PSA_SICAL,4,4,0,0,0,0,0.847,28.6
TUTU8225939,Export,Sugar,Dry,DBGT,3,4,0,0,0,0,0.76,42.8
TUTU7551779,Export,Seafood,Reefer,PSA_SICAL,2,4,0,0,0,1,0.756,48.4
TUTU5565726,Import,Chemicals,Hazardous,DBGT,2,6,1,0,0,1,0.787,113.7
TUTU5189560,Import,Seafood,Reefer,DBGT,8,2,0,0,0,1,0.801,79.2
TUTU5157327,Import,Coal,Dry,PSA_SICAL,10,4,0,0,1,0,0.815,89.1
TUTU7833615,Export,Salt,Dry,PSA_SICAL,12,1,0,0,1,0,0.855,66.1
TUTU8973975,Export,Machinery,ODC,PSA_SICAL,3,0,0,0,0,1,0.76,79.5
TUTU8153159,Export,Seafood,Reefer,PSA_SICAL,3,6,1,0,0,0,0.87,38.5
TUTU2517926,Export,Sugar,Dry,PSA_SICAL,3,1,0,0,0,0,0.834,44.0
TUTU1054317,Export,Seafood,Reefer,DBGT,12,3,0,0,1,0,0.86,33.2
TUTU5960234,Export,Seafood,Reefer,PSA_SICAL,11,4,0,0,1,0,0.846,30.1
TUTU5701653,Import,Machinery,ODC,DBGT,8,6,1,0,0,0,0.85,82.8
TUTU1191325,Export,Seafood,Reefer,DBGT,12,2,0,0,1,0,0.781,20.2
TUTU3386873,Export,Seafood,Reefer,DBGT,3,3,0,0,0,1,0.851,69.0
TUTU5120569,Export,Seafood,Reefer,DBGT,11,1,0,0,1,0,0.865,40.1
TUTU3751799,Import,Seafood,Reefer,PSA_SICAL,9,3,0,0,0,0,0.835,48.3
TUTU9879241,Export,Seafood,Reefer,PSA_SICAL,5,5,1,0,0,0,0.832,30.9
TUTU4286677,Import,Machinery,ODC,PSA_SICAL,11,3,0,0,1,0,0.826,104.1
TUTU1616483,Import,Electronics,Dry,DBGT,8,3,0,0,0,0,0.849,65.8
TUTU3262287,Export,Seafood,Reefer,DBGT,4,1,0,0,0,0,0.726,20.5
TUTU4822597,Export,Textiles,Dry,DBGT,11,6,1,0,1,0,0.751,47.4
TUTU5172168,Import,Timber,Dry,PSA_SICAL,9,1,0,0,0,0,0.786,62.7
TUTU5040412,Export,Granite,Dry,DBGT,1,5,1,0,0,0,0.821,64.7
TUTU9308187,Export,Sugar,Dry,DBGT,6,4,0,0,0,0,0.818,37.3
TUTU2040905,Export,Machinery,ODC,DBGT,3,1,0,0,0,0,0.805,51.4
TUTU7326605,Import,Coal,Dry,PSA_SICAL,7,5,1,0,0,1,0.811,106.7
TUTU9444992,Export,Seafood,Reefer,PSA_SICAL,8,4,0,0,0,0,0.805,21.1
TUTU3775457,Export,Sugar,Dry,PSA_SICAL,5,6,1,0,0,0,0.838,40.6
TUTU8989221,Import,Machinery,ODC,PSA_SICAL,9,1,0,0,0,0,0.878,93.2
TUTU6727211,Import,Chemicals,Hazardous,DBGT,8,4,0,0,0,0,0.847,85.5
TUTU8559447,Export,Granite,Dry,DBGT,7,5,1,0,0,0,0.832,58.3
TUTU1873285,Export,Electronics,Dry,PSA_SICAL,12,3,0,0,1,0,0.694,50.1
TUTU8875426,Import,EdibleOil,LiquidBulk,PSA_SICAL,9,5,1,0,0,0,0.742,72.7
TUTU2996482,Export,Seafood,Reefer,PSA_SICAL,1,6,1,0,0,0,0.778,21.1
TUTU8093336,Import,Seafood,Reefer,PSA_SICAL,1,1,0,0,0,0,0.83,47.2
TUTU6116148,Import,Seafood,Reefer,PSA_SICAL,9,4,0,0,0,0,0.881,52.9
TUTU1285250,Export,Seafood,Reefer,DBGT,11,0,0,0,1,0,0.749,23.2
TUTU6117101,Export,Textiles,Dry,PSA_SICAL,1,1,0,0,0,0,0.752,39.1
TUTU1893153,Import,Electronics,Dry,DBGT,2,6,1,0,0,0,0.765,61.5
TUTU4665850,Import,Chemicals,Hazardous,PSA_SICAL,2,1,0,0,0,1,0.793,109.8
TUTU5464427,Import,Machinery,ODC,DBGT,4,1,0,0,0,0,0.792,75.9
TUTU3451097,Import,Electronics,Dry,DBGT,12,6,1,0,1,1,0.822,125.4
TUTU6592692,Import,Coal,Dry,PSA_SICAL,9,0,0,0,0,0,0.796,73.9
TUTU3156905,Export,Seafood,Reefer,DBGT,7,6,1,0,0,0,0.773,23.2
TUTU6432816,Export,Seafood,Reefer,DBGT,3,2,0,0,0,1,0.794,48.2
TUTU8983577,Import,Timber,Dry,PSA_SICAL,5,3,0,0,0,0,0.854,73.2
TUTU1018579,Import,Machinery,ODC,DBGT,7,3,0,0,0,1,0.824,104.0
TUTU3947046,Import,Coal,Dry,PSA_SICAL,11,1,0,0,1,1,0.837,132.6
TUTU3710210,Export,Granite,Dry,PSA_SICAL,3,2,0,0,0,0,0.861,54.2
TUTU6788670,Import,Coal,Dry,DBGT,5,5,1,0,0,1,0.759,104.0
TUTU5537016,Import,Electronics,Dry,PSA_SICAL,11,3,0,0,1,0,0.782,72.7
TUTU2944938,Import,Electronics,Dry,DBGT,12,4,0,0,1,0,0.807,78.3
TUTU5368823,Export,Salt,Dry,PSA_SICAL,3,5,1,0,0,0,0.833,43.4
TUTU4655093,Export,Granite,Dry,DBGT,1,4,0,0,0,1,0.735,72.4
TUTU8450824,Export,Seafood,Reefer,PSA_SICAL,11,2,0,0,1,0,0.787,36.0
TUTU2016921,Import,Machinery,ODC,PSA_SICAL,7,1,0,0,0,0,0.818,76.6
TUTU8382440,Import,Coal,Dry,DBGT,10,2,0,0,1,0,0.857,96.3
TUTU2693812,Export,Granite,Dry,DBGT,12,3,0,1,1,0,0.817,86.2
TUTU7968574,Export,Electronics,Dry,DBGT,4,6,1,0,0,0,0.758,43.9
TUTU6038144,Export,Electronics,Dry,DBGT,5,4,0,0,0,0,0.913,62.9
TUTU3941935,Export,Textiles,Dry,PSA_SICAL,11,1,0,0,1,1,0.812,89.0
TUTU3458823,Export,Textiles,Dry,DBGT,2,2,0,0,0,1,0.827,75.9
TUTU7050824,Export,Seafood,Reefer,DBGT,11,3,0,0,1,1,0.878,77.3
TUTU9790793,Import,Coal,Dry,PSA_SICAL,11,2,0,0,1,0,0.81,88.8
TUTU5203497,Export,Salt,Dry,DBGT,2,0,0,1,0,0,0.711,62.6
TUTU8581013,Export,Electronics,Dry,PSA_SICAL,2,4,0,0,0,0,0.912,56.9
TUTU8727283,Export,Granite,Dry,DBGT,9,3,0,0,0,1,0.741,78.2
TUTU9287699,Import,Coal,Dry,PSA_SICAL,10,4,0,0,1,0,0.76,85.4
TUTU2046370,Import,Machinery,ODC,PSA_SICAL,6,6,1,0,0,0,0.815,78.9
TUTU2284231,Import,Coal,Dry,PSA_SICAL,4,4,0,0,0,1,0.827,105.8
TUTU9192899,Import,Electronics,Dry,DBGT,12,2,0,0,1,0,0.78,71.4
TUTU1232660,Import,Electronics,Dry,DBGT,8,5,1,0,0,0,0.945,87.2
TUTU7193238,Import,Timber,Dry,PSA_SICAL,3,2,0,0,0,0,0.704,63.9
TUTU4761528,Export,Sugar,Dry,DBGT,11,0,0,0,1,1,0.838,91.2
TUTU9112716,Export,Machinery,ODC,PSA_SICAL,4,3,0,0,0,0,0.866,66.5
TUTU8771907,Export,Seafood,Reefer,DBGT,10,5,1,0,1,0,0.926,55.1
TUTU2617428,Export,Granite,Dry,PSA_SICAL,6,2,0,0,0,0,0.752,44.2
TUTU3749484,Export,Seafood,Reefer,PSA_SICAL,9,6,1,0,0,0,0.78,19.0
TUTU3577620,Import,Machinery,ODC,PSA_SICAL,10,6,1,0,1,0,0.927,123.7
TUTU7107889,Export,Seafood,Reefer,PSA_SICAL,3,3,0,0,0,0,0.946,41.9
TUTU5795486,Export,Granite,Dry,PSA_SICAL,5,1,0,0,0,0,0.816,48.6
TUTU2133020,Import,Electronics,Dry,PSA_SICAL,1,1,0,0,0,0,0.785,56.4
TUTU5425682,Import,Seafood,Reefer,DBGT,3,5,1,0,0,1,0.716,80.5
TUTU1437194,Import,Electronics,Dry,DBGT,5,1,0,0,0,0,0.887,79.6
TUTU6251462,Export,Seafood,Reefer,DBGT,12,1,0,0,1,1,0.843,71.1
TUTU8502918,Import,Chemicals,Hazardous,DBGT,6,1,0,0,0,0,0.832,86.0
TUTU6718329,Export,Sugar,Dry,PSA_SICAL,3,1,0,0,0,0,0.854,46.2
TUTU4365790,Export,Salt,Dry,PSA_SICAL,4,6,1,0,0,0,0.809,38.2
TUTU5924714,Export,Granite,Dry,PSA_SICAL,8,4,0,0,0,0,0.832,52.7
TUTU7450254,Export,Machinery,ODC,DBGT,4,3,0,0,0,0,0.84,60.3
TUTU8820637,Export,Textiles,Dry,PSA_SICAL,12,6,1,0,1,0,0.793,55.8
TUTU1255578,Export,Seafood,Reefer,PSA_SICAL,4,4,0,0,0,0,0.959,45.6
TUTU8734950,Export,Granite,Dry,PSA_SICAL,11,6,1,0,1,0,0.866,73.0
TUTU8548882,Import,Timber,Dry,PSA_SICAL,4,1,0,0,0,0,0.855,73.3
TUTU8931400,Export,Seafood,Reefer,DBGT,12,6,1,0,1,0,0.76,26.0
TUTU2134180,Export,Seafood,Reefer,DBGT,2,0,0,0,0,0,0.822,24.1
TUTU3363247,Import,Coal,Dry,PSA_SICAL,1,6,1,0,0,0,0.843,95.4
TUTU2586707,Import,Machinery,ODC,PSA_SICAL,12,5,1,0,1,0,0.854,115.0
TUTU5065706,Import,Seafood,Reefer,PSA_SICAL,4,3,0,0,0,0,0.735,45.3
TUTU3819432,Export,Textiles,Dry,PSA_SICAL,9,1,0,0,0,0,0.851,49.1
TUTU5640106,Export,Salt,Dry,PSA_SICAL,9,5,1,0,0,0,0.848,54.9
TUTU3517925,Export,Seafood,Reefer,PSA_SICAL,4,0,0,0,0,0,0.824,24.1
TUTU4395189,Export,Seafood,Reefer,PSA_SICAL,7,0,0,0,0,0,0.754,26.0
TUTU8571084,Import,Machinery,ODC,DBGT,5,4,0,0,0,1,0.851,114.0
TUTU2229365,Export,Textiles,Dry,PSA_SICAL,2,2,0,0,0,0,0.928,64.2
TUTU5519525,Export,Seafood,Reefer,PSA_SICAL,2,3,0,0,0,0,0.888,39.6
TUTU6161368,Import,Coal,Dry,PSA_SICAL,7,2,0,0,0,0,0.86,83.2
TUTU3741081,Import,Coal,Dry,PSA_SICAL,2,0,0,0,0,0,0.766,66.2
TUTU4849886,Export,Electronics,Dry,PSA_SICAL,1,1,0,0,0,0,0.764,38.5
TUTU8242682,Export,Salt,Dry,PSA_SICAL,11,5,1,0,1,1,0.872,106.8
TUTU7288144,Import,Seafood,Reefer,DBGT,8,5,1,0,0,0,0.853,53.9
TUTU4413070,Export,Machinery,ODC,PSA_SICAL,7,0,0,0,0,1,0.891,100.1
TUTU4748401,Import,Seafood,Reefer,PSA_SICAL,4,1,0,1,0,0,0.797,60.2
TUTU7036745,Import,Timber,Dry,PSA_SICAL,3,4,0,0,0,0,0.765,70.0
TUTU5247316,Import,Chemicals,Hazardous,PSA_SICAL,11,5,1,0,1,0,0.796,98.3
TUTU5610011,Import,Timber,Dry,DBGT,3,5,1,0,0,0,0.796,64.1
TUTU4867894,Import,Electronics,Dry,PSA_SICAL,9,0,0,0,0,0,0.897,77.1
TUTU7118317,Import,Electronics,Dry,PSA_SICAL,8,6,1,0,0,1,0.811,99.0
TUTU2272094,Export,Electronics,Dry,DBGT,6,0,0,0,0,0,0.845,45.3
TUTU6260765,Export,Seafood,Reefer,DBGT,12,2,0,0,1,0,0.807,21.0
TUTU9388497,Import,Coal,Dry,DBGT,1,0,0,0,0,0,0.801,69.8
TUTU6410191,Import,Chemicals,Hazardous,PSA_SICAL,3,4,0,0,0,0,0.836,90.8
TUTU2635680,Export,Granite,Dry,PSA_SICAL,4,2,0,0,0,1,0.798,83.0
TUTU2981213,Import,Coal,Dry,PSA_SICAL,12,2,0,0,1,0,0.821,96.4
TUTU2188829,Export,Salt,Dry,DBGT,9,5,1,0,0,0,0.831,49.4
TUTU5488917,Export,Granite,Dry,PSA_SICAL,7,4,0,0,0,0,0.808,39.5
TUTU3067440,Import,Coal,Dry,PSA_SICAL,2,3,0,0,0,0,0.805,70.0
TUTU2018594,Export,Machinery,ODC,PSA_SICAL,8,6,1,0,0,0,0.872,64.4
TUTU9108024,Import,Coal,Dry,DBGT,6,0,0,0,0,0,0.846,86.4
TUTU6353525,Export,Granite,Dry,DBGT,7,4,0,0,0,1,0.736,73.2
TUTU4902695,Export,Seafood,Reefer,PSA_SICAL,6,3,0,0,0,0,0.86,27.9
TUTU7482375,Export,Seafood,Reefer,DBGT,2,3,0,0,0,0,0.814,24.9
TUTU8224373,Import,Machinery,ODC,PSA_SICAL,8,6,1,0,0,0,0.745,78.9
TUTU7079702,Export,Salt,Dry,DBGT,10,4,0,0,1,1,0.872,98.3
TUTU7488490,Export,Granite,Dry,PSA_SICAL,6,0,0,0,0,0,0.873,53.6
TUTU3484493,Import,Electronics,Dry,DBGT,2,2,0,0,0,1,0.784,84.7
TUTU3798351,Export,Machinery,ODC,PSA_SICAL,8,4,0,0,0,0,0.831,56.1
TUTU8046070,Export,Granite,Dry,DBGT,5,4,0,0,0,0,0.847,50.6
TUTU3641319,Export,Seafood,Reefer,PSA_SICAL,6,1,0,0,0,0,0.933,44.0
TUTU8528251,Export,Seafood,Reefer,PSA_SICAL,1,3,0,0,0,0,0.804,17.7
TUTU4196931,Export,Electronics,Dry,PSA_SICAL,9,0,0,0,0,0,0.786,45.0
TUTU9388593,Export,Seafood,Reefer,PSA_SICAL,1,2,0,0,0,0,0.783,18.4
TUTU3505733,Import,Chemicals,Hazardous,DBGT,12,1,0,0,1,0,0.883,109.7
TUTU8740471,Export,Seafood,Reefer,DBGT,7,0,0,0,0,0,0.771,17.6
TUTU7967188,Export,Seafood,Reefer,DBGT,2,5,1,0,0,0,0.787,23.7
TUTU4635055,Import,Chemicals,Hazardous,DBGT,7,3,0,0,0,0,0.881,96.3
TUTU4197741,Export,Textiles,Dry,PSA_SICAL,5,3,0,0,0,0,0.857,46.6
TUTU8492170,Export,Machinery,ODC,PSA_SICAL,6,4,0,0,0,0,0.712,53.2
TUTU5079492,Export,Machinery,ODC,PSA_SICAL,10,0,0,0,1,0,0.905,84.1
TUTU8146566,Import,Electronics,Dry,PSA_SICAL,2,2,0,0,0,0,0.826,67.6
TUTU9563833,Import,Machinery,ODC,PSA_SICAL,4,0,0,0,0,0,0.885,98.4
TUTU6933780,Import,Timber,Dry,PSA_SICAL,11,6,1,0,1,1,0.677,136.6
TUTU8629617,Export,Seafood,Reefer,PSA_SICAL,1,0,0,0,0,0,0.85,32.3
TUTU7945896,Import,Chemicals,Hazardous,DBGT,8,6,1,0,0,0,0.899,95.8
TUTU4360784,Import,Timber,Dry,PSA_SICAL,4,1,0,0,0,0,0.731,73.9
TUTU3699347,Import,Coal,Dry,PSA_SICAL,4,5,1,0,0,0,0.792,70.2
TUTU6465721,Export,Salt,Dry,PSA_SICAL,5,4,0,0,0,0,0.801,38.0
TUTU4817269,Export,Granite,Dry,PSA_SICAL,2,0,0,0,0,0,0.724,39.6
TUTU5214907,Import,Machinery,ODC,PSA_SICAL,5,3,0,0,0,1,0.756,102.0
TUTU6252572,Import,Machinery,ODC,PSA_SICAL,9,0,0,0,0,0,0.855,88.5
TUTU4169132,Import,Chemicals,Hazardous,DBGT,10,5,1,0,1,0,0.899,132.5
TUTU4571725,Import,Timber,Dry,PSA_SICAL,2,6,1,0,0,1,0.821,107.2
TUTU9929643,Export,Granite,Dry,DBGT,7,5,1,0,0,0,0.81,44.5
TUTU7143830,Import,EdibleOil,LiquidBulk,PSA_SICAL,7,4,0,0,0,0,0.796,71.9
TUTU9908590,Import,Coal,Dry,PSA_SICAL,11,0,0,0,1,0,0.785,85.6
TUTU1208004,Import,Timber,Dry,PSA_SICAL,9,1,0,0,0,1,0.854,107.9
TUTU1256775,Export,Granite,Dry,DBGT,7,4,0,0,0,0,0.802,50.4
TUTU4597674,Export,Salt,Dry,DBGT,9,4,0,0,0,1,0.924,91.7
TUTU3015022,Import,Electronics,Dry,DBGT,2,1,0,0,0,0,0.869,71.9
TUTU2653654,Export,Granite,Dry,PSA_SICAL,11,2,0,0,1,0,0.871,71.8
TUTU9784330,Export,Machinery,ODC,DBGT,1,5,1,0,0,1,0.807,96.1
TUTU1264174,Export,Seafood,Reefer,DBGT,11,4,0,0,1,0,0.879,45.2
TUTU1478694,Import,Coal,Dry,PSA_SICAL,2,6,1,0,0,0,0.804,84.5
TUTU6532671,Import,Machinery,ODC,PSA_SICAL,2,3,0,0,0,0,0.85,81.6
TUTU9152851,Import,Machinery,ODC,PSA_SICAL,1,4,0,0,0,0,0.77,75.0
TUTU5773444,Import,Machinery,ODC,PSA_SICAL,6,6,1,0,0,0,0.773,78.3
TUTU2836849,Export,Seafood,Reefer,PSA_SICAL,6,0,0,0,0,0,0.797,19.5
TUTU2608867,Export,Seafood,Reefer,PSA_SICAL,6,6,1,0,0,0,0.822,19.3
TUTU6122456,Export,Granite,Dry,PSA_SICAL,2,2,0,0,0,0,0.787,37.1
TUTU8046849,Import,Machinery,ODC,DBGT,7,2,0,0,0,0,0.868,82.1
TUTU2063018,Export,Seafood,Reefer,PSA_SICAL,1,6,1,0,0,0,0.843,32.5
TUTU2229562,Import,EdibleOil,LiquidBulk,PSA_SICAL,6,6,1,0,0,0,0.846,79.0
TUTU2775708,Export,Seafood,Reefer,DBGT,12,2,0,0,1,0,0.899,56.9
TUTU4580552,Import,Electronics,Dry,PSA_SICAL,7,5,1,0,0,1,0.837,100.3
TUTU2981353,Export,Electronics,Dry,PSA_SICAL,12,2,0,0,1,1,0.8,85.1
TUTU8805891,Import,Chemicals,Hazardous,PSA_SICAL,5,5,1,0,0,0,0.73,86.1
TUTU5013734,Export,Seafood,Reefer,PSA_SICAL,7,1,0,0,0,0,0.83,22.9
TUTU8098788,Export,Granite,Dry,PSA_SICAL,6,4,0,0,0,1,0.807,76.2
TUTU1014177,Export,Seafood,Reefer,DBGT,11,5,1,0,1,0,0.772,46.4
TUTU4393983,Export,Salt,Dry,DBGT,8,6,1,0,0,0,0.883,65.3
TUTU9830112,Export,Salt,Dry,DBGT,5,4,0,0,0,0,0.853,44.3
TUTU3970706,Import,Electronics,Dry,PSA_SICAL,5,4,0,0,0,0,0.799,57.8
TUTU2438342,Export,Seafood,Reefer,DBGT,8,6,1,0,0,0,0.764,22.6
TUTU6524504,Import,Chemicals,Hazardous,PSA_SICAL,5,4,0,0,0,0,0.854,86.2
TUTU2392541,Export,Granite,Dry,DBGT,12,1,0,0,1,0,0.963,84.3
TUTU3972197,Import,Electronics,Dry,DBGT,11,1,0,0,1,0,0.85,85.6
TUTU3115862,Import,Timber,Dry,PSA_SICAL,4,5,1,0,0,1,0.862,118.8
TUTU3731078,Export,Seafood,Reefer,DBGT,10,0,0,0,1,0,0.857,35.3
TUTU5456275,Import,Seafood,Reefer,DBGT,12,0,0,0,1,0,0.877,66.2
TUTU2692168,Export,Machinery,ODC,DBGT,4,3,0,0,0,0,0.84,55.5
TUTU7629110,Export,Seafood,Reefer,DBGT,10,0,0,0,1,0,0.827,27.1
TUTU3885275,Import,Coal,Dry,PSA_SICAL,10,1,0,0,1,0,0.855,100.5
TUTU7428068,Import,Chemicals,Hazardous,PSA_SICAL,4,3,0,0,0,0,0.779,79.8
TUTU3859447,Export,Electronics,Dry,PSA_SICAL,8,5,1,0,0,0,0.812,51.2
TUTU6407438,Import,Electronics,Dry,DBGT,2,5,1,0,0,0,0.856,71.6
TUTU2974946,Import,EdibleOil,LiquidBulk,PSA_SICAL,9,6,1,0,0,0,0.806,92.4
TUTU8409156,Export,Textiles,Dry,PSA_SICAL,5,2,0,0,0,0,0.912,58.6
TUTU6576445,Export,Seafood,Reefer,PSA_SICAL,4,4,0,0,0,1,0.777,44.7
TUTU3347899,Export,Seafood,Reefer,PSA_SICAL,8,3,0,0,0,1,0.848,60.9
TUTU8522871,Export,Sugar,Dry,PSA_SICAL,10,1,0,0,1,0,0.79,53.1
TUTU3556980,Import,Coal,Dry,PSA_SICAL,5,0,0,0,0,0,0.839,75.0
TUTU9924213,Export,Seafood,Reefer,PSA_SICAL,6,5,1,0,0,0,0.81,34.0
TUTU2731599,Import,EdibleOil,LiquidBulk,DBGT,12,6,1,0,1,0,0.862,116.6
TUTU1313308,Import,EdibleOil,LiquidBulk,DBGT,9,5,1,0,0,0,0.822,79.6
TUTU2148798,Export,Salt,Dry,DBGT,11,1,0,0,1,0,0.861,56.7
TUTU1237766,Import,Chemicals,Hazardous,PSA_SICAL,5,0,0,0,0,0,0.753,81.9
TUTU3389505,Import,EdibleOil,LiquidBulk,PSA_SICAL,7,1,0,0,0,0,0.826,84.3
TUTU1419930,Export,Seafood,Reefer,PSA_SICAL,9,1,0,0,0,0,0.797,24.0
TUTU4303485,Import,Machinery,ODC,DBGT,12,0,0,0,1,0,0.861,103.7
TUTU8350880,Import,Electronics,Dry,PSA_SICAL,12,4,0,0,1,0,0.895,100.5
TUTU2630889,Import,Chemicals,Hazardous,DBGT,2,2,0,0,0,0,0.781,74.2
TUTU8424184,Export,Salt,Dry,PSA_SICAL,9,1,0,0,0,0,0.916,58.0
TUTU7991123,Import,Timber,Dry,DBGT,10,0,0,0,1,0,0.786,82.8
TUTU8198203,Import,Electronics,Dry,PSA_SICAL,12,2,0,0,1,0,0.88,98.9
TUTU3905918,Export,Textiles,Dry,PSA_SICAL,2,4,0,0,0,0,0.766,37.7
TUTU5053681,Import,Chemicals,Hazardous,DBGT,1,1,0,0,0,0,0.905,93.1
TUTU8449249,Import,Machinery,ODC,PSA_SICAL,8,4,0,0,0,0,0.787,72.6
TUTU7838193,Import,Machinery,ODC,PSA_SICAL,6,6,1,0,0,0,0.864,88.6
TUTU6168375,Export,Seafood,Reefer,PSA_SICAL,2,3,0,0,0,1,0.833,66.8
TUTU1696833,Import,Seafood,Reefer,PSA_SICAL,9,5,1,0,0,0,0.81,52.6
TUTU1583772,Export,Granite,Dry,PSA_SICAL,11,3,0,0,1,0,0.813,54.3
TUTU5854447,Import,Machinery,ODC,PSA_SICAL,7,0,0,0,0,0,0.817,78.3
TUTU7542849,Import,Machinery,ODC,PSA_SICAL,12,6,1,0,1,1,0.862,146.4
TUTU2207277,Import,EdibleOil,LiquidBulk,PSA_SICAL,8,6,1,0,0,0,0.714,74.9
TUTU3465947,Export,Seafood,Reefer,DBGT,11,5,1,0,1,0,0.777,27.6
TUTU4571987,Import,Timber,Dry,DBGT,11,2,0,0,1,0,0.759,82.6
TUTU5696312,Import,Seafood,Reefer,PSA_SICAL,10,3,0,0,1,1,0.826,98.2
TUTU4380361,Export,Granite,Dry,DBGT,2,4,0,0,0,0,0.779,42.9
TUTU4312266,Import,Seafood,Reefer,PSA_SICAL,7,2,0,0,0,1,0.812,79.2
TUTU1730794,Import,Machinery,ODC,PSA_SICAL,7,6,1,0,0,0,0.864,84.3
TUTU4710856,Import,Electronics,Dry,PSA_SICAL,8,4,0,0,0,0,0.739,55.5
TUTU1353348,Export,Electronics,Dry,DBGT,11,3,0,0,1,0,0.804,48.5
TUTU4265442,Export,Sugar,Dry,DBGT,6,5,1,0,0,0,0.847,43.4
TUTU2015852,Export,Machinery,ODC,PSA_SICAL,5,0,0,0,0,0,0.785,56.7
TUTU9080239,Export,Granite,Dry,DBGT,8,6,1,0,0,0,0.777,45.3
TUTU2487836,Export,Seafood,Reefer,PSA_SICAL,7,0,0,0,0,0,0.876,32.6
TUTU3033326,Export,Seafood,Reefer,PSA_SICAL,4,3,0,0,0,0,0.799,19.1
TUTU9155678,Export,Electronics,Dry,PSA_SICAL,7,5,1,0,0,0,0.812,49.6
TUTU7791557,Export,Electronics,Dry,PSA_SICAL,12,1,0,0,1,0,0.843,51.4
TUTU5258709,Import,EdibleOil,LiquidBulk,PSA_SICAL,3,6,1,0,0,0,0.901,90.1
TUTU5181904,Export,Salt,Dry,DBGT,11,0,0,0,1,0,0.802,49.2
TUTU6876222,Export,Textiles,Dry,PSA_SICAL,12,3,0,1,1,0,0.732,78.2
TUTU6435225,Export,Sugar,Dry,PSA_SICAL,2,5,1,1,0,0,0.797,63.9
TUTU8746254,Import,Electronics,Dry,DBGT,6,2,0,1,0,0,0.746,81.1
TUTU2129950,Export,Salt,Dry,DBGT,1,4,0,0,0,1,0.86,80.3
TUTU6830383,Export,Granite,Dry,DBGT,7,6,1,0,0,1,0.705,72.4
TUTU3517435,Export,Granite,Dry,DBGT,12,4,0,0,1,0,0.776,48.9
TUTU8152719,Export,Seafood,Reefer,DBGT,5,1,0,0,0,0,0.848,36.0
TUTU1934874,Import,Chemicals,Hazardous,DBGT,4,1,0,0,0,0,0.823,77.7
TUTU4006015,Export,Salt,Dry,DBGT,10,5,1,0,1,0,0.755,65.6
TUTU6375409,Import,Electronics,Dry,DBGT,6,2,0,0,0,0,0.773,64.7
TUTU6692642,Export,Machinery,ODC,PSA_SICAL,9,1,0,0,0,1,0.859,88.9
TUTU3153438,Export,Machinery,ODC,DBGT,1,4,0,0,0,0,0.839,58.5
TUTU6148924,Import,Timber,Dry,PSA_SICAL,11,6,1,0,1,0,0.837,92.7
TUTU6789366,Import,Coal,Dry,DBGT,2,6,1,0,0,0,0.878,82.4
TUTU3332082,Export,Granite,Dry,DBGT,6,3,0,0,0,0,0.85,55.0
TUTU4665371,Export,Salt,Dry,PSA_SICAL,12,2,0,0,1,0,0.845,53.4
TUTU5306298,Export,Salt,Dry,PSA_SICAL,10,4,0,0,1,0,0.824,49.0
TUTU5067586,Import,Machinery,ODC,DBGT,5,3,0,0,0,0,0.837,77.9
TUTU5696354,Export,Salt,Dry,PSA_SICAL,3,5,1,0,0,1,0.792,68.2
TUTU7737518,Import,Coal,Dry,PSA_SICAL,4,5,1,0,0,0,0.794,79.1
TUTU6255986,Import,EdibleOil,LiquidBulk,PSA_SICAL,9,3,0,0,0,0,0.855,83.6
TUTU8407938,Export,Sugar,Dry,DBGT,12,3,0,0,1,1,0.843,94.1
TUTU3180521,Export,Seafood,Reefer,PSA_SICAL,12,6,1,0,1,0,0.689,25.0
TUTU3814852,Import,Timber,Dry,PSA_SICAL,4,3,0,0,0,0,0.795,63.5
TUTU9733275,Export,Electronics,Dry,PSA_SICAL,11,4,0,0,1,0,0.777,49.1
TUTU2168704,Export,Seafood,Reefer,PSA_SICAL,12,4,0,0,1,0,0.798,22.0
TUTU4766576,Export,Granite,Dry,DBGT,1,0,0,0,0,0,0.798,51.2
TUTU9678633,Import,Coal,Dry,DBGT,10,5,1,0,1,0,0.885,106.6
TUTU2997269,Export,Granite,Dry,DBGT,2,2,0,0,0,0,0.855,54.8
TUTU1839313,Import,Electronics,Dry,PSA_SICAL,7,1,0,0,0,0,0.819,58.6
TUTU6479782,Import,Electronics,Dry,DBGT,3,0,0,0,0,0,0.884,78.9
TUTU8637686,Import,Machinery,ODC,PSA_SICAL,5,5,1,0,0,0,0.854,92.4
TUTU2747125,Export,Salt,Dry,PSA_SICAL,7,0,0,0,0,1,0.817,66.9
TUTU9783091,Export,Granite,Dry,PSA_SICAL,3,2,0,0,0,0,0.898,61.7
TUTU8876204,Import,Coal,Dry,PSA_SICAL,9,0,0,0,0,0,0.791,68.6
TUTU6624211,Import,Chemicals,Hazardous,PSA_SICAL,5,6,1,0,0,1,0.806,116.5
TUTU9950767,Import,Coal,Dry,PSA_SICAL,11,6,1,0,1,0,0.762,90.6
TUTU5712198,Export,Salt,Dry,PSA_SICAL,11,3,0,0,1,0,0.767,45.3
TUTU8522760,Export,Seafood,Reefer,PSA_SICAL,2,3,0,1,0,0,0.785,59.8
TUTU6639691,Import,Chemicals,Hazardous,DBGT,11,2,0,0,1,0,0.847,115.0
TUTU2924837,Import,EdibleOil,LiquidBulk,PSA_SICAL,4,0,0,0,0,0,0.701,71.0
TUTU4398667,Export,Salt,Dry,DBGT,2,3,0,0,0,0,0.84,41.8
TUTU4443176,Import,Machinery,ODC,PSA_SICAL,5,6,1,0,0,1,0.796,115.9
TUTU6176527,Export,Machinery,ODC,DBGT,9,5,1,0,0,0,0.793,50.9
TUTU3797449,Export,Textiles,Dry,DBGT,3,5,1,0,0,0,0.887,57.9
TUTU7626490,Export,Electronics,Dry,PSA_SICAL,4,2,0,0,0,0,0.883,53.9
TUTU7222052,Export,Textiles,Dry,PSA_SICAL,2,0,0,0,0,0,0.811,44.6
TUTU6879670,Export,Salt,Dry,PSA_SICAL,11,3,0,0,1,0,0.8,46.3
TUTU3558231,Export,Machinery,ODC,DBGT,10,6,1,0,1,0,0.822,81.6
TUTU5380550,Import,Seafood,Reefer,PSA_SICAL,5,4,0,0,0,0,0.815,41.7
TUTU2256774,Export,Seafood,Reefer,PSA_SICAL,6,6,1,0,0,0,0.782,22.5
TUTU8601904,Export,Textiles,Dry,DBGT,8,2,0,0,0,0,0.793,43.2
TUTU9497700,Import,EdibleOil,LiquidBulk,DBGT,5,1,0,0,0,0,0.903,87.8
TUTU6094208,Import,Chemicals,Hazardous,PSA_SICAL,4,5,1,0,0,0,0.762,81.7
TUTU6345541,Export,Machinery,ODC,PSA_SICAL,6,4,0,0,0,0,0.804,52.0
TUTU2934170,Export,Seafood,Reefer,PSA_SICAL,12,3,0,0,1,0,0.805,26.5
TUTU4074773,Export,Seafood,Reefer,DBGT,7,6,1,0,0,0,0.81,26.7
TUTU5321693,Import,Coal,Dry,PSA_SICAL,8,5,1,0,0,0,0.813,79.6
TUTU7410129,Export,Salt,Dry,PSA_SICAL,9,0,0,0,0,0,0.879,50.4
TUTU5563613,Import,Electronics,Dry,PSA_SICAL,8,4,0,0,0,0,0.779,62.5
TUTU9622343,Export,Seafood,Reefer,PSA_SICAL,1,4,0,0,0,0,0.806,38.7
TUTU3922548,Export,Textiles,Dry,PSA_SICAL,7,1,0,0,0,1,0.933,91.4
TUTU4588441,Export,Seafood,Reefer,PSA_SICAL,2,5,1,0,0,0,0.836,34.7
TUTU4673966,Export,Granite,Dry,PSA_SICAL,8,4,0,0,0,0,0.822,48.6
TUTU3027613,Export,Granite,Dry,PSA_SICAL,1,3,0,0,0,0,0.827,54.3
TUTU3267079,Export,Sugar,Dry,DBGT,4,2,0,0,0,1,0.768,66.8
TUTU1419113,Export,Salt,Dry,PSA_SICAL,8,3,0,0,0,0,0.784,33.4
TUTU8029601,Import,EdibleOil,LiquidBulk,PSA_SICAL,12,6,1,0,1,0,0.734,87.3
TUTU8108391,Export,Salt,Dry,PSA_SICAL,7,3,0,0,0,0,0.814,40.3
TUTU1625959,Export,Seafood,Reefer,DBGT,9,0,0,0,0,0,0.835,27.7
TUTU2913464,Export,Salt,Dry,PSA_SICAL,10,0,0,1,1,0,0.858,96.2
TUTU6769155,Import,Chemicals,Hazardous,PSA_SICAL,12,2,0,0,1,0,0.753,103.2
TUTU7130738,Export,Salt,Dry,PSA_SICAL,1,5,1,0,0,0,0.927,64.1
TUTU1610267,Export,Electronics,Dry,PSA_SICAL,9,3,0,0,0,0,0.816,40.6
TUTU4576650,Import,EdibleOil,LiquidBulk,PSA_SICAL,10,5,1,0,1,0,0.82,96.9
TUTU5420620,Import,Chemicals,Hazardous,DBGT,4,6,1,0,0,0,0.87,100.9
TUTU8903614,Export,Seafood,Reefer,PSA_SICAL,11,2,0,0,1,0,0.807,21.6
TUTU6636077,Export,Sugar,Dry,PSA_SICAL,2,0,0,0,0,0,0.911,60.8
TUTU9683413,Export,Sugar,Dry,DBGT,11,5,1,0,1,0,0.827,61.4
TUTU5891196,Import,Coal,Dry,PSA_SICAL,5,2,0,0,0,0,0.86,78.8
TUTU6194229,Import,Seafood,Reefer,DBGT,12,2,0,1,1,0,0.778,77.9
TUTU7994894,Export,Granite,Dry,DBGT,12,4,0,0,1,1,0.862,101.3
TUTU6394989,Import,Electronics,Dry,PSA_SICAL,6,0,0,0,0,0,0.936,85.0
TUTU9465741,Export,Seafood,Reefer,PSA_SICAL,5,6,1,1,0,0,0.839,52.2
TUTU9824493,Export,Machinery,ODC,PSA_SICAL,1,6,1,0,0,0,0.912,75.7
TUTU5445566,Export,Granite,Dry,PSA_SICAL,8,2,0,0,0,0,0.852,47.3
TUTU9044337,Import,Chemicals,Hazardous,PSA_SICAL,5,5,1,0,0,1,0.8,113.0
TUTU8357702,Import,Coal,Dry,PSA_SICAL,12,0,0,0,1,0,0.805,100.2
TUTU5300425,Export,Machinery,ODC,DBGT,5,1,0,0,0,1,0.824,81.7
TUTU9739469,Export,Electronics,Dry,PSA_SICAL,4,4,0,0,0,0,0.787,37.3
TUTU2927124,Export,Machinery,ODC,PSA_SICAL,5,4,0,0,0,0,0.765,58.0
TUTU2001050,Export,Granite,Dry,DBGT,1,6,1,0,0,1,0.846,84.9
TUTU8417822,Export,Textiles,Dry,DBGT,1,4,0,0,0,0,0.843,47.8
TUTU5508419,Import,Seafood,Reefer,PSA_SICAL,8,3,0,0,0,0,0.775,46.0
TUTU6614271,Export,Electronics,Dry,DBGT,10,5,1,0,1,0,0.862,61.4
TUTU4167215,Import,Coal,Dry,PSA_SICAL,4,2,0,0,0,0,0.778,69.2
TUTU5498483,Import,Chemicals,Hazardous,DBGT,10,0,0,0,1,0,0.803,93.3
TUTU5353798,Import,Machinery,ODC,DBGT,10,5,1,0,1,0,0.752,98.1
TUTU1758127,Import,Machinery,ODC,PSA_SICAL,4,0,0,0,0,0,0.9,102.1
TUTU5763989,Export,Machinery,ODC,PSA_SICAL,3,2,0,0,0,1,0.771,89.3
TUTU7444850,Import,Timber,Dry,PSA_SICAL,6,6,1,0,0,0,0.824,85.6
TUTU2790085,Export,Salt,Dry,DBGT,10,0,0,0,1,1,0.866,95.5
TUTU7880032,Export,Granite,Dry,DBGT,9,0,0,0,0,0,0.774,39.1
TUTU8555922,Export,Granite,Dry,DBGT,6,2,0,0,0,0,0.838,55.3
TUTU2167604,Export,Textiles,Dry,PSA_SICAL,12,1,0,0,1,0,0.757,47.1
TUTU1107323,Export,Salt,Dry,PSA_SICAL,9,5,1,0,0,0,0.852,52.1
TUTU1616267,Import,Coal,Dry,DBGT,9,6,1,0,0,0,0.751,72.7
TUTU7551405,Import,Timber,Dry,DBGT,1,6,1,0,0,0,0.766,65.4
TUTU1927598,Export,Granite,Dry,PSA_SICAL,7,1,0,1,0,0,0.856,72.2
TUTU5499354,Export,Granite,Dry,DBGT,1,3,0,0,0,0,0.835,45.8
TUTU1128976,Export,Salt,Dry,PSA_SICAL,11,4,0,0,1,0,0.861,53.3
TUTU8994950,Export,Granite,Dry,PSA_SICAL,2,6,1,0,0,1,0.756,77.0
TUTU9391350,Export,Seafood,Reefer,PSA_SICAL,9,1,0,0,0,0,0.76,17.9
TUTU3164821,Export,Sugar,Dry,PSA_SICAL,11,1,0,0,1,1,0.835,92.1
TUTU7631609,Import,Timber,Dry,PSA_SICAL,9,0,0,0,0,0,0.786,67.8
TUTU9702925,Export,Granite,Dry,DBGT,10,4,0,0,1,0,0.746,57.8
TUTU1913621,Export,Granite,Dry,PSA_SICAL,9,2,0,0,0,0,0.759,47.5
TUTU3924668,Export,Electronics,Dry,DBGT,7,6,1,0,0,0,0.864,54.2
TUTU8642096,Export,Textiles,Dry,DBGT,11,0,0,0,1,0,0.778,50.0
TUTU6712494,Export,Salt,Dry,PSA_SICAL,9,1,0,0,0,0,0.896,50.1
TUTU9046005,Import,EdibleOil,LiquidBulk,DBGT,6,0,0,0,0,0,0.761,78.9
TUTU9478897,Export,Sugar,Dry,PSA_SICAL,7,2,0,0,0,0,0.679,38.5
TUTU7134685,Export,Textiles,Dry,PSA_SICAL,7,2,0,0,0,1,0.819,71.2
TUTU5066217,Export,Sugar,Dry,PSA_SICAL,12,2,0,0,1,0,0.907,66.4
TUTU3599365,Export,Sugar,Dry,DBGT,12,2,0,0,1,0,0.78,46.4
TUTU1645562,Import,Coal,Dry,DBGT,8,6,1,0,0,0,0.81,74.1
TUTU7994994,Export,Machinery,ODC,PSA_SICAL,4,2,0,0,0,1,0.88,107.5
TUTU4795906,Export,Machinery,ODC,DBGT,7,1,0,0,0,0,0.774,50.9
TUTU2925534,Export,Seafood,Reefer,PSA_SICAL,12,1,0,0,1,1,0.848,66.6
TUTU3574636,Import,EdibleOil,LiquidBulk,DBGT,1,6,1,0,0,0,0.756,77.7
TUTU9007047,Import,Coal,Dry,PSA_SICAL,2,3,0,0,0,0,0.862,79.7
TUTU5077236,Import,Electronics,Dry,DBGT,6,4,0,0,0,1,0.869,104.9
TUTU3934962,Export,Granite,Dry,PSA_SICAL,3,3,0,0,0,0,0.784,38.0
TUTU1954307,Import,Coal,Dry,PSA_SICAL,9,0,0,0,0,0,0.877,90.0
TUTU8220190,Import,Electronics,Dry,DBGT,3,2,0,0,0,0,0.815,63.7
TUTU3027374,Export,Seafood,Reefer,PSA_SICAL,2,4,0,0,0,0,0.812,25.5
TUTU7579431,Export,Salt,Dry,PSA_SICAL,1,3,0,0,0,0,0.777,36.3
TUTU4607220,Export,Salt,Dry,DBGT,2,4,0,0,0,0,0.829,41.7
TUTU4126585,Export,Sugar,Dry,PSA_SICAL,2,5,1,0,0,0,0.855,52.1
TUTU5639664,Import,Coal,Dry,PSA_SICAL,7,6,1,0,0,0,0.769,76.0
TUTU9185972,Export,Salt,Dry,DBGT,6,5,1,0,0,0,0.839,40.8
TUTU6922715,Export,Seafood,Reefer,PSA_SICAL,9,4,0,0,0,0,0.778,26.8
TUTU6599249,Import,Timber,Dry,PSA_SICAL,8,0,0,0,0,1,0.846,100.7
TUTU9802755,Export,Machinery,ODC,PSA_SICAL,11,5,1,0,1,0,0.849,88.6
TUTU6841701,Export,Seafood,Reefer,PSA_SICAL,11,0,0,0,1,0,0.895,40.9
TUTU5540148,Export,Seafood,Reefer,PSA_SICAL,8,0,0,0,0,0,0.854,34.5
TUTU5581850,Import,Chemicals,Hazardous,DBGT,8,2,0,0,0,0,0.859,89.5
TUTU5922051,Export,Textiles,Dry,DBGT,1,5,1,0,0,1,0.868,87.5
TUTU1730153,Import,Coal,Dry,PSA_SICAL,9,0,0,0,0,0,0.79,66.3
TUTU1766084,Import,Coal,Dry,PSA_SICAL,9,0,0,0,0,1,0.828,102.7
TUTU6569121,Import,Timber,Dry,PSA_SICAL,7,4,0,0,0,0,0.898,83.2
TUTU9067701,Import,Electronics,Dry,DBGT,3,4,0,0,0,0,0.802,59.5
TUTU5009440,Export,Salt,Dry,DBGT,8,5,1,0,0,0,0.698,38.8
TUTU4868399,Export,Sugar,Dry,PSA_SICAL,5,6,1,0,0,0,0.888,60.6
TUTU1130151,Export,Granite,Dry,PSA_SICAL,6,1,0,0,0,0,0.858,51.3
TUTU9652400,Export,Seafood,Reefer,PSA_SICAL,9,4,0,0,0,0,0.812,27.2
TUTU5764979,Export,Seafood,Reefer,DBGT,11,5,1,0,1,0,0.868,38.7
TUTU6556431,Export,Salt,Dry,DBGT,2,5,1,0,0,0,0.771,45.6
TUTU8742626,Export,Sugar,Dry,PSA_SICAL,4,2,0,0,0,1,0.798,69.7
TUTU2033599,Export,Textiles,Dry,PSA_SICAL,7,3,0,0,0,0,0.835,44.1
TUTU1883303,Export,Seafood,Reefer,PSA_SICAL,7,4,0,0,0,0,0.839,25.6
TUTU2706522,Export,Granite,Dry,DBGT,9,2,0,0,0,0,0.866,49.6
TUTU6959325,Export,Seafood,Reefer,PSA_SICAL,9,2,0,0,0,0,0.847,27.9
TUTU8649387,Import,Seafood,Reefer,DBGT,6,6,1,0,0,0,0.904,63.9
TUTU9472435,Import,Machinery,ODC,PSA_SICAL,4,4,0,0,0,0,0.901,94.0
TUTU3506211,Import,Coal,Dry,PSA_SICAL,12,1,0,0,1,1,0.784,131.8
TUTU8898428,Import,Coal,Dry,PSA_SICAL,7,4,0,0,0,0,0.828,86.7
TUTU8458489,Import,EdibleOil,LiquidBulk,PSA_SICAL,9,3,0,0,0,1,0.782,107.2
TUTU3378715,Import,Electronics,Dry,PSA_SICAL,1,0,0,0,0,0,0.732,63.3
TUTU1484825,Export,Salt,Dry,PSA_SICAL,5,3,0,0,0,1,0.828,71.0
TUTU5537782,Export,Textiles,Dry,DBGT,11,4,0,0,1,1,0.82,87.9
TUTU9047534,Import,EdibleOil,LiquidBulk,PSA_SICAL,9,4,0,0,0,0,0.864,78.3
TUTU9529948,Import,Seafood,Reefer,DBGT,9,1,0,0,0,0,0.817,42.0
TUTU5720567,Export,Seafood,Reefer,DBGT,1,1,0,0,0,1,0.802,50.4
TUTU4493712,Import,Timber,Dry,PSA_SICAL,7,4,0,0,0,0,0.801,68.7
TUTU4874558,Import,Chemicals,Hazardous,PSA_SICAL,2,6,1,0,0,0,0.806,87.9
TUTU1129182,Export,Salt,Dry,PSA_SICAL,8,5,1,0,0,0,0.836,48.1
TUTU5918313,Export,Salt,Dry,PSA_SICAL,7,4,0,0,0,0,0.809,36.7
TUTU4114929,Import,Chemicals,Hazardous,DBGT,3,2,0,0,0,0,0.737,83.5
TUTU2410570,Import,Chemicals,Hazardous,PSA_SICAL,6,0,0,0,0,0,0.785,73.7
TUTU2268071,Export,Seafood,Reefer,DBGT,8,3,0,0,0,0,0.807,17.1
TUTU8903384,Export,Granite,Dry,PSA_SICAL,7,6,1,0,0,0,0.868,54.6
TUTU2711291,Export,Granite,Dry,DBGT,11,2,0,0,1,0,0.807,53.8
TUTU4113795,Export,Salt,Dry,PSA_SICAL,12,5,1,0,1,0,0.895,69.3
TUTU9011389,Export,Seafood,Reefer,DBGT,11,6,1,0,1,1,0.747,71.9
TUTU8511820,Export,Machinery,ODC,PSA_SICAL,6,2,0,0,0,0,0.892,67.2
TUTU6469119,Export,Seafood,Reefer,PSA_SICAL,10,0,0,0,1,0,0.934,48.2
TUTU5751243,Import,Electronics,Dry,PSA_SICAL,1,2,0,0,0,0,0.762,67.7
TUTU2444722,Import,Seafood,Reefer,PSA_SICAL,11,1,0,0,1,0,0.823,59.8
TUTU1779503,Export,Seafood,Reefer,PSA_SICAL,1,1,0,1,0,0,0.859,47.7
TUTU2193442,Export,Seafood,Reefer,PSA_SICAL,2,2,0,0,0,0,0.807,20.3
TUTU9766687,Export,Granite,Dry,DBGT,12,4,0,0,1,0,0.781,53.5
TUTU7220002,Import,EdibleOil,LiquidBulk,PSA_SICAL,9,2,0,0,0,0,0.785,73.3
TUTU5298553,Export,Seafood,Reefer,DBGT,4,4,0,0,0,0,0.783,15.9
TUTU7331065,Import,Coal,Dry,PSA_SICAL,3,5,1,0,0,0,0.744,68.8
TUTU4013777,Export,Textiles,Dry,PSA_SICAL,9,6,1,0,0,0,0.885,62.5
TUTU8749544,Import,Electronics,Dry,DBGT,8,5,1,0,0,0,0.802,65.4
TUTU4008997,Export,Textiles,Dry,DBGT,11,2,0,1,1,0,0.823,82.8
TUTU3147404,Export,Seafood,Reefer,PSA_SICAL,6,6,1,0,0,0,0.788,24.4
TUTU2509282,Import,Electronics,Dry,PSA_SICAL,10,3,0,0,1,0,0.795,72.6
TUTU9689206,Export,Seafood,Reefer,DBGT,5,1,0,0,0,0,0.874,41.2
TUTU4818761,Export,Granite,Dry,PSA_SICAL,3,5,1,0,0,0,0.794,42.4
TUTU5288545,Export,Textiles,Dry,DBGT,2,2,0,0,0,0,0.824,39.3
TUTU5930956,Export,Textiles,Dry,DBGT,2,4,0,0,0,0,0.826,41.9
TUTU3846930,Export,Electronics,Dry,PSA_SICAL,6,1,0,0,0,0,0.861,48.9
TUTU1426451,Export,Sugar,Dry,DBGT,12,0,0,0,1,0,0.737,59.6
TUTU6223127,Import,Seafood,Reefer,DBGT,11,2,0,0,1,0,0.817,60.4
TUTU8515222,Export,Salt,Dry,PSA_SICAL,9,2,0,0,0,0,0.852,46.3
TUTU7542117,Import,Chemicals,Hazardous,PSA_SICAL,7,0,0,0,0,0,0.875,89.1
TUTU3412688,Import,Electronics,Dry,PSA_SICAL,9,1,0,0,0,0,0.871,72.5
TUTU3467383,Import,Timber,Dry,PSA_SICAL,5,6,1,0,0,0,0.833,83.5
TUTU5077635,Export,Sugar,Dry,PSA_SICAL,2,5,1,0,0,0,0.796,50.1
TUTU4201380,Import,Machinery,ODC,DBGT,12,6,1,0,1,0,0.839,117.8
TUTU8007222,Export,Salt,Dry,PSA_SICAL,10,0,0,0,1,0,0.752,45.0
TUTU9893059,Export,Electronics,Dry,PSA_SICAL,4,6,1,0,0,0,0.804,45.0
TUTU4413689,Export,Seafood,Reefer,DBGT,6,2,0,0,0,0,0.843,26.3
TUTU6904579,Export,Seafood,Reefer,PSA_SICAL,1,0,0,0,0,0,0.858,29.3
TUTU7873349,Import,Seafood,Reefer,DBGT,10,4,0,0,1,0,0.773,51.8
TUTU5191989,Import,Machinery,ODC,PSA_SICAL,4,3,0,0,0,0,0.808,74.4
TUTU9567266,Import,EdibleOil,LiquidBulk,PSA_SICAL,2,5,1,0,0,0,0.808,72.2
TUTU2232154,Import,Coal,Dry,DBGT,12,3,0,0,1,1,0.829,135.8
TUTU5319842,Export,Textiles,Dry,PSA_SICAL,3,3,0,0,0,0,0.782,39.1
TUTU3804594,Import,Coal,Dry,DBGT,7,6,1,0,0,1,0.847,114.2
TUTU4099356,Import,Electronics,Dry,PSA_SICAL,2,3,0,0,0,0,0.804,60.3
TUTU5909912,Export,Machinery,ODC,DBGT,11,6,1,0,1,1,0.871,123.2
TUTU5209436,Export,Salt,Dry,DBGT,2,3,0,0,0,0,0.879,47.6
TUTU1126911,Import,Timber,Dry,PSA_SICAL,11,3,0,1,1,1,0.78,148.9
TUTU9112263,Export,Seafood,Reefer,PSA_SICAL,8,3,0,0,0,0,0.9,39.4
TUTU5641250,Export,Sugar,Dry,PSA_SICAL,7,4,0,0,0,0,0.873,51.4
TUTU9262852,Export,Machinery,ODC,DBGT,7,2,0,0,0,1,0.795,82.2
TUTU2340929,Export,Seafood,Reefer,PSA_SICAL,7,2,0,1,0,0,0.775,58.0
TUTU6196953,Export,Seafood,Reefer,DBGT,12,2,0,0,1,0,0.808,31.3
TUTU7247522,Import,Coal,Dry,PSA_SICAL,12,1,0,0,1,0,0.839,102.7
TUTU2885189,Import,Electronics,Dry,PSA_SICAL,12,4,0,0,1,0,0.827,78.6
TUTU6639537,Import,Coal,Dry,DBGT,1,4,0,0,0,1,0.814,99.4
TUTU4090989,Export,Sugar,Dry,DBGT,11,5,1,0,1,0,0.803,61.4
TUTU6391570,Export,Salt,Dry,PSA_SICAL,2,5,1,0,0,0,0.798,31.7
TUTU5940387,Import,Chemicals,Hazardous,DBGT,12,2,0,0,1,0,0.814,103.2
TUTU3779259,Import,Chemicals,Hazardous,PSA_SICAL,6,1,0,0,0,0,0.731,77.8
TUTU1396420,Import,Seafood,Reefer,DBGT,3,4,0,0,0,0,0.808,41.9
TUTU7300894,Export,Sugar,Dry,DBGT,12,4,0,0,1,0,0.762,52.0
TUTU7722093,Export,Seafood,Reefer,DBGT,12,5,1,0,1,0,0.768,27.5
TUTU3815422,Export,Seafood,Reefer,PSA_SICAL,12,2,0,0,1,0,0.827,26.4
TUTU5384830,Import,Coal,Dry,DBGT,6,3,0,0,0,0,0.758,75.3
TUTU2708028,Import,Electronics,Dry,PSA_SICAL,7,6,1,0,0,0,0.842,72.9
TUTU8915992,Import,Coal,Dry,PSA_SICAL,6,5,1,0,0,0,0.799,66.9
TUTU1538478,Export,Seafood,Reefer,PSA_SICAL,5,6,1,0,0,0,0.723,19.9
TUTU8725020,Import,Coal,Dry,PSA_SICAL,7,5,1,0,0,0,0.777,70.5
TUTU8159970,Import,Machinery,ODC,DBGT,1,0,0,0,0,0,0.906,98.6
TUTU8937582,Export,Sugar,Dry,PSA_SICAL,2,5,1,0,0,1,0.732,69.4
TUTU1491480,Export,Granite,Dry,PSA_SICAL,11,3,0,0,1,0,0.882,67.7
TUTU5594643,Export,Granite,Dry,PSA_SICAL,8,4,0,0,0,0,0.877,58.1
TUTU2593647,Export,Granite,Dry,DBGT,2,6,1,0,0,0,0.823,47.8
TUTU5213710,Export,Sugar,Dry,PSA_SICAL,2,4,0,0,0,1,0.815,70.4
TUTU3988802,Export,Seafood,Reefer,PSA_SICAL,4,3,0,0,0,0,0.804,17.6
TUTU2553424,Export,Granite,Dry,PSA_SICAL,9,2,0,0,0,0,0.819,47.0
TUTU1862650,Export,Textiles,Dry,PSA_SICAL,10,5,1,0,1,1,0.783,90.2
TUTU7731581,Import,Electronics,Dry,DBGT,11,1,0,0,1,0,0.861,90.6
TUTU4453816,Import,Machinery,ODC,DBGT,4,2,0,0,0,1,0.725,115.2
TUTU3536357,Import,Coal,Dry,DBGT,7,2,0,0,0,0,0.85,76.0
TUTU9038442,Export,Salt,Dry,PSA_SICAL,6,0,0,0,0,0,0.861,46.8
TUTU4618303,Export,Sugar,Dry,DBGT,4,5,1,0,0,1,0.904,89.3
TUTU9927255,Import,Timber,Dry,DBGT,7,0,0,0,0,0,0.87,75.1
TUTU7037784,Export,Seafood,Reefer,PSA_SICAL,7,2,0,0,0,1,0.781,58.4
TUTU3784460,Export,Granite,Dry,DBGT,1,5,1,0,0,0,0.795,43.9
TUTU9024309,Export,Seafood,Reefer,DBGT,5,4,0,0,0,0,0.79,25.4
TUTU3333182,Import,Coal,Dry,PSA_SICAL,4,1,0,0,0,0,0.782,71.9
TUTU3852111,Export,Textiles,Dry,PSA_SICAL,1,4,0,0,0,0,0.764,51.4
TUTU3129957,Export,Electronics,Dry,PSA_SICAL,7,4,0,0,0,0,0.816,41.2
TUTU6260376,Import,Timber,Dry,DBGT,1,4,0,0,0,1,0.802,101.8
TUTU4141442,Import,EdibleOil,LiquidBulk,DBGT,9,2,0,0,0,0,0.854,78.5
TUTU2551906,Import,Coal,Dry,DBGT,10,3,0,0,1,0,0.751,86.7
TUTU5433068,Export,Sugar,Dry,DBGT,11,5,1,0,1,0,0.83,61.7
TUTU8075306,Import,Timber,Dry,PSA_SICAL,7,0,0,0,0,0,0.716,66.1
TUTU4389556,Export,Salt,Dry,DBGT,2,4,0,0,0,1,0.786,64.7
TUTU1629699,Export,Textiles,Dry,DBGT,8,2,0,0,0,1,0.921,96.8
TUTU3670927,Export,Granite,Dry,PSA_SICAL,5,4,0,0,0,0,0.847,69.5
TUTU8170175,Export,Seafood,Reefer,DBGT,2,4,0,0,0,1,0.889,61.8
TUTU9631337,Export,Textiles,Dry,DBGT,9,1,0,0,0,0,0.808,37.8
TUTU2221239,Import,Coal,Dry,PSA_SICAL,8,4,0,0,0,0,0.742,67.2
TUTU7088058,Import,Coal,Dry,DBGT,8,2,0,0,0,0,0.859,83.1
TUTU1721972,Import,Chemicals,Hazardous,PSA_SICAL,11,6,1,0,1,0,0.812,116.6
TUTU6802245,Export,Machinery,ODC,PSA_SICAL,1,6,1,0,0,0,0.84,65.4
TUTU2866820,Export,Electronics,Dry,PSA_SICAL,6,5,1,0,0,0,0.784,38.8
TUTU7418451,Export,Salt,Dry,PSA_SICAL,4,4,0,0,0,0,0.844,43.7
TUTU4177417,Import,Electronics,Dry,PSA_SICAL,5,6,1,1,0,0,0.805,89.4
TUTU3885373,Export,Granite,Dry,PSA_SICAL,6,4,0,0,0,0,0.778,45.9
TUTU5521946,Export,Granite,Dry,PSA_SICAL,6,3,0,0,0,0,0.902,59.9
TUTU5243480,Export,Machinery,ODC,PSA_SICAL,9,3,0,0,0,0,0.741,54.3
TUTU3587514,Export,Granite,Dry,PSA_SICAL,11,2,0,0,1,0,0.861,64.5
TUTU3469660,Export,Granite,Dry,PSA_SICAL,5,4,0,0,0,0,0.841,52.3
TUTU9870431,Export,Granite,Dry,PSA_SICAL,3,1,0,0,0,0,0.848,46.3
TUTU7258177,Export,Seafood,Reefer,PSA_SICAL,2,6,1,1,0,0,0.803,50.4
TUTU3578926,Import,Timber,Dry,PSA_SICAL,4,6,1,0,0,0,0.777,71.5
TUTU1884802,Export,Salt,Dry,PSA_SICAL,9,4,0,0,0,0,0.769,34.3
TUTU1241358,Import,Machinery,ODC,DBGT,5,5,1,0,0,0,0.832,86.3
TUTU1152910,Export,Salt,Dry,PSA_SICAL,4,2,0,0,0,0,0.798,39.3
TUTU7593239,Export,Granite,Dry,PSA_SICAL,2,3,0,0,0,0,0.839,51.3
TUTU2464144,Import,Timber,Dry,PSA_SICAL,7,5,1,0,0,0,0.855,81.2
TUTU3426288,Import,Chemicals,Hazardous,DBGT,3,6,1,0,0,1,0.837,118.4
TUTU9952673,Import,Machinery,ODC,PSA_SICAL,1,5,1,0,0,0,0.854,89.8
TUTU6382979,Import,Coal,Dry,DBGT,8,0,0,0,0,0,0.831,74.3
TUTU2109513,Import,Timber,Dry,DBGT,6,5,1,0,0,0,0.849,88.4
TUTU7509484,Export,Sugar,Dry,DBGT,8,0,0,0,0,0,0.837,43.9
TUTU2006051,Export,Textiles,Dry,PSA_SICAL,12,2,0,0,1,0,0.82,52.2
TUTU2091186,Import,Seafood,Reefer,DBGT,2,5,1,0,0,0,0.866,58.2
TUTU6003487,Import,Timber,Dry,DBGT,8,0,0,0,0,0,0.892,79.5
TUTU2614558,Import,Machinery,ODC,DBGT,4,4,0,0,0,0,0.818,81.6
TUTU6485228,Export,Salt,Dry,DBGT,7,4,0,0,0,1,0.79,65.5
TUTU7951835,Import,Machinery,ODC,PSA_SICAL,1,3,0,0,0,0,0.758,72.7
TUTU2434811,Export,Electronics,Dry,DBGT,2,5,1,0,0,1,0.87,93.7
TUTU3697895,Export,Salt,Dry,PSA_SICAL,5,5,1,0,0,1,0.737,70.1
TUTU6351131,Export,Electronics,Dry,PSA_SICAL,4,6,1,0,0,0,0.881,56.6
TUTU8748685,Export,Machinery,ODC,DBGT,3,5,1,0,0,1,0.762,85.3
TUTU4013774,Export,Salt,Dry,PSA_SICAL,5,1,0,0,0,1,0.862,80.3
TUTU3647516,Export,Granite,Dry,DBGT,9,2,0,0,0,1,0.868,84.1
TUTU2299339,Export,Sugar,Dry,DBGT,2,5,1,0,0,1,0.848,82.5
TUTU9664861,Export,Granite,Dry,PSA_SICAL,5,1,0,0,0,0,0.827,45.5
TUTU3541204,Import,Timber,Dry,PSA_SICAL,9,6,1,0,0,0,0.764,71.2
TUTU7592314,Import,Timber,Dry,DBGT,11,0,0,0,1,1,0.857,130.8
TUTU1952917,Import,Electronics,Dry,PSA_SICAL,2,3,0,0,0,0,0.81,57.9
TUTU6657838,Export,Sugar,Dry,PSA_SICAL,8,2,0,0,0,0,0.803,35.1
TUTU7385384,Import,Coal,Dry,PSA_SICAL,4,5,1,0,0,0,0.808,73.9
TUTU6812600,Import,Electronics,Dry,PSA_SICAL,7,0,0,0,0,0,0.753,74.3
TUTU8456007,Export,Salt,Dry,DBGT,1,3,0,0,0,0,0.841,40.7
TUTU3721940,Export,Sugar,Dry,DBGT,5,3,0,0,0,0,0.813,43.1
TUTU1941071,Import,Chemicals,Hazardous,PSA_SICAL,4,2,0,0,0,1,0.802,105.9
TUTU9315693,Export,Seafood,Reefer,DBGT,3,0,0,0,0,0,0.863,29.5
TUTU7744964,Export,Granite,Dry,DBGT,5,6,1,0,0,0,0.798,41.8
TUTU8595071,Import,Coal,Dry,PSA_SICAL,11,6,1,0,1,0,0.805,93.7
TUTU5715558,Import,Electronics,Dry,DBGT,2,1,0,0,0,0,0.744,64.9
TUTU1200952,Export,Granite,Dry,PSA_SICAL,4,4,0,0,0,0,0.845,49.9
TUTU3422095,Export,Seafood,Reefer,DBGT,11,2,0,0,1,1,0.845,68.1
TUTU1760912,Import,Timber,Dry,DBGT,4,1,0,0,0,1,0.849,99.5
TUTU8884497,Import,Coal,Dry,PSA_SICAL,8,5,1,0,0,1,0.769,99.7
TUTU8435168,Import,Chemicals,Hazardous,PSA_SICAL,7,6,1,0,0,0,0.873,101.3
TUTU8624530,Import,Electronics,Dry,PSA_SICAL,7,6,1,0,0,0,0.77,73.8
TUTU6682722,Export,Textiles,Dry,DBGT,9,6,1,0,0,0,0.794,49.3
TUTU9517834,Export,Textiles,Dry,DBGT,11,2,0,1,1,0,0.894,92.3
TUTU7100107,Import,Timber,Dry,PSA_SICAL,12,6,1,0,1,0,0.837,92.6
TUTU1641019,Export,Seafood,Reefer,PSA_SICAL,12,6,1,0,1,0,0.79,32.2
TUTU2081422,Export,Textiles,Dry,PSA_SICAL,5,2,0,0,0,0,0.814,41.3
TUTU4286792,Import,Coal,Dry,DBGT,10,3,0,0,1,0,0.855,97.7
TUTU8384706,Export,Machinery,ODC,DBGT,2,3,0,0,0,0,0.852,58.0
TUTU2633669,Export,Granite,Dry,PSA_SICAL,4,6,1,0,0,0,0.865,84.9
TUTU3325723,Export,Electronics,Dry,DBGT,7,1,0,0,0,0,0.709,33.9
TUTU7879191,Export,Seafood,Reefer,PSA_SICAL,10,5,1,0,1,0,0.784,29.7
TUTU1280005,Export,Granite,Dry,PSA_SICAL,6,6,1,0,0,0,0.869,54.8
TUTU8638053,Import,EdibleOil,LiquidBulk,DBGT,8,0,0,0,0,0,0.817,80.6
TUTU8546909,Export,Machinery,ODC,DBGT,10,6,1,0,1,0,0.849,77.5
TUTU2350467,Export,Seafood,Reefer,DBGT,12,6,1,0,1,1,0.868,87.7
TUTU3333396,Export,Seafood,Reefer,PSA_SICAL,8,2,0,0,0,0,0.711,23.6
TUTU8344900,Export,Granite,Dry,PSA_SICAL,9,5,1,0,0,0,0.728,47.2
TUTU8754061,Import,Timber,Dry,PSA_SICAL,9,6,1,0,0,0,0.85,84.7
TUTU9315229,Export,Granite,Dry,PSA_SICAL,5,4,0,0,0,0,0.825,49.2
TUTU1710255,Import,Coal,Dry,PSA_SICAL,11,1,0,0,1,0,0.904,107.7
TUTU7738149,Import,Electronics,Dry,PSA_SICAL,11,2,0,0,1,0,0.851,81.5
TUTU7474116,Import,Coal,Dry,PSA_SICAL,7,6,1,0,0,1,0.855,118.3
TUTU4015752,Export,Salt,Dry,PSA_SICAL,5,4,0,0,0,0,0.857,57.6
TUTU1916633,Import,Coal,Dry,PSA_SICAL,8,0,0,0,0,0,0.76,75.1
TUTU8668817,Import,Electronics,Dry,PSA_SICAL,8,2,0,0,0,0,0.869,71.6
TUTU7374483,Export,Textiles,Dry,PSA_SICAL,9,5,1,0,0,0,0.857,56.8
TUTU6155581,Export,Salt,Dry,DBGT,9,1,0,0,0,0,0.898,55.9
TUTU2120491,Import,Timber,Dry,PSA_SICAL,7,3,0,0,0,0,0.811,68.7
TUTU2268628,Export,Textiles,Dry,PSA_SICAL,11,2,0,0,1,0,0.906,68.8
TUTU7060239,Import,EdibleOil,LiquidBulk,DBGT,7,2,0,0,0,0,0.86,86.7
TUTU4441820,Import,Chemicals,Hazardous,PSA_SICAL,9,1,0,0,0,0,0.792,78.1
TUTU1033133,Export,Salt,Dry,PSA_SICAL,10,2,0,0,1,0,0.822,54.4
TUTU2420399,Import,Electronics,Dry,PSA_SICAL,7,4,0,0,0,0,0.854,69.5
TUTU1730840,Export,Seafood,Reefer,PSA_SICAL,5,1,0,0,0,1,0.857,62.8
TUTU7543037,Export,Granite,Dry,PSA_SICAL,12,5,1,0,1,0,0.859,67.5
TUTU7472217,Export,Seafood,Reefer,DBGT,9,2,0,0,0,0,0.78,16.4
TUTU5970085,Export,Seafood,Reefer,PSA_SICAL,4,4,0,0,0,1,0.915,72.0
TUTU8546267,Import,Electronics,Dry,PSA_SICAL,1,6,1,0,0,1,0.816,92.6
TUTU9736639,Export,Seafood,Reefer,DBGT,1,3,0,0,0,0,0.799,20.4
TUTU7123602,Import,Timber,Dry,PSA_SICAL,12,6,1,1,1,0,0.776,118.3
TUTU5600907,Export,Machinery,ODC,DBGT,10,0,0,0,1,0,0.789,65.6
TUTU9844230,Export,Seafood,Reefer,DBGT,11,6,1,0,1,0,0.814,28.7
TUTU7433904,Export,Granite,Dry,DBGT,10,0,0,0,1,0,0.915,79.5
TUTU8321966,Import,Coal,Dry,PSA_SICAL,9,0,0,0,0,0,0.716,73.9
TUTU1673896,Import,Seafood,Reefer,PSA_SICAL,8,1,0,0,0,0,0.816,43.2
TUTU1320748,Import,EdibleOil,LiquidBulk,PSA_SICAL,1,6,1,0,0,1,0.784,113.5
TUTU8976320,Import,Coal,Dry,PSA_SICAL,5,3,0,0,0,0,0.754,68.7
TUTU2732955,Export,Salt,Dry,PSA_SICAL,10,2,0,0,1,0,0.859,56.9
TUTU8938954,Import,Coal,Dry,DBGT,11,1,0,0,1,0,0.856,104.3
TUTU8683058,Import,Coal,Dry,DBGT,4,0,0,0,0,0,0.754,75.2
TUTU4523737,Export,Salt,Dry,PSA_SICAL,7,6,1,1,0,0,0.897,73.8
TUTU8301103,Import,Coal,Dry,DBGT,5,0,0,0,0,0,0.806,67.3
TUTU3032101,Import,Coal,Dry,PSA_SICAL,4,5,1,0,0,0,0.823,76.1
TUTU9374690,Import,Coal,Dry,DBGT,5,1,0,0,0,0,0.86,84.8
TUTU8107754,Export,Seafood,Reefer,DBGT,2,0,0,0,0,0,0.759,18.0
TUTU2078325,Import,Seafood,Reefer,PSA_SICAL,11,4,0,0,1,0,0.782,48.5
TUTU4697072,Export,Machinery,ODC,DBGT,11,1,0,0,1,0,0.814,69.9
TUTU2968217,Import,Coal,Dry,DBGT,4,4,0,0,0,0,0.822,71.4
TUTU4852236,Export,Granite,Dry,DBGT,1,2,0,0,0,0,0.868,51.9
TUTU9577512,Import,Electronics,Dry,DBGT,10,1,0,0,1,0,0.757,70.6
TUTU5458416,Import,Machinery,ODC,DBGT,12,6,1,0,1,0,0.864,114.9
TUTU9287888,Import,Chemicals,Hazardous,PSA_SICAL,10,5,1,0,1,0,0.793,103.5
TUTU5530190,Export,Machinery,ODC,DBGT,7,4,0,0,0,0,0.795,54.4
TUTU8502033,Import,Machinery,ODC,PSA_SICAL,12,1,0,0,1,0,0.824,95.7
TUTU3797607,Export,Granite,Dry,PSA_SICAL,4,2,0,0,0,0,0.812,40.2
TUTU5524270,Export,Seafood,Reefer,DBGT,3,3,0,0,0,0,0.785,19.2
TUTU6512851,Import,Coal,Dry,PSA_SICAL,3,5,1,0,0,1,0.832,125.9
TUTU7025752,Import,Machinery,ODC,PSA_SICAL,8,6,1,0,0,0,0.806,82.5
TUTU3314237,Export,Seafood,Reefer,DBGT,11,4,0,0,1,0,0.781,24.6
TUTU8368705,Export,Seafood,Reefer,PSA_SICAL,5,3,0,0,0,0,0.698,19.8
TUTU1735639,Export,Machinery,ODC,PSA_SICAL,6,2,0,0,0,0,0.856,61.1
TUTU9759203,Export,Electronics,Dry,DBGT,1,0,0,0,0,0,0.821,37.6
TUTU8037102,Import,Electronics,Dry,DBGT,5,0,0,0,0,0,0.818,67.0
TUTU3153286,Import,Coal,Dry,PSA_SICAL,12,4,0,0,1,0,0.834,96.6
TUTU3465090,Import,Timber,Dry,PSA_SICAL,4,0,0,0,0,0,0.887,83.8
TUTU3924685,Export,Seafood,Reefer,DBGT,9,4,0,0,0,1,0.882,76.9
TUTU1142886,Import,Chemicals,Hazardous,PSA_SICAL,9,6,1,0,0,0,0.807,81.9
TUTU7752921,Export,Granite,Dry,PSA_SICAL,3,4,0,0,0,0,0.776,43.6
TUTU7854294,Export,Electronics,Dry,PSA_SICAL,8,3,0,0,0,0,0.797,41.4
TUTU4785021,Export,Machinery,ODC,PSA_SICAL,12,5,1,0,1,0,0.85,71.0
TUTU2934789,Export,Salt,Dry,DBGT,1,1,0,0,0,0,0.912,67.9
TUTU1872721,Import,Timber,Dry,PSA_SICAL,5,2,0,0,0,1,0.823,98.4
TUTU6221562,Export,Granite,Dry,PSA_SICAL,9,2,0,0,0,0,0.79,42.9
TUTU8969307,Import,Coal,Dry,PSA_SICAL,9,0,0,0,0,0,0.794,74.6
TUTU8736350,Export,Textiles,Dry,PSA_SICAL,6,3,0,0,0,0,0.818,38.6
TUTU7982268,Export,Sugar,Dry,DBGT,7,1,0,0,0,0,0.812,40.1
TUTU1669137,Export,Electronics,Dry,PSA_SICAL,7,4,0,0,0,0,0.878,51.9
TUTU3626505,Import,Chemicals,Hazardous,DBGT,1,4,0,0,0,0,0.778,80.3
TUTU9137973,Import,Coal,Dry,PSA_SICAL,8,6,1,0,0,0,0.815,79.9
TUTU5973318,Export,Seafood,Reefer,PSA_SICAL,3,0,0,0,0,0,0.864,32.3
TUTU9346157,Export,Granite,Dry,DBGT,9,3,0,0,0,1,0.774,70.7
TUTU2649231,Import,Machinery,ODC,DBGT,8,3,0,0,0,0,0.855,91.1
TUTU8055667,Import,Seafood,Reefer,PSA_SICAL,3,5,1,0,0,0,0.844,60.2
TUTU9770836,Export,Textiles,Dry,DBGT,5,1,0,0,0,1,0.849,82.6
TUTU4329439,Import,Electronics,Dry,PSA_SICAL,4,4,0,0,0,0,0.73,66.3
TUTU5040456,Import,Coal,Dry,PSA_SICAL,5,2,0,0,0,0,0.829,77.5
TUTU7129918,Import,Chemicals,Hazardous,PSA_SICAL,1,4,0,0,0,0,0.795,77.1
TUTU5038928,Export,Textiles,Dry,DBGT,8,4,0,0,0,1,0.917,86.8
TUTU4351297,Import,Timber,Dry,PSA_SICAL,8,4,0,0,0,0,0.782,67.6
TUTU5250758,Export,Sugar,Dry,PSA_SICAL,5,1,0,0,0,0,0.884,52.1
TUTU3878953,Export,Salt,Dry,DBGT,5,6,1,0,0,0,0.798,34.5
TUTU6029867,Import,Electronics,Dry,PSA_SICAL,10,1,0,0,1,0,0.769,77.1
TUTU6470968,Import,Coal,Dry,PSA_SICAL,8,6,1,0,0,0,0.842,88.0
TUTU3701293,Export,Sugar,Dry,DBGT,10,1,0,0,1,0,0.778,48.6
TUTU7282823,Export,Machinery,ODC,PSA_SICAL,2,3,0,0,0,0,0.924,69.2
TUTU9294935,Export,Salt,Dry,DBGT,3,2,0,0,0,0,0.877,52.5
TUTU7101269,Import,Chemicals,Hazardous,PSA_SICAL,5,0,0,0,0,1,0.747,106.0
TUTU6160704,Import,Chemicals,Hazardous,DBGT,6,2,0,0,0,0,0.781,79.0
TUTU4901880,Export,Seafood,Reefer,DBGT,8,4,0,0,0,0,0.771,21.7
TUTU6785089,Import,Seafood,Reefer,PSA_SICAL,11,3,0,0,1,0,0.844,57.3
TUTU2434864,Export,Granite,Dry,DBGT,2,1,0,0,0,0,0.771,45.3
TUTU7103957,Import,Chemicals,Hazardous,PSA_SICAL,5,6,1,0,0,0,0.777,83.7
TUTU4665474,Export,Machinery,ODC,PSA_SICAL,3,0,0,0,0,0,0.811,52.4
TUTU3866468,Import,Timber,Dry,DBGT,8,6,1,0,0,0,0.833,74.8
TUTU9160573,Export,Seafood,Reefer,PSA_SICAL,9,2,0,0,0,0,0.781,18.2
TUTU5426851,Export,Machinery,ODC,PSA_SICAL,11,0,0,0,1,0,0.905,82.1
TUTU2655041,Export,Machinery,ODC,PSA_SICAL,12,4,0,0,1,0,0.776,61.8
TUTU4946542,Import,Seafood,Reefer,DBGT,5,1,0,0,0,0,0.862,58.8
TUTU6612493,Import,Electronics,Dry,DBGT,4,5,1,0,0,1,0.811,98.1
TUTU5672805,Import,Electronics,Dry,PSA_SICAL,5,4,0,0,0,1,0.766,104.2
TUTU2187450,Import,Seafood,Reefer,DBGT,1,3,0,0,0,0,0.85,49.6
TUTU4367339,Import,EdibleOil,LiquidBulk,DBGT,1,1,0,0,0,0,0.841,83.0
TUTU1093344,Import,Coal,Dry,PSA_SICAL,3,0,0,0,0,0,0.908,83.3
TUTU4460925,Export,Salt,Dry,DBGT,5,6,1,0,0,1,0.829,71.0
TUTU2580433,Import,Electronics,Dry,PSA_SICAL,11,0,0,0,1,0,0.889,87.5
TUTU6945937,Import,Electronics,Dry,PSA_SICAL,8,2,0,0,0,0,0.779,71.8
TUTU8656023,Import,Timber,Dry,PSA_SICAL,10,4,0,0,1,1,0.743,120.0
TUTU3469926,Import,Coal,Dry,PSA_SICAL,12,3,0,0,1,0,0.827,92.1
TUTU5559365,Import,Coal,Dry,DBGT,7,5,1,0,0,0,0.893,99.6
TUTU6821693,Export,Granite,Dry,DBGT,6,5,1,0,0,0,0.826,55.7
TUTU2047702,Import,Chemicals,Hazardous,DBGT,10,2,0,0,1,0,0.826,104.5
TUTU3431861,Export,Textiles,Dry,PSA_SICAL,3,4,0,0,0,0,0.773,39.7
TUTU9682227,Export,Salt,Dry,DBGT,10,0,0,0,1,0,0.832,54.1
TUTU7160171,Export,Seafood,Reefer,PSA_SICAL,7,6,1,0,0,0,0.819,28.2
TUTU9124145,Export,Salt,Dry,DBGT,10,5,1,1,1,0,0.781,74.7
TUTU2192618,Import,Coal,Dry,PSA_SICAL,4,4,0,0,0,0,0.775,66.1
TUTU1736128,Import,Electronics,Dry,PSA_SICAL,8,1,0,0,0,1,0.768,90.6
TUTU7259508,Export,Granite,Dry,PSA_SICAL,9,2,0,0,0,0,0.86,60.3
TUTU6463474,Export,Electronics,Dry,PSA_SICAL,5,4,0,0,0,0,0.839,47.8
TUTU3500226,Export,Textiles,Dry,DBGT,10,3,0,0,1,0,0.75,54.2
TUTU2125246,Export,Seafood,Reefer,PSA_SICAL,2,5,1,0,0,1,0.866,71.0
TUTU7152724,Import,Machinery,ODC,DBGT,4,6,1,0,0,0,0.888,94.8
TUTU9848412,Export,Seafood,Reefer,DBGT,4,4,0,0,0,0,0.775,21.5
TUTU9636584,Export,Granite,Dry,DBGT,3,4,0,0,0,0,0.871,57.5
TUTU7593135,Export,Seafood,Reefer,PSA_SICAL,8,1,0,0,0,0,0.797,21.0
TUTU4081517,Export,Granite,Dry,DBGT,1,6,1,0,0,1,0.803,70.6
TUTU8891019,Import,Coal,Dry,PSA_SICAL,12,6,1,0,1,0,0.916,112.1
TUTU1823024,Import,Chemicals,Hazardous,DBGT,1,1,0,0,0,0,0.823,82.6
TUTU6317204,Export,Seafood,Reefer,PSA_SICAL,7,4,0,0,0,0,0.851,40.7
TUTU1491383,Import,Machinery,ODC,PSA_SICAL,4,6,1,0,0,0,0.798,81.3
TUTU5732512,Export,Textiles,Dry,PSA_SICAL,12,0,0,0,1,0,0.822,53.2
TUTU1889965,Export,Electronics,Dry,PSA_SICAL,3,5,1,0,0,0,0.76,47.5
TUTU6606713,Export,Granite,Dry,PSA_SICAL,3,1,0,0,0,0,0.87,52.3
TUTU5065536,Import,Coal,Dry,PSA_SICAL,5,2,0,0,0,0,0.936,90.7
TUTU6454001,Import,Timber,Dry,PSA_SICAL,9,6,1,0,0,1,0.872,114.1
TUTU3442273,Export,Textiles,Dry,PSA_SICAL,1,2,0,0,0,0,0.78,42.7
TUTU4875740,Import,Coal,Dry,PSA_SICAL,2,6,1,0,0,1,0.799,105.6
TUTU2849751,Import,Machinery,ODC,PSA_SICAL,1,0,0,0,0,0,0.782,77.1
TUTU4550900,Export,Textiles,Dry,DBGT,10,6,1,0,1,0,0.743,59.6
TUTU4641881,Import,Electronics,Dry,PSA_SICAL,8,0,0,0,0,1,0.899,105.4
TUTU5377562,Export,Electronics,Dry,PSA_SICAL,2,0,0,0,0,0,0.833,45.6
TUTU5615460,Export,Granite,Dry,PSA_SICAL,4,4,0,0,0,0,0.76,40.6
TUTU5798963,Import,Seafood,Reefer,DBGT,11,4,0,0,1,0,0.826,68.6
TUTU9338309,Import,Machinery,ODC,PSA_SICAL,12,6,1,0,1,0,0.781,100.7
TUTU2194857,Import,Timber,Dry,PSA_SICAL,2,3,0,0,0,0,0.804,67.0
TUTU2993206,Import,Electronics,Dry,DBGT,3,1,0,0,0,0,0.818,60.6
TUTU9960873,Import,Seafood,Reefer,PSA_SICAL,9,5,1,0,0,0,0.808,47.1
TUTU1724108,Export,Seafood,Reefer,PSA_SICAL,5,0,0,0,0,0,0.784,20.2
TUTU9784538,Export,Machinery,ODC,DBGT,11,2,0,0,1,0,0.853,73.6
TUTU5764368,Import,Machinery,ODC,PSA_SICAL,10,5,1,0,1,0,0.796,111.6
TUTU1130025,Export,Granite,Dry,DBGT,9,2,0,0,0,1,0.828,78.4
TUTU6315310,Import,Coal,Dry,PSA_SICAL,9,2,0,0,0,0,0.859,75.2
TUTU5746112,Export,Seafood,Reefer,DBGT,1,3,0,0,0,0,0.844,26.6
TUTU4624788,Export,Seafood,Reefer,DBGT,3,3,0,0,0,0,0.854,28.2
TUTU5065593,Export,Machinery,ODC,DBGT,1,6,1,0,0,0,0.799,51.1
TUTU6932617,Import,Electronics,Dry,PSA_SICAL,7,4,0,0,0,0,0.847,72.6
TUTU9210941,Import,Machinery,ODC,PSA_SICAL,2,3,0,0,0,0,0.751,76.3
TUTU7282426,Import,Electronics,Dry,DBGT,1,6,1,0,0,0,0.803,71.9
TUTU8220785,Import,EdibleOil,LiquidBulk,DBGT,4,1,0,0,0,0,0.788,67.6
TUTU6204853,Export,Seafood,Reefer,DBGT,3,3,0,0,0,0,0.798,29.3
TUTU4532444,Export,Salt,Dry,PSA_SICAL,6,0,0,0,0,0,0.757,33.1
TUTU3851044,Export,Textiles,Dry,PSA_SICAL,1,2,0,0,0,1,0.804,70.8
TUTU8847207,Export,Seafood,Reefer,DBGT,1,0,0,0,0,0,0.808,18.9
TUTU7152514,Import,EdibleOil,LiquidBulk,PSA_SICAL,2,2,0,0,0,0,0.885,84.9
TUTU3052468,Import,Machinery,ODC,PSA_SICAL,1,2,0,0,0,1,0.846,113.0
TUTU1713284,Export,Granite,Dry,PSA_SICAL,4,5,1,0,0,0,0.872,55.0
TUTU7003983,Export,Seafood,Reefer,DBGT,12,5,1,0,1,0,0.751,25.2
TUTU8748049,Export,Machinery,ODC,DBGT,4,3,0,0,0,0,0.82,53.7
TUTU6592746,Import,Timber,Dry,PSA_SICAL,6,1,0,0,0,1,0.799,103.4
TUTU1625674,Import,Chemicals,Hazardous,PSA_SICAL,5,5,1,0,0,0,0.733,85.4
TUTU7167731,Export,Granite,Dry,DBGT,3,3,0,0,0,0,0.795,47.5
TUTU1179345,Import,Coal,Dry,PSA_SICAL,11,0,0,0,1,0,0.872,117.8
TUTU4813382,Import,Coal,Dry,DBGT,8,0,0,0,0,0,0.869,86.2
TUTU8910124,Import,Timber,Dry,DBGT,12,6,1,0,1,0,0.755,87.9
TUTU8199819,Export,Salt,Dry,PSA_SICAL,8,1,0,0,0,0,0.736,38.6
TUTU5461488,Export,Granite,Dry,DBGT,11,4,0,0,1,0,0.925,75.5
TUTU8391355,Export,Granite,Dry,PSA_SICAL,10,4,0,0,1,0,0.845,58.5
TUTU9350766,Export,Salt,Dry,PSA_SICAL,9,6,1,0,0,0,0.85,45.4
TUTU8663381,Export,Granite,Dry,DBGT,10,2,0,0,1,0,0.834,55.4
TUTU7378936,Import,Timber,Dry,DBGT,8,1,0,0,0,0,0.842,75.8
TUTU3443424,Export,Seafood,Reefer,PSA_SICAL,11,1,0,0,1,0,0.797,26.4
TUTU9310763,Export,Machinery,ODC,DBGT,7,6,1,0,0,0,0.776,51.2
TUTU8364514,Import,Machinery,ODC,PSA_SICAL,5,3,0,0,0,0,0.703,71.1
TUTU4534573,Import,Machinery,ODC,PSA_SICAL,4,0,0,0,0,0,0.807,76.7
TUTU3530963,Import,Seafood,Reefer,DBGT,11,2,0,0,1,0,0.763,50.1
TUTU6800936,Export,Sugar,Dry,PSA_SICAL,5,4,0,0,0,0,0.865,51.9
TUTU7274758,Export,Seafood,Reefer,DBGT,9,3,0,0,0,0,0.825,28.7
TUTU1079461,Export,Granite,Dry,DBGT,6,2,0,0,0,0,0.757,38.3
TUTU7642304,Import,Electronics,Dry,PSA_SICAL,6,4,0,1,0,0,0.806,80.8
TUTU6740155,Import,Coal,Dry,PSA_SICAL,8,0,0,0,0,0,0.803,71.0
TUTU8241212,Import,Seafood,Reefer,PSA_SICAL,3,1,0,0,0,1,0.784,69.5
TUTU6087998,Export,Electronics,Dry,PSA_SICAL,7,5,1,0,0,0,0.73,41.4
TUTU9290288,Import,Timber,Dry,PSA_SICAL,7,6,1,0,0,0,0.825,77.8
TUTU4613226,Import,Machinery,ODC,DBGT,10,2,0,0,1,0,0.847,104.7
TUTU2093372,Export,Salt,Dry,PSA_SICAL,2,1,0,0,0,0,0.857,44.0
TUTU2995922,Export,Textiles,Dry,PSA_SICAL,4,1,0,0,0,0,0.923,65.7
TUTU7273630,Import,Electronics,Dry,PSA_SICAL,5,2,0,0,0,0,0.785,63.5
TUTU2677759,Export,Granite,Dry,PSA_SICAL,11,3,0,0,1,0,0.808,53.1
TUTU9820267,Export,Seafood,Reefer,PSA_SICAL,2,2,0,1,0,1,0.752,71.4
TUTU4746650,Import,Machinery,ODC,DBGT,2,3,0,0,0,1,0.878,123.3
TUTU3015800,Import,Electronics,Dry,PSA_SICAL,8,1,0,0,0,0,0.823,60.5
TUTU9733087,Export,Seafood,Reefer,PSA_SICAL,10,3,0,0,1,0,0.787,26.2
TUTU8441264,Import,Electronics,Dry,PSA_SICAL,4,0,0,0,0,0,0.81,63.2
TUTU8049295,Export,Salt,Dry,DBGT,3,1,0,0,0,0,0.772,35.7
TUTU1270615,Import,Electronics,Dry,PSA_SICAL,11,3,0,0,1,0,0.919,100.5
TUTU1628125,Import,Machinery,ODC,DBGT,3,3,0,0,0,0,0.809,73.9
TUTU4180455,Import,EdibleOil,LiquidBulk,DBGT,1,5,1,0,0,0,0.919,102.1
TUTU3354717,Export,Salt,Dry,PSA_SICAL,9,0,0,1,0,1,0.85,94.2
TUTU5898196,Import,EdibleOil,LiquidBulk,DBGT,9,0,0,0,0,0,0.81,72.1
TUTU3065027,Import,Timber,Dry,PSA_SICAL,10,5,1,0,1,0,0.826,94.6
TUTU5639308,Export,Sugar,Dry,PSA_SICAL,5,0,0,0,0,0,0.8,43.5
TUTU4370039,Export,Machinery,ODC,PSA_SICAL,2,0,0,0,0,0,0.817,55.4
TUTU3379429,Export,Granite,Dry,PSA_SICAL,11,6,1,0,1,0,0.847,72.0
TUTU4603565,Export,Textiles,Dry,PSA_SICAL,8,5,1,0,0,0,0.847,55.2
TUTU4805057,Export,Seafood,Reefer,PSA_SICAL,7,2,0,0,0,0,0.755,15.0
TUTU7148704,Import,Coal,Dry,PSA_SICAL,8,0,0,0,0,0,0.786,67.7
TUTU3882285,Import,Chemicals,Hazardous,PSA_SICAL,1,3,0,0,0,0,0.763,74.8
TUTU3048450,Export,Seafood,Reefer,PSA_SICAL,9,2,0,0,0,0,0.779,24.4
TUTU8927617,Export,Salt,Dry,DBGT,7,2,0,0,0,0,0.815,37.9
TUTU9719185,Import,Coal,Dry,PSA_SICAL,6,1,0,0,0,1,0.864,109.4
TUTU1948958,Import,Chemicals,Hazardous,PSA_SICAL,1,6,1,0,0,0,0.73,77.8
TUTU4679706,Export,Granite,Dry,PSA_SICAL,1,3,0,0,0,0,0.913,67.4
TUTU1352986,Export,Granite,Dry,PSA_SICAL,6,2,0,0,0,1,0.821,79.3
TUTU4753951,Import,Coal,Dry,DBGT,9,2,0,0,0,1,0.826,101.7
TUTU7349274,Export,Granite,Dry,PSA_SICAL,9,2,0,0,0,0,0.772,40.9
TUTU5208144,Import,Chemicals,Hazardous,DBGT,11,0,0,0,1,0,0.787,99.8
TUTU9436412,Export,Granite,Dry,DBGT,1,4,0,0,0,0,0.846,54.1
TUTU3656716,Export,Textiles,Dry,PSA_SICAL,2,1,0,0,0,0,0.887,61.4
TUTU3736938,Export,Seafood,Reefer,PSA_SICAL,2,3,0,0,0,0,0.927,39.6
TUTU1182600,Import,Chemicals,Hazardous,PSA_SICAL,5,3,0,0,0,0,0.796,77.5
TUTU4277957,Export,Granite,Dry,DBGT,11,1,0,0,1,0,0.827,55.1
TUTU8520391,Export,Granite,Dry,DBGT,11,1,0,0,1,0,0.899,65.8
TUTU6829642,Import,Chemicals,Hazardous,PSA_SICAL,12,5,1,0,1,1,0.797,152.1
TUTU2174779,Export,Granite,Dry,DBGT,3,2,0,0,0,0,0.829,45.5
TUTU3941682,Import,Coal,Dry,PSA_SICAL,12,6,1,0,1,1,0.758,126.8
TUTU6225655,Export,Textiles,Dry,PSA_SICAL,11,1,0,0,1,0,0.819,50.9
TUTU2552895,Import,Coal,Dry,PSA_SICAL,7,2,0,0,0,1,0.835,103.8
TUTU8077848,Import,Seafood,Reefer,PSA_SICAL,5,3,0,0,0,0,0.802,38.8
TUTU3293574,Export,Textiles,Dry,PSA_SICAL,5,2,0,0,0,0,0.883,58.8
TUTU1535681,Import,Coal,Dry,PSA_SICAL,6,4,0,0,0,0,0.783,66.7
TUTU7088105,Export,Electronics,Dry,PSA_SICAL,12,3,0,0,1,0,0.872,64.0
TUTU2656685,Import,Electronics,Dry,DBGT,1,1,0,0,0,0,0.837,64.5
TUTU5828768,Export,Granite,Dry,PSA_SICAL,12,1,0,0,1,0,0.834,61.9
TUTU1997890,Import,Coal,Dry,PSA_SICAL,4,4,0,0,0,0,0.772,66.0
TUTU2416515,Export,Electronics,Dry,PSA_SICAL,2,2,0,0,0,0,0.834,43.8
TUTU3295403,Export,Seafood,Reefer,PSA_SICAL,11,3,0,0,1,1,0.842,65.8
TUTU8472811,Export,Salt,Dry,PSA_SICAL,12,5,1,0,1,0,0.802,48.4
TUTU2774156,Import,Timber,Dry,PSA_SICAL,12,3,0,0,1,0,0.738,82.0
TUTU1777215,Export,Salt,Dry,DBGT,1,1,0,0,0,0,0.724,34.7
TUTU7523372,Import,Chemicals,Hazardous,DBGT,3,1,0,0,0,1,0.8,106.4
TUTU1304112,Export,Granite,Dry,PSA_SICAL,6,4,0,0,0,1,0.793,70.8
TUTU2596743,Import,Machinery,ODC,PSA_SICAL,12,2,0,0,1,0,0.766,91.5
TUTU3671535,Import,Coal,Dry,PSA_SICAL,4,2,0,0,0,0,0.789,69.9
TUTU6300778,Import,Machinery,ODC,PSA_SICAL,2,3,0,0,0,0,0.868,84.9
TUTU7701837,Export,Granite,Dry,PSA_SICAL,7,0,0,0,0,0,0.794,47.6
TUTU1913721,Import,Electronics,Dry,DBGT,11,0,0,0,1,0,0.817,83.0
TUTU2456084,Export,Salt,Dry,PSA_SICAL,5,1,0,0,0,0,0.858,50.3
TUTU2677894,Export,Textiles,Dry,PSA_SICAL,1,3,0,0,0,1,0.832,87.6
TUTU3415109,Export,Seafood,Reefer,PSA_SICAL,7,4,0,0,0,0,0.776,20.1
TUTU8043932,Import,Chemicals,Hazardous,DBGT,5,1,0,0,0,0,0.748,75.8
TUTU7307448,Import,Coal,Dry,PSA_SICAL,6,2,0,0,0,1,0.79,111.7
TUTU4155409,Import,Coal,Dry,PSA_SICAL,6,4,0,0,0,0,0.834,79.9
TUTU3122223,Import,Timber,Dry,DBGT,6,3,0,0,0,0,0.793,64.4
TUTU9736230,Export,Salt,Dry,PSA_SICAL,4,6,1,0,0,0,0.799,42.1
TUTU4092401,Export,Machinery,ODC,PSA_SICAL,1,3,0,0,0,0,0.832,58.6
TUTU2293056,Export,Seafood,Reefer,PSA_SICAL,9,3,0,0,0,1,0.773,48.7
TUTU1866265,Export,Textiles,Dry,DBGT,12,1,0,0,1,0,0.818,53.8
TUTU1459305,Import,Chemicals,Hazardous,PSA_SICAL,8,0,0,0,0,0,0.755,75.2
TUTU6002717,Import,EdibleOil,LiquidBulk,DBGT,5,5,1,0,0,0,0.865,83.4
TUTU3443775,Export,Seafood,Reefer,DBGT,8,3,0,0,0,1,0.735,52.8
TUTU6644793,Export,Seafood,Reefer,PSA_SICAL,12,6,1,0,1,0,0.849,35.6
TUTU2847706,Export,Seafood,Reefer,PSA_SICAL,9,4,0,0,0,1,0.897,63.5
TUTU2450940,Import,Coal,Dry,DBGT,6,1,0,0,0,0,0.836,73.5
TUTU1783129,Export,Machinery,ODC,PSA_SICAL,12,3,0,1,1,0,0.851,104.8
TUTU1792996,Import,Timber,Dry,PSA_SICAL,11,1,0,0,1,0,0.716,83.9
TUTU8825698,Export,Electronics,Dry,PSA_SICAL,6,5,1,0,0,0,0.773,47.7
TUTU2597348,Export,Electronics,Dry,DBGT,9,0,0,0,0,0,0.828,42.4
TUTU4317796,Import,Timber,Dry,PSA_SICAL,11,4,0,0,1,0,0.801,82.8
TUTU2258259,Export,Granite,Dry,DBGT,10,1,0,0,1,0,0.81,53.5
TUTU1195941,Import,Timber,Dry,PSA_SICAL,5,5,1,0,0,0,0.877,84.9
TUTU3577892,Export,Seafood,Reefer,PSA_SICAL,10,3,0,0,1,0,0.736,32.0
TUTU7371542,Export,Seafood,Reefer,PSA_SICAL,3,5,1,0,0,0,0.806,16.5
TUTU1422445,Export,Seafood,Reefer,DBGT,4,4,0,0,0,0,0.807,30.2
TUTU2645926,Export,Salt,Dry,PSA_SICAL,2,3,0,0,0,0,0.811,34.9
TUTU8410716,Export,Machinery,ODC,DBGT,2,3,0,0,0,0,0.85,62.3
TUTU9279764,Import,Seafood,Reefer,PSA_SICAL,6,5,1,0,0,0,0.767,44.1
TUTU9301643,Export,Seafood,Reefer,PSA_SICAL,7,6,1,0,0,0,0.881,38.6
TUTU3849492,Export,Seafood,Reefer,PSA_SICAL,4,2,0,1,0,0,0.825,45.0
TUTU3956760,Export,Seafood,Reefer,PSA_SICAL,11,6,1,0,1,0,0.875,43.4
TUTU8681748,Export,Salt,Dry,PSA_SICAL,12,1,0,0,1,0,0.795,49.6
TUTU4845742,Export,Seafood,Reefer,PSA_SICAL,2,6,1,0,0,0,0.823,30.0
TUTU6633385,Import,Coal,Dry,PSA_SICAL,12,0,0,0,1,0,0.884,103.3
TUTU2518240,Export,Seafood,Reefer,DBGT,2,2,0,0,0,0,0.833,25.8
TUTU4907653,Export,Sugar,Dry,PSA_SICAL,2,2,0,0,0,1,0.802,72.3
TUTU3581700,Import,Machinery,ODC,DBGT,12,4,0,0,1,1,0.788,132.4
TUTU2828916,Export,Textiles,Dry,PSA_SICAL,11,2,0,0,1,0,0.838,54.4
TUTU3454231,Import,EdibleOil,LiquidBulk,PSA_SICAL,6,5,1,0,0,0,0.823,83.4
TUTU6184954,Export,Seafood,Reefer,PSA_SICAL,4,1,0,0,0,0,0.797,18.5
TUTU7500692,Import,Timber,Dry,DBGT,1,2,0,0,0,1,0.794,97.1
TUTU8360775,Export,Seafood,Reefer,PSA_SICAL,7,2,0,0,0,0,0.826,33.1
TUTU4559627,Import,EdibleOil,LiquidBulk,PSA_SICAL,2,5,1,0,0,0,0.877,92.8
TUTU3412683,Export,Electronics,Dry,DBGT,12,1,0,0,1,0,0.812,51.4
TUTU4500522,Export,Seafood,Reefer,DBGT,6,4,0,0,0,0,0.816,28.9
TUTU8550932,Export,Granite,Dry,PSA_SICAL,8,5,1,0,0,0,0.876,53.8
TUTU6226343,Export,Seafood,Reefer,DBGT,3,5,1,0,0,1,0.719,55.8
TUTU6237860,Import,Chemicals,Hazardous,PSA_SICAL,6,3,0,0,0,0,0.837,85.2
TUTU2748229,Export,Granite,Dry,DBGT,12,3,0,0,1,0,0.888,66.0
TUTU7788397,Import,Chemicals,Hazardous,PSA_SICAL,11,6,1,0,1,1,0.753,137.3
TUTU4819580,Import,Chemicals,Hazardous,DBGT,6,1,0,0,0,0,0.844,89.5
TUTU5414776,Export,Machinery,ODC,DBGT,4,5,1,0,0,0,0.734,50.8
TUTU3232397,Import,Machinery,ODC,DBGT,9,3,0,0,0,1,0.722,103.2
TUTU3173495,Import,Machinery,ODC,DBGT,11,2,0,0,1,0,0.849,98.5
TUTU8759251,Import,Coal,Dry,PSA_SICAL,6,6,1,0,0,0,0.787,67.2
TUTU1212350,Export,Salt,Dry,PSA_SICAL,3,1,0,0,0,0,0.794,41.1
TUTU3731905,Import,EdibleOil,LiquidBulk,PSA_SICAL,8,4,0,0,0,0,0.799,70.0
TUTU8281301,Import,Electronics,Dry,PSA_SICAL,1,1,0,0,0,0,0.746,58.3
TUTU8867560,Import,EdibleOil,LiquidBulk,PSA_SICAL,11,6,1,0,1,0,0.81,100.0
TUTU6414640,Export,Granite,Dry,DBGT,8,1,0,0,0,0,0.809,42.0
TUTU5900155,Export,Seafood,Reefer,PSA_SICAL,6,1,0,0,0,0,0.814,19.3
TUTU7411550,Import,Coal,Dry,PSA_SICAL,1,5,1,0,0,0,0.793,76.6
TUTU7738263,Export,Seafood,Reefer,PSA_SICAL,9,0,0,0,0,0,0.838,31.5
TUTU3195275,Export,Seafood,Reefer,PSA_SICAL,1,5,1,0,0,0,0.884,36.4
TUTU8407467,Import,Chemicals,Hazardous,DBGT,2,6,1,0,0,1,0.873,131.6
TUTU6452556,Export,Salt,Dry,PSA_SICAL,1,2,0,0,0,0,0.825,53.9
TUTU1355415,Import,Coal,Dry,DBGT,7,6,1,0,0,0,0.824,82.3
TUTU8693479,Import,Coal,Dry,PSA_SICAL,2,6,1,0,0,0,0.83,79.4
TUTU3989120,Import,Chemicals,Hazardous,PSA_SICAL,5,6,1,0,0,0,0.782,85.0
TUTU3548609,Import,Machinery,ODC,PSA_SICAL,9,6,1,0,0,0,0.757,76.2
TUTU7968176,Export,Granite,Dry,DBGT,7,2,0,0,0,0,0.748,38.9
TUTU4939701,Export,Granite,Dry,PSA_SICAL,10,5,1,0,1,0,0.866,70.4
TUTU2515226,Import,EdibleOil,LiquidBulk,PSA_SICAL,4,0,0,0,0,0,0.879,83.5
TUTU8240215,Export,Sugar,Dry,PSA_SICAL,3,2,0,0,0,0,0.832,40.0
TUTU6319117,Import,Coal,Dry,DBGT,7,1,0,0,0,0,0.76,66.9
TUTU8530307,Import,Electronics,Dry,DBGT,7,3,0,0,0,0,0.801,61.7
TUTU8874639,Export,Sugar,Dry,PSA_SICAL,10,2,0,0,1,1,0.8,84.3
TUTU2127858,Export,Salt,Dry,PSA_SICAL,3,3,0,0,0,0,0.787,33.9
TUTU6494169,Export,Seafood,Reefer,DBGT,7,0,0,0,0,0,0.772,19.2
TUTU7017812,Import,Electronics,Dry,DBGT,12,3,0,0,1,0,0.89,90.6
TUTU2040523,Export,Salt,Dry,DBGT,1,2,0,0,0,0,0.822,44.5
TUTU6711556,Import,Coal,Dry,DBGT,1,0,0,0,0,0,0.842,75.6
TUTU3549653,Import,Electronics,Dry,DBGT,1,3,0,0,0,0,0.861,68.2
TUTU4722739,Import,Coal,Dry,DBGT,12,3,0,0,1,0,0.812,90.5
TUTU6652513,Import,Timber,Dry,PSA_SICAL,10,6,1,0,1,0,0.772,90.2
TUTU8126514,Export,Seafood,Reefer,PSA_SICAL,6,6,1,0,0,0,0.816,33.8
TUTU3356298,Import,Coal,Dry,DBGT,1,4,0,0,0,0,0.823,77.3
TUTU5289246,Export,Seafood,Reefer,DBGT,6,4,0,0,0,0,0.901,36.6
TUTU6486179,Export,Seafood,Reefer,PSA_SICAL,1,0,0,0,0,0,0.814,24.7
TUTU3147884,Import,Seafood,Reefer,DBGT,8,6,1,0,0,1,0.852,84.2
TUTU3161794,Import,Timber,Dry,DBGT,3,5,1,0,0,0,0.81,70.7
TUTU3416150,Export,Seafood,Reefer,DBGT,3,3,0,0,0,0,0.895,35.3
TUTU4303662,Import,Timber,Dry,PSA_SICAL,7,2,0,0,0,0,0.829,66.5
TUTU4258822,Export,Salt,Dry,DBGT,8,0,0,0,0,1,0.734,68.0
TUTU4266426,Export,Textiles,Dry,DBGT,6,4,0,0,0,0,0.923,64.0
TUTU1034303,Export,Seafood,Reefer,DBGT,6,2,0,0,0,0,0.828,20.8
TUTU6585947,Export,Electronics,Dry,DBGT,2,0,0,0,0,1,0.859,74.8
TUTU9205975,Import,Timber,Dry,PSA_SICAL,10,4,0,0,1,0,0.824,87.8
TUTU2246947,Export,Machinery,ODC,PSA_SICAL,7,4,0,0,0,0,0.842,57.7
TUTU3072071,Export,Granite,Dry,PSA_SICAL,12,3,0,0,1,0,0.763,55.1
TUTU2443454,Export,Granite,Dry,DBGT,9,0,0,0,0,0,0.874,53.0
TUTU1727296,Import,Electronics,Dry,PSA_SICAL,10,2,0,0,1,0,0.831,86.5
TUTU6423500,Export,Granite,Dry,PSA_SICAL,5,6,1,0,0,0,0.776,57.7
TUTU2660536,Export,Electronics,Dry,PSA_SICAL,7,1,0,0,0,0,0.823,43.1
TUTU8495848,Export,Seafood,Reefer,PSA_SICAL,6,3,0,0,0,0,0.843,26.5
TUTU1238878,Export,Seafood,Reefer,DBGT,12,3,0,0,1,0,0.839,29.2
TUTU9842713,Export,Salt,Dry,PSA_SICAL,2,2,0,0,0,0,0.799,39.6
TUTU8237803,Import,Coal,Dry,DBGT,11,4,0,0,1,0,0.838,94.1
TUTU6707751,Export,Sugar,Dry,DBGT,2,4,0,0,0,0,0.904,55.1
TUTU3690684,Export,Seafood,Reefer,DBGT,2,4,0,0,0,0,0.874,32.4
TUTU9979961,Export,Sugar,Dry,DBGT,6,3,0,0,0,0,0.742,35.2
TUTU9860042,Import,Chemicals,Hazardous,DBGT,3,5,1,0,0,1,0.819,119.4
TUTU3525597,Import,Timber,Dry,PSA_SICAL,8,1,0,0,0,0,0.851,77.6
TUTU9096225,Import,Electronics,Dry,DBGT,7,3,0,0,0,0,0.846,67.8
TUTU9914039,Import,Chemicals,Hazardous,PSA_SICAL,6,4,0,0,0,0,0.825,97.6
TUTU3893458,Export,Electronics,Dry,DBGT,6,1,0,1,0,0,0.783,58.7
TUTU7939224,Export,Seafood,Reefer,PSA_SICAL,5,3,0,0,0,0,0.841,25.9
TUTU8521617,Export,Electronics,Dry,DBGT,12,6,1,0,1,0,0.915,77.9
TUTU4495656,Export,Machinery,ODC,DBGT,9,5,1,0,0,0,0.807,59.0
TUTU4167543,Import,Timber,Dry,DBGT,7,4,0,0,0,0,0.858,75.5
TUTU4678486,Export,Electronics,Dry,PSA_SICAL,12,0,0,0,1,0,0.887,70.8
TUTU3981241,Import,Seafood,Reefer,PSA_SICAL,6,0,0,0,0,0,0.841,48.9
TUTU1996280,Export,Granite,Dry,PSA_SICAL,6,1,0,0,0,0,0.879,53.4
TUTU5053859,Export,Seafood,Reefer,DBGT,9,0,0,0,0,0,0.837,26.9
TUTU6205793,Import,Chemicals,Hazardous,PSA_SICAL,5,5,1,0,0,0,0.777,87.0
TUTU7274220,Import,Machinery,ODC,DBGT,3,6,1,0,0,0,0.889,95.5
TUTU2209086,Import,Machinery,ODC,PSA_SICAL,10,3,0,0,1,1,0.824,135.8
TUTU8722172,Export,Electronics,Dry,PSA_SICAL,1,6,1,0,0,0,0.865,52.3
TUTU8150299,Export,Machinery,ODC,PSA_SICAL,12,0,0,0,1,0,0.814,63.9
TUTU8388913,Import,Coal,Dry,DBGT,5,2,0,0,0,0,0.805,69.0
TUTU3213998,Import,Machinery,ODC,DBGT,1,6,1,1,0,1,0.876,145.8
TUTU1301870,Export,Salt,Dry,DBGT,11,1,0,0,1,1,0.881,104.1
TUTU2638030,Import,Chemicals,Hazardous,PSA_SICAL,3,6,1,0,0,0,0.809,88.9
TUTU3833095,Export,Electronics,Dry,PSA_SICAL,9,6,1,0,0,1,0.846,84.8
TUTU2356521,Export,Seafood,Reefer,PSA_SICAL,11,6,1,0,1,0,0.8,40.8
TUTU1958940,Export,Granite,Dry,DBGT,3,6,1,0,0,0,0.884,59.6
TUTU2151679,Import,Coal,Dry,DBGT,10,0,0,0,1,0,0.806,89.7
TUTU1666739,Export,Seafood,Reefer,PSA_SICAL,10,0,0,0,1,0,0.852,29.2
TUTU5588656,Export,Sugar,Dry,PSA_SICAL,7,0,0,0,0,0,0.842,45.4
TUTU5230942,Export,Textiles,Dry,DBGT,9,4,0,0,0,0,0.896,53.3
TUTU7597605,Import,Seafood,Reefer,DBGT,2,5,1,0,0,0,0.788,41.3
TUTU4003217,Export,Sugar,Dry,PSA_SICAL,7,6,1,0,0,0,0.838,50.1
TUTU9578062,Export,Electronics,Dry,DBGT,1,3,0,0,0,0,0.877,51.6
TUTU9478211,Export,Electronics,Dry,DBGT,10,5,1,0,1,0,0.848,64.8
TUTU6934810,Import,Coal,Dry,PSA_SICAL,3,1,0,0,0,0,0.804,73.8
TUTU5492385,Export,Machinery,ODC,DBGT,10,6,1,0,1,0,0.756,69.5
TUTU9061420,Export,Granite,Dry,DBGT,11,2,0,0,1,1,0.815,97.3
TUTU7610325,Import,Coal,Dry,PSA_SICAL,4,1,0,0,0,0,0.82,71.8
TUTU4674416,Export,Salt,Dry,PSA_SICAL,12,3,0,0,1,0,0.819,46.5
TUTU4017451,Export,Salt,Dry,DBGT,11,2,0,0,1,0,0.764,41.7
TUTU5596117,Export,Granite,Dry,PSA_SICAL,2,6,1,0,0,0,0.835,45.2
TUTU3271548,Export,Seafood,Reefer,DBGT,6,2,0,0,0,0,0.908,42.2
TUTU3060909,Export,Electronics,Dry,PSA_SICAL,12,6,1,0,1,0,0.839,56.7
TUTU6562925,Import,Machinery,ODC,DBGT,12,4,0,0,1,0,0.767,93.8
TUTU5533587,Import,Chemicals,Hazardous,PSA_SICAL,6,0,0,0,0,0,0.831,82.9
TUTU1239603,Import,Chemicals,Hazardous,PSA_SICAL,11,1,0,0,1,0,0.777,98.8
TUTU4530026,Export,Seafood,Reefer,DBGT,4,1,0,0,0,0,0.781,21.4
TUTU5671663,Import,EdibleOil,LiquidBulk,PSA_SICAL,3,2,0,0,0,0,0.748,70.5
TUTU5050305,Export,Sugar,Dry,DBGT,6,0,0,0,0,1,0.822,69.1
TUTU8532814,Import,Coal,Dry,DBGT,5,5,1,0,0,1,0.846,109.3
TUTU4651261,Import,Electronics,Dry,DBGT,3,0,0,0,0,0,0.765,66.7
TUTU3831291,Export,Sugar,Dry,PSA_SICAL,8,0,0,0,0,0,0.833,41.7
TUTU6241610,Export,Seafood,Reefer,PSA_SICAL,1,1,0,0,0,0,0.742,24.7
TUTU8884558,Export,Seafood,Reefer,DBGT,6,6,1,0,0,0,0.842,30.3
TUTU7965834,Import,Chemicals,Hazardous,DBGT,8,0,0,0,0,1,0.886,123.5
TUTU3365442,Export,Seafood,Reefer,PSA_SICAL,6,1,0,0,0,0,0.861,37.6
TUTU3035335,Export,Granite,Dry,DBGT,4,6,1,0,0,0,0.793,43.2
TUTU5092061,Export,Granite,Dry,PSA_SICAL,6,5,1,1,0,0,0.827,77.2
TUTU5791262,Import,Machinery,ODC,PSA_SICAL,3,5,1,0,0,0,0.799,82.5
TUTU7637498,Export,Salt,Dry,DBGT,3,1,0,0,0,0,0.786,34.9
TUTU4691116,Export,Sugar,Dry,DBGT,11,3,0,0,1,0,0.859,59.0
TUTU1858197,Export,Salt,Dry,DBGT,9,4,0,0,0,1,0.786,64.7
TUTU2402171,Export,Textiles,Dry,PSA_SICAL,7,5,1,0,0,0,0.775,48.1
TUTU1857825,Export,Granite,Dry,DBGT,3,2,0,0,0,0,0.791,44.6
TUTU2190085,Import,Coal,Dry,DBGT,7,5,1,0,0,1,0.78,102.0
TUTU2201320,Import,Coal,Dry,DBGT,8,2,0,0,0,1,0.896,120.0
TUTU8360757,Import,Timber,Dry,DBGT,6,1,0,0,0,0,0.786,70.8
TUTU6651298,Import,EdibleOil,LiquidBulk,DBGT,5,4,0,0,0,0,0.862,81.1
TUTU3705655,Export,Seafood,Reefer,DBGT,9,3,0,0,0,0,0.755,23.7
TUTU9722734,Export,Seafood,Reefer,PSA_SICAL,12,3,0,0,1,0,0.756,20.5
TUTU6578135,Export,Seafood,Reefer,PSA_SICAL,7,3,0,0,0,0,0.866,31.1
TUTU6466022,Export,Seafood,Reefer,PSA_SICAL,7,2,0,0,0,1,0.811,63.8
TUTU6858516,Import,Coal,Dry,PSA_SICAL,2,4,0,0,0,0,0.783,76.9
TUTU1828609,Import,Coal,Dry,DBGT,3,3,0,0,0,1,0.883,118.8
TUTU7193836,Export,Granite,Dry,PSA_SICAL,5,1,0,0,0,0,0.807,44.7
TUTU1177659,Export,Textiles,Dry,PSA_SICAL,4,2,0,0,0,0,0.869,51.4
TUTU1684624,Export,Sugar,Dry,PSA_SICAL,5,1,0,0,0,0,0.807,36.3
TUTU7913021,Import,Chemicals,Hazardous,DBGT,2,5,1,0,0,0,0.887,100.3
TUTU8651264,Import,EdibleOil,LiquidBulk,PSA_SICAL,8,3,0,0,0,0,0.811,78.5
TUTU2647068,Export,Machinery,ODC,DBGT,12,5,1,0,1,0,0.933,93.1
TUTU1688976,Import,EdibleOil,LiquidBulk,PSA_SICAL,4,1,0,0,0,1,0.815,102.2
TUTU5229112,Export,Sugar,Dry,DBGT,5,4,0,0,0,0,0.74,37.8
TUTU9295460,Export,Granite,Dry,PSA_SICAL,2,3,0,0,0,0,0.72,48.4
TUTU5035575,Import,Electronics,Dry,PSA_SICAL,12,6,1,0,1,1,0.932,134.9
TUTU2701129,Export,Salt,Dry,DBGT,3,5,1,0,0,0,0.854,91.0
TUTU7528635,Export,Granite,Dry,PSA_SICAL,3,1,0,0,0,0,0.687,45.5
TUTU1617199,Export,Salt,Dry,PSA_SICAL,7,2,0,0,0,0,0.814,44.8
TUTU3394293,Import,Machinery,ODC,PSA_SICAL,6,5,1,0,0,0,0.917,99.5
TUTU7564085,Export,Seafood,Reefer,PSA_SICAL,1,1,0,0,0,0,0.864,32.3
TUTU9177275,Import,Machinery,ODC,DBGT,7,6,1,0,0,1,0.852,114.6
TUTU8520912,Export,Electronics,Dry,PSA_SICAL,7,3,0,0,0,0,0.805,43.9
TUTU4832713,Export,Salt,Dry,PSA_SICAL,5,3,0,0,0,0,0.743,44.4
TUTU2150982,Import,Timber,Dry,PSA_SICAL,2,3,0,0,0,0,0.845,72.4
TUTU2711031,Export,Granite,Dry,DBGT,7,5,1,0,0,0,0.82,60.6
TUTU4932648,Export,Machinery,ODC,PSA_SICAL,7,2,0,0,0,0,0.903,73.6
TUTU2693915,Export,Machinery,ODC,PSA_SICAL,6,1,0,0,0,0,0.894,69.6
TUTU8876372,Export,Sugar,Dry,PSA_SICAL,9,3,0,0,0,0,0.802,40.3
TUTU1070053,Import,Chemicals,Hazardous,DBGT,2,5,1,0,0,0,0.767,86.4
TUTU9584312,Import,Coal,Dry,PSA_SICAL,4,2,0,0,0,0,0.784,68.0
TUTU5000388,Export,Salt,Dry,PSA_SICAL,2,2,0,0,0,0,0.85,46.3
TUTU4214723,Export,Seafood,Reefer,PSA_SICAL,1,6,1,0,0,0,0.867,41.2
TUTU4057581,Import,Chemicals,Hazardous,PSA_SICAL,7,1,0,0,0,0,0.797,76.1
TUTU2643587,Import,EdibleOil,LiquidBulk,PSA_SICAL,11,4,0,0,1,0,0.853,99.0
TUTU9269606,Import,Electronics,Dry,PSA_SICAL,11,0,0,1,1,0,0.877,114.3
TUTU8358175,Import,Timber,Dry,PSA_SICAL,4,5,1,0,0,0,0.88,84.6
TUTU5797500,Import,Coal,Dry,PSA_SICAL,1,2,0,0,0,0,0.805,78.2
TUTU2552881,Import,Machinery,ODC,PSA_SICAL,5,0,0,0,0,1,0.872,115.8
TUTU4590294,Export,Granite,Dry,PSA_SICAL,3,2,0,0,0,0,0.709,41.1
TUTU4045114,Import,Coal,Dry,PSA_SICAL,1,5,1,0,0,0,0.834,81.0
TUTU6308925,Import,Electronics,Dry,PSA_SICAL,11,1,0,0,1,0,0.802,76.6
TUTU8192374,Import,Electronics,Dry,PSA_SICAL,7,1,0,0,0,1,0.898,104.0
TUTU1604204,Export,Granite,Dry,DBGT,3,6,1,0,0,0,0.835,51.3
TUTU6928035,Import,EdibleOil,LiquidBulk,PSA_SICAL,9,2,0,0,0,0,0.736,68.8
TUTU6550960,Export,Granite,Dry,DBGT,11,4,0,1,1,0,0.8,82.5
TUTU1152199,Export,Seafood,Reefer,DBGT,9,0,0,0,0,0,0.804,19.8
TUTU3412261,Export,Seafood,Reefer,PSA_SICAL,9,0,0,0,0,0,0.874,35.5
TUTU7366024,Export,Textiles,Dry,PSA_SICAL,6,1,0,0,0,0,0.848,47.4
TUTU5359116,Import,Electronics,Dry,PSA_SICAL,8,2,0,0,0,0,0.719,59.7
TUTU4354822,Export,Granite,Dry,DBGT,10,0,0,0,1,0,0.776,56.7
TUTU3330017,Import,Chemicals,Hazardous,DBGT,7,6,1,0,0,0,0.74,82.8
TUTU7480304,Import,Seafood,Reefer,PSA_SICAL,10,2,0,0,1,1,0.776,86.7
TUTU1264100,Export,Granite,Dry,PSA_SICAL,12,5,1,0,1,1,0.817,111.4
TUTU1886975,Import,Chemicals,Hazardous,PSA_SICAL,2,5,1,0,0,0,0.792,93.8
TUTU1711279,Import,Electronics,Dry,DBGT,7,3,0,0,0,0,0.819,62.1
TUTU1460268,Export,Sugar,Dry,PSA_SICAL,2,3,0,0,0,0,0.863,50.1
TUTU1581643,Export,Seafood,Reefer,PSA_SICAL,6,1,0,0,0,0,0.76,17.7
TUTU4793778,Export,Granite,Dry,DBGT,1,1,0,0,0,1,0.884,82.4
TUTU8497041,Import,Machinery,ODC,PSA_SICAL,9,0,0,0,0,0,0.773,68.7
TUTU6924984,Import,EdibleOil,LiquidBulk,DBGT,3,1,0,0,0,0,0.835,80.9
TUTU8093402,Import,Machinery,ODC,PSA_SICAL,11,6,1,0,1,0,0.811,104.0
TUTU8049969,Export,Seafood,Reefer,PSA_SICAL,6,0,0,0,0,0,0.895,40.6
TUTU7542838,Import,Seafood,Reefer,PSA_SICAL,12,3,0,0,1,0,0.861,60.8
TUTU1792516,Import,Chemicals,Hazardous,DBGT,10,0,0,0,1,0,0.793,98.5
TUTU5301258,Import,EdibleOil,LiquidBulk,PSA_SICAL,1,6,1,0,0,0,0.897,96.1
TUTU3615541,Export,Granite,Dry,PSA_SICAL,7,4,0,0,0,0,0.765,38.7
TUTU3064797,Export,Sugar,Dry,DBGT,6,6,1,0,0,0,0.77,34.8
TUTU2234367,Import,Chemicals,Hazardous,DBGT,4,5,1,0,0,0,0.805,78.0
TUTU3745045,Export,Sugar,Dry,PSA_SICAL,10,3,0,0,1,0,0.907,90.2
TUTU6555557,Import,Machinery,ODC,DBGT,4,1,0,0,0,1,0.853,119.5
TUTU3998945,Import,Electronics,Dry,DBGT,10,5,1,0,1,0,0.88,99.9
TUTU4023290,Export,Granite,Dry,DBGT,11,0,0,0,1,1,0.812,95.5
TUTU7763174,Import,Timber,Dry,PSA_SICAL,8,5,1,0,0,0,0.791,67.3
TUTU1832193,Import,Coal,Dry,PSA_SICAL,6,1,0,0,0,0,0.76,64.3
TUTU3253304,Export,Textiles,Dry,DBGT,7,0,0,0,0,0,0.793,47.3
TUTU1584280,Import,Chemicals,Hazardous,PSA_SICAL,11,2,0,0,1,0,0.763,97.3
TUTU2305017,Import,Machinery,ODC,PSA_SICAL,1,0,0,0,0,0,0.86,85.3
TUTU5703937,Export,Electronics,Dry,PSA_SICAL,8,6,1,0,0,0,0.855,50.3
TUTU7737542,Import,Chemicals,Hazardous,PSA_SICAL,7,1,0,0,0,0,0.847,91.7
TUTU8450156,Import,Timber,Dry,PSA_SICAL,12,1,0,0,1,0,0.897,96.1
TUTU6379283,Export,Sugar,Dry,PSA_SICAL,12,1,0,0,1,0,0.802,49.1
TUTU1899867,Import,Seafood,Reefer,PSA_SICAL,5,0,0,0,0,0,0.779,45.2
TUTU7472700,Export,Seafood,Reefer,PSA_SICAL,1,1,0,0,0,0,0.809,22.1
TUTU7731532,Export,Machinery,ODC,DBGT,4,0,0,0,0,0,0.826,57.2
TUTU7472688,Export,Textiles,Dry,DBGT,11,5,1,0,1,0,0.827,63.1
TUTU6091548,Import,Timber,Dry,PSA_SICAL,10,1,0,0,1,1,0.818,134.3
TUTU2130525,Export,Textiles,Dry,PSA_SICAL,4,4,0,0,0,1,0.831,82.8
TUTU9136413,Export,Electronics,Dry,PSA_SICAL,1,5,1,0,0,0,0.834,45.7
TUTU1449421,Export,Machinery,ODC,PSA_SICAL,3,5,1,0,0,0,0.875,69.5
TUTU6621134,Export,Granite,Dry,DBGT,1,0,0,0,0,0,0.793,41.0
TUTU4510100,Import,Machinery,ODC,DBGT,10,3,0,1,1,0,0.814,126.2
TUTU9471365,Export,Granite,Dry,DBGT,11,2,0,0,1,1,0.86,103.9
TUTU9334469,Export,Salt,Dry,DBGT,7,3,0,0,0,0,0.792,36.5
TUTU3672363,Import,Chemicals,Hazardous,DBGT,11,6,1,0,1,0,0.832,109.2
TUTU9698505,Import,Machinery,ODC,DBGT,1,1,0,0,0,0,0.759,72.9
TUTU1843821,Import,Coal,Dry,PSA_SICAL,4,2,0,0,0,0,0.749,65.1
TUTU7682266,Import,EdibleOil,LiquidBulk,DBGT,5,5,1,0,0,0,0.797,79.5
TUTU9435226,Export,Machinery,ODC,PSA_SICAL,7,4,0,0,0,1,0.801,79.2
TUTU9945015,Export,Sugar,Dry,PSA_SICAL,8,5,1,0,0,1,0.752,72.4
TUTU6758468,Import,Timber,Dry,PSA_SICAL,7,6,1,0,0,1,0.924,123.0
TUTU2209676,Export,Seafood,Reefer,DBGT,7,1,0,0,0,0,0.844,26.5
TUTU8297592,Import,Chemicals,Hazardous,DBGT,2,1,0,0,0,0,0.833,84.2
TUTU3912623,Export,Salt,Dry,PSA_SICAL,6,2,0,0,0,0,0.814,42.3
TUTU5955513,Export,Seafood,Reefer,PSA_SICAL,8,5,1,0,0,1,0.773,56.3
TUTU6301110,Export,Granite,Dry,DBGT,5,6,1,0,0,0,0.814,46.4
TUTU6608877,Import,Timber,Dry,DBGT,11,6,1,0,1,0,0.85,93.1
TUTU2876960,Import,EdibleOil,LiquidBulk,DBGT,6,4,0,0,0,0,0.84,80.8
TUTU9810701,Export,Machinery,ODC,DBGT,5,4,0,0,0,0,0.839,62.9
TUTU5219819,Export,Granite,Dry,PSA_SICAL,3,2,0,0,0,1,0.794,68.2
TUTU9989654,Import,Machinery,ODC,PSA_SICAL,4,0,0,0,0,0,0.773,78.1
TUTU2384214,Export,Textiles,Dry,PSA_SICAL,7,3,0,0,0,0,0.771,40.8
TUTU1542261,Export,Salt,Dry,DBGT,12,3,0,0,1,0,0.819,47.0
TUTU3247519,Export,Salt,Dry,PSA_SICAL,6,1,0,0,0,0,0.749,33.3
TUTU3035035,Import,Chemicals,Hazardous,DBGT,5,4,0,0,0,0,0.829,83.1
TUTU1725319,Import,Machinery,ODC,DBGT,1,3,0,0,0,0,0.808,77.1
TUTU9059041,Export,Granite,Dry,DBGT,8,1,0,0,0,0,0.841,48.4
TUTU2981310,Export,Salt,Dry,PSA_SICAL,4,3,0,0,0,0,0.795,36.0
TUTU3761168,Export,Sugar,Dry,PSA_SICAL,6,3,0,0,0,0,0.804,38.8
TUTU1802752,Export,Seafood,Reefer,PSA_SICAL,12,5,1,0,1,0,0.765,21.4
TUTU3525139,Export,Seafood,Reefer,PSA_SICAL,12,3,0,0,1,0,0.873,42.4
TUTU7716618,Export,Granite,Dry,PSA_SICAL,9,1,0,0,0,0,0.855,54.3
TUTU1141851,Export,Electronics,Dry,DBGT,3,5,1,0,0,0,0.912,68.1
TUTU9968910,Import,Coal,Dry,DBGT,8,0,0,0,0,0,0.827,74.0
TUTU6385561,Export,Seafood,Reefer,DBGT,5,3,0,0,0,0,0.861,30.1
TUTU8970068,Import,Electronics,Dry,PSA_SICAL,11,1,0,0,1,0,0.805,76.8
TUTU7968256,Export,Seafood,Reefer,PSA_SICAL,4,5,1,0,0,0,0.778,30.7
TUTU3550007,Export,Sugar,Dry,PSA_SICAL,7,4,0,0,0,1,0.828,71.7
TUTU9631952,Export,Granite,Dry,DBGT,1,0,0,0,0,0,0.879,58.0
TUTU9513420,Import,Machinery,ODC,PSA_SICAL,4,1,0,0,0,0,0.881,100.0
TUTU8740700,Export,Seafood,Reefer,DBGT,10,2,0,0,1,0,0.876,38.4
TUTU9377852,Export,Granite,Dry,DBGT,12,6,1,0,1,0,0.81,59.4
TUTU8060892,Import,Seafood,Reefer,PSA_SICAL,11,6,1,0,1,0,0.821,61.6
TUTU9259562,Import,Chemicals,Hazardous,PSA_SICAL,8,1,0,0,0,0,0.9,96.4
TUTU1213528,Export,Textiles,Dry,PSA_SICAL,9,4,0,0,0,0,0.709,35.2
TUTU8296804,Export,Seafood,Reefer,PSA_SICAL,1,0,0,0,0,0,0.779,23.2
TUTU5610503,Import,Coal,Dry,PSA_SICAL,10,5,1,0,1,1,0.81,134.4
TUTU3084641,Export,Salt,Dry,DBGT,7,2,0,0,0,1,0.802,66.8
TUTU6611274,Export,Salt,Dry,DBGT,4,6,1,0,0,0,0.797,38.3
TUTU7418412,Import,Chemicals,Hazardous,PSA_SICAL,4,2,0,0,0,0,0.748,80.9
TUTU5733859,Import,Electronics,Dry,PSA_SICAL,3,1,0,1,0,0,0.854,94.9
TUTU2689250,Import,Chemicals,Hazardous,DBGT,9,5,1,0,0,0,0.845,95.8
TUTU2115647,Import,Coal,Dry,PSA_SICAL,4,6,1,0,0,0,0.816,77.4
TUTU5007705,Export,Seafood,Reefer,DBGT,12,5,1,0,1,1,0.789,79.2
TUTU1208242,Export,Seafood,Reefer,DBGT,3,6,1,0,0,0,0.87,30.8
TUTU1242894,Import,Machinery,ODC,DBGT,6,5,1,0,0,0,0.762,81.9
TUTU6006047,Export,Sugar,Dry,PSA_SICAL,7,6,1,0,0,0,0.736,44.0
TUTU2961054,Export,Textiles,Dry,DBGT,8,1,0,0,0,0,0.858,50.2
TUTU1132468,Export,Textiles,Dry,PSA_SICAL,3,6,1,0,0,0,0.849,52.6
TUTU1644440,Import,Electronics,Dry,PSA_SICAL,9,3,0,0,0,0,0.797,60.9
TUTU4443622,Import,Timber,Dry,PSA_SICAL,9,1,0,0,0,0,0.89,85.1
TUTU4022599,Export,Sugar,Dry,DBGT,6,0,0,0,0,0,0.828,43.2
TUTU5344236,Import,Chemicals,Hazardous,PSA_SICAL,10,3,0,0,1,0,0.916,117.6
TUTU9698681,Export,Seafood,Reefer,DBGT,3,0,0,0,0,0,0.977,54.4
TUTU7894005,Import,Chemicals,Hazardous,DBGT,10,4,0,0,1,0,0.924,117.0
TUTU7788874,Export,Machinery,ODC,DBGT,10,5,1,0,1,0,0.806,85.7
TUTU1759560,Export,Seafood,Reefer,PSA_SICAL,11,0,0,0,1,0,0.795,29.7
TUTU1017696,Export,Granite,Dry,PSA_SICAL,5,1,0,0,0,1,0.828,80.3
TUTU4936019,Export,Seafood,Reefer,DBGT,11,1,0,0,1,0,0.822,27.2
TUTU7621254,Export,Sugar,Dry,PSA_SICAL,11,4,0,0,1,0,0.797,50.7
TUTU2665902,Export,Seafood,Reefer,DBGT,9,4,0,0,0,0,0.837,23.1
TUTU4473707,Export,Seafood,Reefer,DBGT,7,5,1,0,0,0,0.881,43.8
TUTU9736751,Import,Chemicals,Hazardous,DBGT,7,2,0,0,0,0,0.703,80.1
TUTU2156777,Import,Timber,Dry,PSA_SICAL,2,0,0,0,0,0,0.857,84.4
TUTU4842208,Export,Salt,Dry,DBGT,4,2,0,0,0,0,0.746,33.9
TUTU2137393,Import,Electronics,Dry,PSA_SICAL,1,6,1,0,0,0,0.794,70.2
TUTU8238971,Import,Machinery,ODC,PSA_SICAL,12,5,1,0,1,0,0.801,96.4
TUTU9414765,Export,Sugar,Dry,PSA_SICAL,5,1,0,0,0,1,0.836,72.4
TUTU6966879,Import,Chemicals,Hazardous,PSA_SICAL,10,4,0,0,1,0,0.913,122.8
TUTU9778983,Import,Machinery,ODC,DBGT,8,6,1,0,0,0,0.777,93.7
TUTU4207476,Export,Granite,Dry,PSA_SICAL,1,5,1,0,0,0,0.806,47.7
TUTU7225536,Export,Granite,Dry,PSA_SICAL,12,0,0,0,1,0,0.89,65.8
TUTU9021298,Import,Seafood,Reefer,PSA_SICAL,5,5,1,0,0,0,0.841,52.1
TUTU7994440,Import,Coal,Dry,DBGT,12,3,0,0,1,1,0.817,132.5
TUTU7833531,Import,Timber,Dry,PSA_SICAL,5,2,0,0,0,0,0.751,64.1
TUTU1648747,Export,Machinery,ODC,PSA_SICAL,11,4,0,0,1,0,0.869,75.9
TUTU8609996,Export,Seafood,Reefer,DBGT,7,5,1,0,0,1,0.733,60.6
TUTU8305846,Export,Salt,Dry,DBGT,3,1,0,0,0,0,0.809,34.5
TUTU4668894,Export,Seafood,Reefer,PSA_SICAL,5,0,0,0,0,0,0.879,38.5
TUTU4670013,Export,Granite,Dry,PSA_SICAL,9,3,0,0,0,0,0.816,45.6
TUTU5911008,Export,Machinery,ODC,PSA_SICAL,2,1,0,0,0,1,0.853,91.2
TUTU1046126,Export,Textiles,Dry,DBGT,7,6,1,0,0,0,0.816,57.8
TUTU8674896,Export,Textiles,Dry,DBGT,1,6,1,0,0,0,0.852,59.0
TUTU8586989,Export,Electronics,Dry,PSA_SICAL,8,6,1,0,0,0,0.831,51.2
TUTU7161326,Export,Seafood,Reefer,PSA_SICAL,8,3,0,0,0,1,0.819,66.4
TUTU1772919,Export,Salt,Dry,DBGT,3,1,0,0,0,0,0.806,40.8
TUTU5051599,Import,Machinery,ODC,DBGT,7,3,0,0,0,0,0.794,73.7
TUTU7737087,Export,Seafood,Reefer,PSA_SICAL,4,5,1,0,0,0,0.821,27.9
TUTU8490344,Export,Granite,Dry,DBGT,7,2,0,0,0,0,0.784,39.2
TUTU2210949,Import,Coal,Dry,PSA_SICAL,7,0,0,0,0,1,0.83,106.6
TUTU9213211,Export,Sugar,Dry,PSA_SICAL,3,4,0,0,0,0,0.806,36.1
TUTU4748856,Import,Chemicals,Hazardous,PSA_SICAL,1,0,0,0,0,0,0.874,91.9
TUTU8196624,Export,Seafood,Reefer,PSA_SICAL,6,3,0,0,0,0,0.771,17.3
TUTU7477056,Import,Seafood,Reefer,PSA_SICAL,6,1,0,0,0,1,0.727,71.7
TUTU4303058,Import,Chemicals,Hazardous,PSA_SICAL,7,0,0,0,0,0,0.824,80.7
TUTU3638034,Export,Seafood,Reefer,DBGT,6,0,0,0,0,1,0.828,62.6
TUTU7467919,Import,Coal,Dry,PSA_SICAL,4,5,1,0,0,1,0.824,104.8
TUTU7381456,Export,Textiles,Dry,DBGT,5,3,0,0,0,0,0.863,48.1
TUTU4319758,Export,Seafood,Reefer,PSA_SICAL,11,0,0,0,1,0,0.791,21.5
TUTU2064390,Import,Chemicals,Hazardous,DBGT,12,1,0,0,1,1,0.929,158.8
TUTU7549187,Import,Seafood,Reefer,PSA_SICAL,9,0,0,0,0,0,0.834,47.0
TUTU9867339,Import,Coal,Dry,DBGT,4,6,1,0,0,0,0.872,88.1
TUTU1625761,Export,Salt,Dry,PSA_SICAL,2,3,0,0,0,0,0.805,43.9
TUTU1706774,Import,Coal,Dry,PSA_SICAL,1,1,0,0,0,0,0.751,67.5
TUTU1440597,Import,Chemicals,Hazardous,PSA_SICAL,4,0,0,0,0,0,0.837,87.7
TUTU4062052,Import,Timber,Dry,PSA_SICAL,8,3,0,0,0,0,0.846,73.7
TUTU9090410,Import,Seafood,Reefer,PSA_SICAL,8,5,1,0,0,0,0.865,61.5
TUTU6541630,Import,Timber,Dry,PSA_SICAL,5,5,1,0,0,1,0.848,109.9
TUTU6066537,Export,Seafood,Reefer,PSA_SICAL,1,3,0,0,0,0,0.787,24.4
TUTU3825795,Export,Granite,Dry,DBGT,2,0,0,0,0,0,0.817,46.7
TUTU5480625,Import,Machinery,ODC,PSA_SICAL,7,2,0,0,0,0,0.81,74.2
TUTU7001805,Export,Seafood,Reefer,DBGT,10,0,0,0,1,0,0.804,29.0
TUTU5555128,Export,Sugar,Dry,DBGT,9,6,1,0,0,0,0.779,51.8
TUTU9602158,Export,Sugar,Dry,PSA_SICAL,4,0,0,0,0,0,0.835,48.2
TUTU3672644,Export,Sugar,Dry,PSA_SICAL,6,6,1,0,0,0,0.783,52.7
TUTU6517823,Import,Timber,Dry,PSA_SICAL,11,3,0,1,1,0,0.777,109.2
TUTU6444650,Import,Electronics,Dry,DBGT,10,2,0,0,1,0,0.859,93.6
TUTU4170146,Export,Granite,Dry,PSA_SICAL,11,3,0,0,1,0,0.88,66.3
TUTU7759587,Import,Coal,Dry,DBGT,10,4,0,0,1,0,0.783,86.3
TUTU4374073,Export,Seafood,Reefer,PSA_SICAL,11,6,1,0,1,0,0.776,26.4
TUTU4323156,Export,Machinery,ODC,PSA_SICAL,7,5,1,0,0,0,0.74,61.7
TUTU2368776,Export,Machinery,ODC,DBGT,2,1,0,0,0,0,0.809,58.0
TUTU8428763,Export,Sugar,Dry,PSA_SICAL,3,3,0,0,0,0,0.873,46.3
TUTU1201304,Export,Seafood,Reefer,PSA_SICAL,4,1,0,0,0,0,0.774,17.3
TUTU1248579,Import,Coal,Dry,DBGT,7,3,0,0,0,0,0.852,78.3
TUTU5272794,Export,Textiles,Dry,PSA_SICAL,3,2,0,0,0,0,0.798,43.4
TUTU6866910,Export,Salt,Dry,PSA_SICAL,4,3,0,0,0,0,0.906,55.6
TUTU6718913,Import,EdibleOil,LiquidBulk,PSA_SICAL,10,2,0,0,1,0,0.842,93.0
TUTU8507918,Export,Granite,Dry,PSA_SICAL,11,1,0,0,1,0,0.81,55.4
TUTU8913440,Export,Seafood,Reefer,DBGT,12,2,0,0,1,1,0.757,63.7
TUTU6057696,Export,Textiles,Dry,PSA_SICAL,9,3,0,0,0,0,0.749,38.5
TUTU2144136,Import,Seafood,Reefer,DBGT,9,0,0,0,0,0,0.894,56.1
TUTU1156951,Export,Seafood,Reefer,PSA_SICAL,4,4,0,0,0,1,0.87,63.3
TUTU9626396,Import,Timber,Dry,PSA_SICAL,3,1,0,0,0,0,0.868,75.3
TUTU1519904,Export,Seafood,Reefer,DBGT,5,1,0,0,0,0,0.894,37.6
TUTU2309309,Import,Machinery,ODC,PSA_SICAL,1,5,1,0,0,0,0.799,79.8
TUTU7675270,Export,Seafood,Reefer,PSA_SICAL,9,2,0,0,0,1,0.799,46.3
TUTU7313000,Import,Coal,Dry,PSA_SICAL,1,6,1,0,0,0,0.73,77.5
TUTU3930283,Export,Textiles,Dry,DBGT,10,1,0,0,1,0,0.787,49.4
TUTU2216315,Import,Coal,Dry,PSA_SICAL,2,2,0,0,0,0,0.793,71.5
TUTU4556730,Import,Coal,Dry,PSA_SICAL,2,0,0,0,0,0,0.837,88.0
TUTU3175055,Export,Sugar,Dry,DBGT,1,6,1,0,0,0,0.888,59.1
TUTU3005539,Import,Coal,Dry,PSA_SICAL,9,1,0,0,0,0,0.789,69.0
TUTU8606318,Export,Seafood,Reefer,PSA_SICAL,2,6,1,0,0,0,0.865,32.1
TUTU2908188,Export,Granite,Dry,PSA_SICAL,1,0,0,0,0,0,0.795,37.3
TUTU6940249,Import,Seafood,Reefer,DBGT,4,2,0,0,0,0,0.92,73.6
TUTU3820706,Import,Coal,Dry,PSA_SICAL,8,4,0,0,0,1,0.848,108.7
TUTU7240390,Import,Coal,Dry,DBGT,5,0,0,0,0,0,0.763,66.2
TUTU5927659,Export,Salt,Dry,DBGT,1,3,0,0,0,0,0.903,58.7
TUTU6101892,Export,Salt,Dry,PSA_SICAL,3,6,1,0,0,0,0.813,44.9
TUTU6742535,Export,Seafood,Reefer,DBGT,9,4,0,1,0,0,0.757,42.1
TUTU4456548,Import,Coal,Dry,DBGT,8,3,0,0,0,0,0.846,77.8
TUTU3417017,Export,Seafood,Reefer,DBGT,6,5,1,0,0,0,0.888,40.1
TUTU6928094,Import,Timber,Dry,PSA_SICAL,3,3,0,0,0,0,0.827,72.2
TUTU9626880,Export,Salt,Dry,PSA_SICAL,3,0,0,0,0,0,0.826,37.4
TUTU5722618,Import,Coal,Dry,DBGT,9,3,0,0,0,0,0.845,82.2
TUTU1791412,Import,Seafood,Reefer,PSA_SICAL,10,0,0,0,1,0,0.92,73.4
TUTU7979816,Export,Electronics,Dry,PSA_SICAL,10,0,0,0,1,0,0.813,44.4
TUTU3184342,Import,Machinery,ODC,PSA_SICAL,5,4,0,0,0,0,0.862,86.4
TUTU7762119,Import,Chemicals,Hazardous,PSA_SICAL,11,1,0,0,1,0,0.84,114.0
